
========== PERFECT NETWORK ==========
Generation: 132382
Network Structure: 2 layers of 10 Hidden Large MutationsScore: 100
Weights: [[[1.167935051383321, -7.13811227073227, 1.9544776802725479, -0.11624354638653428, 3.965371508913673, 3.1010014895201965, -4.481204240090961, 6.409190491015401, -1.9907057572072684], [-16.72448318843221, -1.2751546169332975, 6.316201248914602, 4.115314979370203, -5.798573332419675, -1.3406393264602827, -2.1633213095723236, 9.643958425323984, 2.368022063385186]], [[-26.51966005393254, -13.235572624550974], [5.420192661194016, 21.79918483257329], [-1.2609645971241785, 4.988017128875704], [0.8551107728762963, 2.3958658234415173], [-6.973018455027753, -8.932337624571078], [-5.03559685535267, 6.061542439934874], [4.094204373177945, -2.6104879760110076], [-43.918511628928094, -5.481133351565525], [2.546484385656801, 10.243481927543934]]]
Biases: [[0.40981995509797997, -15.37797091293956], [-7.421878345042079, -14.7041990023283, 1.5775122140929068, -1.2038953200325775, 5.197353230976698, 4.311546944177626, -9.666792198918888, 6.739988599161304, -5.273408814777723]]

========== PERFECT NETWORK ==========
Generation: 132383
Network Structure: 2 layers of 10 Hidden Large MutationsScore: 100
Weights: [[[1.167935051383321, -7.1141251766043005, 1.5947933670205132, -0.013934768296998412, 3.965371508913673, 3.1010014895201965, -4.481204240090961, 6.291731010344333, -1.9907057572072684], [-16.72448318843221, -1.2751546169332975, 6.316201248914602, 4.309457020456554, -5.798573332419675, -1.2140436315979333, -2.1633213095723236, 9.841634336347633, 2.368022063385186]], [[-26.51966005393254, -13.235572624550974], [5.420192661194016, 21.982289172046677], [-1.2609645971241785, 4.988017128875704], [0.7853554091419953, 2.3958658234415173], [-6.973018455027753, -8.932337624571078], [-5.03559685535267, 5.870029197067366], [4.094204373177945, -2.8087939558751027], [-43.311954292016864, -5.481133351565525], [2.7320369126214397, 10.072818870826268]]]
Biases: [[0.40981995509797997, -15.37797091293956], [-7.421878345042079, -14.7041990023283, 1.3971590818130664, -1.230215532396007, 5.192249612644761, 4.467358056589523, -9.666792198918888, 6.739988599161304, -5.376556474509265]]

========== PERFECT NETWORK ==========
Generation: 132384
Network Structure: 2 layers of 10 Hidden Large MutationsScore: 93
Weights: [[[1.167935051383321, -6.980749426427792, 1.9544776802725479, -0.11624354638653428, 3.965371508913673, 3.1010014895201965, -4.481204240090961, 6.291731010344333, -1.9907057572072684], [-16.72448318843221, -1.2751546169332975, 6.447375923096821, 4.115314979370203, -5.798573332419675, -1.2140436315979333, -2.336913992160599, 9.841634336347633, 2.2677986533859364]], [[-26.310706805229472, -13.390169838579652], [5.416066923132231, 21.79918483257329], [-1.2609645971241785, 5.193617935127241], [0.7721377634198374, 2.219231458598597], [-6.987726077160142, -8.932337624571078], [-5.03559685535267, 5.870029197067366], [4.094204373177945, -2.6104879760110076], [-43.918511628928094, -5.153168621872485], [2.546484385656801, 10.243481927543934]]]
Biases: [[0.40981995509797997, -15.237183642617717], [-7.548783588193901, -14.7041990023283, 1.3971590818130664, -1.2038953200325775, 5.192249612644761, 4.467358056589523, -9.666792198918888, 6.739988599161304, -5.376556474509265]]

========== PERFECT NETWORK ==========
Generation: 132385
Network Structure: 2 layers of 10 Hidden Large MutationsScore: 100
Weights: [[[1.167935051383321, -7.1141251766043005, 1.9232459750920505, -0.11624354638653428, 3.965371508913673, 3.1010014895201965, -4.481204240090961, 6.409190491015401, -1.9902698517697104], [-16.72448318843221, -1.2751546169332975, 6.447375923096821, 4.115314979370203, -5.798573332419675, -1.2140436315979333, -2.336913992160599, 9.643958425323984, 2.368022063385186]], [[-26.51966005393254, -13.017405724869928], [5.416066923132231, 21.79918483257329], [-1.2609645971241785, 5.158772351549715], [0.7721377634198374, 2.219231458598597], [-6.987726077160142, -8.932337624571078], [-5.03559685535267, 5.875477647996933], [4.094204373177945, -2.6104879760110076], [-43.918511628928094, -5.153168621872485], [2.7320369126214397, 10.243481927543934]]]
Biases: [[0.40981995509797997, -15.237183642617717], [-7.548783588193901, -14.7041990023283, 1.3971590818130664, -1.2038953200325775, 5.197353230976698, 4.467358056589523, -9.666792198918888, 6.739988599161304, -5.276479043954966]]

========== PERFECT NETWORK ==========
Generation: 132386
Network Structure: 2 layers of 10 Hidden Large MutationsScore: 100
Weights: [[[1.167935051383321, -7.13811227073227, 1.9544776802725479, -0.11624354638653428, 3.965371508913673, 3.1010014895201965, -4.481204240090961, 6.291731010344333, -1.9907057572072684], [-16.11466394051005, -1.2751546169332975, 6.272430992952828, 4.115314979370203, -5.675500650406403, -1.3406393264602827, -2.5349339493249765, 9.98705851327538, 2.368022063385186]], [[-26.51966005393254, -13.235572624550974], [5.420192661194016, 22.176174493229368], [-1.2609645971241785, 5.2650916966469214], [0.8411336411811627, 2.3366168482079925], [-6.973018455027753, -8.932337624571078], [-5.03559685535267, 5.870029197067366], [4.094204373177945, -2.6104879760110076], [-43.918511628928094, -5.481133351565525], [2.7320369126214397, 10.358187682281644]]]
Biases: [[0.40981995509797997, -15.37797091293956], [-7.548783588193901, -14.7041990023283, 1.5775122140929068, -1.2038953200325775, 5.192249612644761, 4.467358056589523, -9.666792198918888, 6.739988599161304, -5.252036518808943]]

========== PERFECT NETWORK ==========
Generation: 132387
Network Structure: 2 layers of 10 Hidden Large MutationsScore: 100
Weights: [[[1.167935051383321, -7.13811227073227, 1.9544776802725479, -0.11624354638653428, 3.965371508913673, 3.1010014895201965, -4.481204240090961, 6.409190491015401, -1.9907057572072684], [-16.62308616230469, -1.2751546169332975, 6.272430992952828, 4.115314979370203, -5.675500650406403, -1.2140436315979333, -2.508046954543545, 9.512137243404162, 2.368022063385186]], [[-26.51966005393254, -13.235572624550974], [5.416066923132231, 22.176174493229368], [-1.2609645971241785, 5.2650916966469214], [0.7853554091419953, 2.3366168482079925], [-6.987726077160142, -8.879976769131838], [-5.03559685535267, 5.870029197067366], [4.094204373177945, -2.6104879760110076], [-43.311954292016864, -5.153168621872485], [2.546484385656801, 10.243481927543934]]]
Biases: [[0.40981995509797997, -15.37797091293956], [-7.5432123398619755, -14.7041990023283, 1.5775122140929068, -1.2038953200325775, 5.197353230976698, 4.467358056589523, -9.666792198918888, 6.739988599161304, -5.489083405212296]]

========== PERFECT NETWORK ==========
Generation: 132388
Network Structure: 2 layers of 10 Hidden Large MutationsScore: 100
Weights: [[[1.167935051383321, -7.13811227073227, 1.9544776802725479, -0.11624354638653428, 3.965371508913673, 3.1010014895201965, -4.481204240090961, 6.291731010344333, -1.9907057572072684], [-16.72448318843221, -1.2751546169332975, 6.447375923096821, 4.115314979370203, -5.798573332419675, -1.2140436315979333, -2.3325671845814338, 9.643958425323984, 2.368022063385186]], [[-26.310706805229472, -13.235572624550974], [5.420192661194016, 22.176174493229368], [-1.2609645971241785, 5.193617935127241], [0.8411336411811627, 2.484801119040969], [-6.973018455027753, -8.932337624571078], [-5.091510101360737, 5.870029197067366], [4.094204373177945, -2.6104879760110076], [-43.311954292016864, -5.153168621872485], [2.7320369126214397, 10.243481927543934]]]
Biases: [[0.40981995509797997, -15.37797091293956], [-7.421878345042079, -14.7041990023283, 1.5775122140929068, -1.3394114543494129, 5.192249612644761, 4.467358056589523, -9.666792198918888, 6.739988599161304, -5.252036518808943]]

========== PERFECT NETWORK ==========
Generation: 132389
Network Structure: 2 layers of 10 Hidden Large MutationsScore: 100
Weights: [[[1.167935051383321, -7.1141251766043005, 1.9544776802725479, -0.11624354638653428, 3.965824369132761, 3.1010014895201965, -4.481204240090961, 6.291731010344333, -1.9907057572072684], [-16.72448318843221, -1.2751546169332975, 6.272430992952828, 4.115314979370203, -6.355450344195132, -1.3406393264602827, -2.1633213095723236, 9.643958425323984, 2.368022063385186]], [[-26.51966005393254, -13.235572624550974], [5.420192661194016, 21.79918483257329], [-1.2609645971241785, 4.988017128875704], [0.8411336411811627, 2.3366168482079925], [-6.973018455027753, -8.932337624571078], [-5.03559685535267, 5.870029197067366], [4.094204373177945, -2.511379813606999], [-43.311954292016864, -5.481133351565525], [2.7320369126214397, 10.133868939408986]]]
Biases: [[0.40981995509797997, -15.37797091293956], [-7.548783588193901, -14.7041990023283, 1.5775122140929068, -1.2038953200325775, 5.192249612644761, 4.311546944177626, -9.666792198918888, 6.739988599161304, -5.57408372743618]]

========== PERFECT NETWORK ==========
Generation: 132390
Network Structure: 2 layers of 10 Hidden Large MutationsScore: 100
Weights: [[[1.167935051383321, -7.13811227073227, 1.9544776802725479, -0.09252018532042511, 3.965371508913673, 3.1010014895201965, -4.481204240090961, 6.291731010344333, -1.9907057572072684], [-16.11466394051005, -1.2751546169332975, 6.447375923096821, 4.115314979370203, -5.798573332419675, -1.3406393264602827, -2.508046954543545, 9.98705851327538, 2.204990539970002]], [[-26.51966005393254, -13.235572624550974], [5.416066923132231, 21.79918483257329], [-1.2609645971241785, 5.158772351549715], [0.7853554091419953, 2.12348035467653], [-6.987726077160142, -8.932337624571078], [-5.03559685535267, 5.67193660107696], [4.094204373177945, -2.796037846789018], [-43.918511628928094, -5.481133351565525], [2.7320369126214397, 10.243481927543934]]]
Biases: [[0.40981995509797997, -15.37797091293956], [-7.548783588193901, -14.688606376411487, 1.3971590818130664, -1.2038953200325775, 5.192249612644761, 4.467358056589523, -9.666792198918888, 6.739988599161304, -5.273408814777723]]

========== PERFECT NETWORK ==========
Generation: 132391
Network Structure: 2 layers of 10 Hidden Large MutationsScore: 100
Weights: [[[1.167935051383321, -7.1141251766043005, 1.9544776802725479, 0.025455479491251154, 3.965824369132761, 3.1010014895201965, -4.481204240090961, 6.291731010344333, -1.9907057572072684], [-16.72448318843221, -1.1740726277151683, 6.272430992952828, 4.115314979370203, -5.798573332419675, -1.3406393264602827, -2.1633213095723236, 9.98705851327538, 2.368022063385186]], [[-26.51966005393254, -13.235572624550974], [5.420192661194016, 21.79918483257329], [-1.2609645971241785, 4.988017128875704], [0.8411336411811627, 2.28425410189641], [-6.973018455027753, -8.932337624571078], [-5.03559685535267, 5.870029197067366], [4.094204373177945, -2.6104879760110076], [-43.311954292016864, -5.481133351565525], [2.7320369126214397, 10.174381835868724]]]
Biases: [[0.40981995509797997, -15.37797091293956], [-7.421878345042079, -14.7041990023283, 1.5775122140929068, -1.3394114543494129, 5.192249612644761, 4.5288686505330595, -9.666792198918888, 6.739988599161304, -5.57408372743618]]

========== PERFECT NETWORK ==========
Generation: 132392
Network Structure: 2 layers of 10 Hidden Large MutationsScore: 85
Weights: [[[1.167935051383321, -7.1141251766043005, 1.9544776802725479, -0.11624354638653428, 3.965824369132761, 3.1010014895201965, -4.481204240090961, 6.388545716839344, -1.9907057572072684], [-16.72448318843221, -1.2751546169332975, 6.272430992952828, 4.115314979370203, -5.675500650406403, -1.3406393264602827, -2.101975332978146, 9.643958425323984, 2.368022063385186]], [[-26.51966005393254, -13.235572624550974], [5.416066923132231, 21.920356071452794], [-1.2609645971241785, 5.052877802598984], [0.7853554091419953, 2.3366168482079925], [-6.973018455027753, -8.932337624571078], [-5.03559685535267, 5.870029197067366], [4.094204373177945, -2.511379813606999], [-43.311954292016864, -5.153168621872485], [2.7320369126214397, 10.243481927543934]]]
Biases: [[0.40981995509797997, -15.37797091293956], [-7.548783588193901, -14.7041990023283, 1.5775122140929068, -1.2038953200325775, 5.192249612644761, 4.5288686505330595, -9.666792198918888, 6.739988599161304, -5.170134958731347]]

========== PERFECT NETWORK ==========
Generation: 132393
Network Structure: 2 layers of 10 Hidden Large MutationsScore: 100
Weights: [[[1.167935051383321, -7.13811227073227, 1.9544776802725479, 0.025455479491251154, 3.829224121215609, 3.1010014895201965, -4.481204240090961, 6.291731010344333, -1.9907057572072684], [-16.608111041443216, -1.2305730097223817, 6.42034604511674, 4.115314979370203, -5.675500650406403, -1.2140436315979333, -2.1633213095723236, 9.98705851327538, 2.368022063385186]], [[-26.310706805229472, -13.235572624550974], [5.420192661194016, 21.79918483257329], [-1.2609645971241785, 5.052877802598984], [0.7853554091419953, 2.2126236681381863], [-6.973018455027753, -8.932337624571078], [-5.199993586978456, 5.870029197067366], [4.094204373177945, -2.6104879760110076], [-43.311954292016864, -5.481133351565525], [2.7320369126214397, 10.243481927543934]]]
Biases: [[0.40981995509797997, -15.37797091293956], [-7.421878345042079, -14.750088921186299, 1.5775122140929068, -1.3394114543494129, 5.192249612644761, 4.5288686505330595, -9.666792198918888, 6.739988599161304, -5.376556474509265]]

========== PERFECT NETWORK ==========
Generation: 132394
Network Structure: 2 layers of 10 Hidden Large MutationsScore: 100
Weights: [[[1.167935051383321, -7.216388922558748, 1.9544776802725479, 0.025455479491251154, 3.965824369132761, 3.111253111638495, -4.481204240090961, 6.291731010344333, -1.9907057572072684], [-16.72448318843221, -1.2751546169332975, 6.272430992952828, 4.115314979370203, -5.862224938998844, -1.3406393264602827, -2.101975332978146, 9.643958425323984, 2.368022063385186]], [[-26.310706805229472, -13.235572624550974], [5.420192661194016, 21.79918483257329], [-1.2609645971241785, 4.988017128875704], [0.7853554091419953, 2.28425410189641], [-6.987726077160142, -8.932337624571078], [-5.091510101360737, 5.870029197067366], [4.094204373177945, -2.796037846789018], [-43.1898784148076, -5.481133351565525], [2.7320369126214397, 10.174381835868724]]]
Biases: [[0.40981995509797997, -15.37797091293956], [-7.520840371001111, -14.7041990023283, 1.5775122140929068, -1.2038953200325775, 5.192249612644761, 4.5288686505330595, -9.666792198918888, 6.583897759788094, -5.466182410533389]]

========== PERFECT NETWORK ==========
Generation: 132395
Network Structure: 2 layers of 10 Hidden Large MutationsScore: 100
Weights: [[[1.055723797216206, -7.13811227073227, 1.9544776802725479, 0.025455479491251154, 3.829224121215609, 3.1010014895201965, -4.481204240090961, 6.291731010344333, -1.9907057572072684], [-16.842135831441553, -1.2751546169332975, 6.272430992952828, 4.115314979370203, -5.675500650406403, -1.2140436315979333, -2.1633213095723236, 9.98705851327538, 2.339773274554252]], [[-26.51966005393254, -13.235572624550974], [5.416066923132231, 21.79918483257329], [-1.2609645971241785, 5.052877802598984], [0.7853554091419953, 2.12348035467653], [-6.973018455027753, -8.932337624571078], [-5.03559685535267, 5.82810996387719], [4.094204373177945, -2.6104879760110076], [-43.311954292016864, -5.425909329733356], [2.7320369126214397, 10.133868939408986]]]
Biases: [[0.40981995509797997, -15.37797091293956], [-7.421878345042079, -14.750088921186299, 1.3971590818130664, -1.3394114543494129, 5.192249612644761, 4.5288686505330595, -9.666792198918888, 6.739988599161304, -5.376556474509265]]

========== PERFECT NETWORK ==========
Generation: 132396
Network Structure: 2 layers of 10 Hidden Large MutationsScore: 100
Weights: [[[1.167935051383321, -7.13811227073227, 1.9544776802725479, 0.025455479491251154, 3.965371508913673, 3.1010014895201965, -4.481204240090961, 6.291731010344333, -1.9907057572072684], [-16.72448318843221, -1.2751546169332975, 6.272430992952828, 4.115314979370203, -5.675500650406403, -1.3406393264602827, -2.101975332978146, 9.643958425323984, 2.368022063385186]], [[-26.51966005393254, -13.235572624550974], [5.420192661194016, 21.79918483257329], [-1.2609645971241785, 4.988017128875704], [0.7853554091419953, 1.9766224436911313], [-6.973018455027753, -8.932337624571078], [-5.03559685535267, 5.870029197067366], [4.094204373177945, -2.511379813606999], [-43.1898784148076, -5.153168621872485], [2.7320369126214397, 10.243481927543934]]]
Biases: [[0.40981995509797997, -15.37797091293956], [-7.421878345042079, -14.750088921186299, 1.5775122140929068, -1.2038953200325775, 5.192249612644761, 4.5288686505330595, -9.666792198918888, 6.739988599161304, -5.170134958731347]]

========== PERFECT NETWORK ==========
Generation: 132397
Network Structure: 2 layers of 10 Hidden Large MutationsScore: 100
Weights: [[[1.167935051383321, -7.1141251766043005, 1.9544776802725479, -0.09252018532042511, 3.829224121215609, 3.1010014895201965, -4.481204240090961, 6.291731010344333, -1.9907057572072684], [-16.72448318843221, -1.2751546169332975, 6.272430992952828, 4.115314979370203, -5.675500650406403, -1.3406393264602827, -2.1633213095723236, 9.98705851327538, 2.368022063385186]], [[-26.310706805229472, -13.235572624550974], [5.420192661194016, 21.79918483257329], [-1.2609645971241785, 4.988017128875704], [0.7853554091419953, 2.28425410189641], [-6.973018455027753, -8.932337624571078], [-5.00761909663152, 5.870029197067366], [4.094204373177945, -2.511379813606999], [-43.918511628928094, -5.481133351565525], [2.7320369126214397, 10.243481927543934]]]
Biases: [[0.40981995509797997, -15.37797091293956], [-7.421878345042079, -14.7041990023283, 1.3971590818130664, -1.3394114543494129, 5.309896784856693, 4.575133081382763, -9.666792198918888, 6.739988599161304, -5.57408372743618]]

========== PERFECT NETWORK ==========
Generation: 132398
Network Structure: 2 layers of 10 Hidden Large MutationsScore: 100
Weights: [[[1.055723797216206, -7.13811227073227, 1.9085256626199023, 0.025455479491251154, 3.965371508913673, 3.1010014895201965, -4.481204240090961, 6.291731010344333, -1.9907057572072684], [-16.72448318843221, -1.2751546169332975, 6.42034604511674, 4.115314979370203, -5.675500650406403, -1.3406393264602827, -2.1633213095723236, 9.98705851327538, 2.368022063385186]], [[-26.51966005393254, -13.235572624550974], [5.420192661194016, 21.79918483257329], [-1.2609645971241785, 4.988017128875704], [0.7853554091419953, 2.12348035467653], [-6.973018455027753, -8.932337624571078], [-5.03559685535267, 5.82810996387719], [4.094204373177945, -2.6104879760110076], [-43.311954292016864, -5.425909329733356], [2.7320369126214397, 10.133868939408986]]]
Biases: [[0.40981995509797997, -15.37797091293956], [-7.421878345042079, -14.750088921186299, 1.5775122140929068, -1.3394114543494129, 5.192249612644761, 4.311546944177626, -9.666792198918888, 6.672890495218004, -5.170134958731347]]

========== PERFECT NETWORK ==========
Generation: 132399
Network Structure: 2 layers of 10 Hidden Large MutationsScore: 100
Weights: [[[1.055723797216206, -7.1141251766043005, 1.9544776802725479, -0.09252018532042511, 3.965371508913673, 3.1010014895201965, -4.481204240090961, 6.291731010344333, -1.9907057572072684], [-16.72448318843221, -1.2751546169332975, 6.272430992952828, 4.115314979370203, -5.862224938998844, -1.3406393264602827, -2.1633213095723236, 9.643958425323984, 2.368022063385186]], [[-26.310706805229472, -13.235572624550974], [5.420192661194016, 21.79918483257329], [-1.2609645971241785, 4.988017128875704], [0.7853554091419953, 2.28425410189641], [-6.973018455027753, -8.932337624571078], [-5.03559685535267, 5.870029197067366], [4.094204373177945, -2.6104879760110076], [-43.918511628928094, -5.481133351565525], [2.7320369126214397, 10.174381835868724]]]
Biases: [[0.40981995509797997, -15.37797091293956], [-7.421878345042079, -14.7041990023283, 1.5775122140929068, -1.3394114543494129, 5.192249612644761, 4.467358056589523, -9.666792198918888, 6.739988599161304, -5.170134958731347]]

========== PERFECT NETWORK ==========
Generation: 132400
Network Structure: 2 layers of 10 Hidden Large MutationsScore: 100
Weights: [[[1.167935051383321, -7.139135738441991, 1.9544776802725479, 0.025455479491251154, 3.965371508913673, 3.1010014895201965, -4.481204240090961, 6.409190491015401, -1.9907057572072684], [-16.842135831441553, -1.2751546169332975, 6.272430992952828, 4.115314979370203, -5.912545503661574, -1.3406393264602827, -2.1633213095723236, 9.98705851327538, 2.368022063385186]], [[-26.51966005393254, -13.235572624550974], [5.420192661194016, 21.79918483257329], [-1.2609645971241785, 4.988017128875704], [0.7853554091419953, 2.3958658234415173], [-6.973018455027753, -8.932337624571078], [-5.03559685535267, 5.870029197067366], [4.094204373177945, -2.6104879760110076], [-43.311954292016864, -5.481133351565525], [2.7320369126214397, 10.174381835868724]]]
Biases: [[0.40981995509797997, -15.37797091293956], [-7.421878345042079, -14.7041990023283, 1.5775122140929068, -1.3394114543494129, 5.192249612644761, 4.467358056589523, -9.666792198918888, 6.739988599161304, -5.376556474509265]]

========== PERFECT NETWORK ==========
Generation: 132401
Network Structure: 2 layers of 10 Hidden Large MutationsScore: 100
Weights: [[[1.055723797216206, -7.13811227073227, 2.012344972949879, 0.025455479491251154, 3.965371508913673, 3.1010014895201965, -4.481204240090961, 6.291731010344333, -1.9907057572072684], [-16.72448318843221, -1.2751546169332975, 6.447868883726556, 4.115314979370203, -5.675500650406403, -1.3406393264602827, -2.101975332978146, 10.065446362757966, 2.368022063385186]], [[-26.51966005393254, -13.235572624550974], [5.420192661194016, 21.79918483257329], [-1.2609645971241785, 4.988017128875704], [0.7853554091419953, 2.28425410189641], [-6.973018455027753, -8.932337624571078], [-5.03559685535267, 5.870029197067366], [4.094204373177945, -2.6104879760110076], [-43.311954292016864, -5.481133351565525], [2.7320369126214397, 10.133868939408986]]]
Biases: [[0.40981995509797997, -15.37797091293956], [-7.326591966692051, -14.750088921186299, 1.5775122140929068, -1.3394114543494129, 5.192249612644761, 4.5288686505330595, -9.666792198918888, 6.916045900580286, -5.376556474509265]]

========== PERFECT NETWORK ==========
Generation: 132402
Network Structure: 2 layers of 10 Hidden Large MutationsScore: 100
Weights: [[[1.2117625982149285, -7.13811227073227, 1.9085256626199023, 0.025455479491251154, 3.965371508913673, 3.1010014895201965, -4.481204240090961, 6.291731010344333, -1.9907057572072684], [-16.72448318843221, -1.2751546169332975, 6.447868883726556, 4.115314979370203, -5.675500650406403, -1.3406393264602827, -2.1633213095723236, 10.065446362757966, 2.368022063385186]], [[-26.51966005393254, -13.235572624550974], [5.420192661194016, 21.79918483257329], [-1.3466770202007066, 4.988017128875704], [0.7853554091419953, 2.12348035467653], [-6.973018455027753, -8.932337624571078], [-5.03559685535267, 5.870029197067366], [4.094204373177945, -2.6104879760110076], [-43.918511628928094, -5.359841764574167], [2.7320369126214397, 10.133868939408986]]]
Biases: [[0.40981995509797997, -15.289800933131321], [-7.421878345042079, -14.750088921186299, 1.5775122140929068, -1.3394114543494129, 5.192249612644761, 4.610166727287868, -9.480018227500079, 6.739988599161304, -5.170134958731347]]

========== PERFECT NETWORK ==========
Generation: 132403
Network Structure: 2 layers of 10 Hidden Large MutationsScore: 69
Weights: [[[1.055723797216206, -7.216388922558748, 1.9085256626199023, -0.09252018532042511, 4.095149311823172, 3.2845898491822245, -4.481204240090961, 6.291731010344333, -1.9907057572072684], [-16.72448318843221, -1.2751546169332975, 6.272430992952828, 4.115314979370203, -5.675500650406403, -1.3406393264602827, -2.2014768329679706, 9.898670996036351, 2.368022063385186]], [[-26.405791756501205, -13.235572624550974], [5.420192661194016, 21.79918483257329], [-1.2609645971241785, 5.052877802598984], [0.8411336411811627, 2.3958658234415173], [-6.973018455027753, -8.932337624571078], [-5.03559685535267, 5.80313148677606], [4.094204373177945, -2.6104879760110076], [-43.311954292016864, -5.481133351565525], [2.7320369126214397, 10.243481927543934]]]
Biases: [[0.40981995509797997, -15.37797091293956], [-7.421878345042079, -14.700762857480315, 1.4994988652728571, -1.3394114543494129, 5.192249612644761, 4.5288686505330595, -9.666792198918888, 6.739988599161304, -5.376556474509265]]

========== PERFECT NETWORK ==========
Generation: 132404
Network Structure: 2 layers of 10 Hidden Large MutationsScore: 100
Weights: [[[1.167935051383321, -7.13811227073227, 2.012344972949879, 0.025455479491251154, 3.965371508913673, 3.1010014895201965, -4.481204240090961, 6.291731010344333, -1.9907057572072684], [-16.72448318843221, -1.2751546169332975, 6.272430992952828, 4.115314979370203, -5.675500650406403, -1.3406393264602827, -2.1633213095723236, 10.065446362757966, 2.368022063385186]], [[-26.51966005393254, -13.235572624550974], [5.420192661194016, 21.67316872597722], [-1.2609645971241785, 4.988017128875704], [0.8411336411811627, 2.12348035467653], [-6.973018455027753, -8.932337624571078], [-5.03559685535267, 5.870029197067366], [4.094204373177945, -2.6104879760110076], [-43.311954292016864, -5.425909329733356], [2.7320369126214397, 10.133868939408986]]]
Biases: [[0.40981995509797997, -15.37797091293956], [-7.421878345042079, -14.750088921186299, 1.5775122140929068, -1.3394114543494129, 5.192249612644761, 4.467358056589523, -9.666792198918888, 6.739988599161304, -5.216804759213486]]

========== PERFECT NETWORK ==========
Generation: 132405
Network Structure: 2 layers of 10 Hidden Large MutationsScore: 100
Weights: [[[1.055723797216206, -7.13811227073227, 1.9085256626199023, 0.025455479491251154, 3.965371508913673, 3.1010014895201965, -4.481204240090961, 6.291731010344333, -1.9907057572072684], [-16.72448318843221, -1.2751546169332975, 6.269569897006843, 4.115314979370203, -5.798573332419675, -1.320236767482592, -2.1633213095723236, 9.98705851327538, 2.368022063385186]], [[-25.66463807695189, -13.235572624550974], [5.420192661194016, 21.79918483257329], [-1.2609645971241785, 4.988017128875704], [0.7853554091419953, 2.12348035467653], [-6.973018455027753, -8.932337624571078], [-5.03559685535267, 5.870029197067366], [4.094204373177945, -2.6104879760110076], [-43.311954292016864, -5.359841764574167], [2.7320369126214397, 10.243481927543934]]]
Biases: [[0.40981995509797997, -15.289800933131321], [-7.421878345042079, -14.750088921186299, 1.5775122140929068, -1.1991496621491076, 5.192249612644761, 4.467358056589523, -9.666792198918888, 6.739988599161304, -5.170134958731347]]

========== PERFECT NETWORK ==========
Generation: 132406
Network Structure: 2 layers of 10 Hidden Large MutationsScore: 100
Weights: [[[1.055723797216206, -7.13811227073227, 1.9085256626199023, 0.025455479491251154, 3.965371508913673, 3.1010014895201965, -4.481204240090961, 6.291731010344333, -1.9907057572072684], [-16.72448318843221, -1.2751546169332975, 6.272430992952828, 4.115314979370203, -5.675500650406403, -1.3406393264602827, -2.1633213095723236, 10.022589937855102, 2.368022063385186]], [[-26.51966005393254, -13.235572624550974], [5.420192661194016, 21.78040911837652], [-1.2609645971241785, 4.988017128875704], [0.8411336411811627, 2.3958658234415173], [-6.973018455027753, -8.932337624571078], [-5.03559685535267, 5.870029197067366], [4.094204373177945, -2.796037846789018], [-43.311954292016864, -5.425909329733356], [2.7320369126214397, 10.133868939408986]]]
Biases: [[0.40981995509797997, -15.37797091293956], [-7.421878345042079, -14.750088921186299, 1.5775122140929068, -1.1991496621491076, 5.192249612644761, 4.55552194433432, -9.666792198918888, 6.739988599161304, -5.276228896446673]]

========== PERFECT NETWORK ==========
Generation: 132407
Network Structure: 2 layers of 10 Hidden Large MutationsScore: 100
Weights: [[[1.055723797216206, -7.251573851965515, 1.9085256626199023, 0.025455479491251154, 3.965371508913673, 3.1010014895201965, -4.481204240090961, 6.291731010344333, -1.9907057572072684], [-16.72448318843221, -1.2751546169332975, 6.447868883726556, 4.115314979370203, -5.862224938998844, -1.3406393264602827, -2.1633213095723236, 10.065446362757966, 2.368022063385186]], [[-26.51966005393254, -13.156680503855075], [5.420192661194016, 21.600433835408406], [-1.2609645971241785, 4.988017128875704], [0.8411336411811627, 2.12348035467653], [-6.973018455027753, -8.932337624571078], [-5.03559685535267, 5.870029197067366], [4.094204373177945, -2.796037846789018], [-43.918511628928094, -5.481133351565525], [2.7320369126214397, 10.243481927543934]]]
Biases: [[0.40981995509797997, -15.37797091293956], [-7.421878345042079, -14.700762857480315, 1.5775122140929068, -1.3394114543494129, 5.192249612644761, 4.5288686505330595, -9.666792198918888, 6.916045900580286, -5.216804759213486]]

========== PERFECT NETWORK ==========
Generation: 132408
Network Structure: 2 layers of 10 Hidden Large MutationsScore: 100
Weights: [[[1.055723797216206, -7.13811227073227, 1.9085256626199023, -0.033863882526691036, 3.965371508913673, 3.1010014895201965, -4.481204240090961, 6.291731010344333, -1.9907057572072684], [-16.842135831441553, -1.2751546169332975, 6.272430992952828, 4.115314979370203, -5.675500650406403, -1.3406393264602827, -2.1633213095723236, 10.065446362757966, 2.368022063385186]], [[-26.51966005393254, -13.235572624550974], [5.420192661194016, 21.79918483257329], [-1.2609645971241785, 4.988017128875704], [0.7853554091419953, 2.12348035467653], [-6.896523465557715, -8.932337624571078], [-5.03559685535267, 5.7466512059910775], [4.094204373177945, -2.796037846789018], [-43.311954292016864, -5.481133351565525], [2.7320369126214397, 10.133868939408986]]]
Biases: [[0.40981995509797997, -15.37797091293956], [-7.421878345042079, -14.750088921186299, 1.5775122140929068, -1.3394114543494129, 5.192249612644761, 4.5288686505330595, -9.666792198918888, 6.916045900580286, -5.216804759213486]]

========== PERFECT NETWORK ==========
Generation: 132409
Network Structure: 2 layers of 10 Hidden Large MutationsScore: 100
Weights: [[[1.055723797216206, -7.13811227073227, 1.9085256626199023, 0.025455479491251154, 3.965371508913673, 3.1010014895201965, -4.481204240090961, 6.407673381416287, -1.9907057572072684], [-16.72448318843221, -1.2751546169332975, 6.447868883726556, 4.115314979370203, -5.675500650406403, -1.3406393264602827, -2.1633213095723236, 10.065446362757966, 2.4824210627709498]], [[-26.51966005393254, -13.235572624550974], [5.420192661194016, 21.67316872597722], [-1.2609645971241785, 4.988017128875704], [0.7853554091419953, 2.3958658234415173], [-6.973018455027753, -8.932337624571078], [-5.03559685535267, 5.870029197067366], [4.094204373177945, -2.796037846789018], [-43.918511628928094, -5.228843624489182], [2.7320369126214397, 10.133868939408986]]]
Biases: [[0.40981995509797997, -15.37797091293956], [-7.421878345042079, -14.750088921186299, 1.5775122140929068, -1.3394114543494129, 5.192249612644761, 4.5288686505330595, -9.666792198918888, 6.739988599161304, -5.376556474509265]]

========== PERFECT NETWORK ==========
Generation: 132410
Network Structure: 2 layers of 10 Hidden Large MutationsScore: 100
Weights: [[[1.055723797216206, -7.251573851965515, 1.9085256626199023, 0.025455479491251154, 3.965371508913673, 3.1010014895201965, -4.481204240090961, 6.407673381416287, -1.9907057572072684], [-16.554205079773233, -1.2751546169332975, 6.269569897006843, 4.115314979370203, -5.862224938998844, -1.3406393264602827, -2.1633213095723236, 10.065446362757966, 2.4824210627709498]], [[-26.51966005393254, -13.235572624550974], [5.420192661194016, 21.78040911837652], [-1.2609645971241785, 4.988017128875704], [0.7853554091419953, 2.12348035467653], [-7.140944038193689, -8.932337624571078], [-5.03559685535267, 5.870029197067366], [4.094204373177945, -2.796037846789018], [-42.87952284548156, -5.285894351739247], [2.7320369126214397, 10.243481927543934]]]
Biases: [[0.40981995509797997, -15.37797091293956], [-7.421878345042079, -14.750088921186299, 1.5775122140929068, -1.3394114543494129, 5.192249612644761, 4.5288686505330595, -9.666792198918888, 6.739988599161304, -5.216804759213486]]

========== PERFECT NETWORK ==========
Generation: 132411
Network Structure: 2 layers of 10 Hidden Large MutationsScore: 100
Weights: [[[1.055723797216206, -7.216388922558748, 1.9085256626199023, 0.025455479491251154, 3.965371508913673, 3.1010014895201965, -4.481204240090961, 6.373828351298662, -1.9907057572072684], [-16.822714926384656, -1.2751546169332975, 6.269569897006843, 4.115314979370203, -5.675500650406403, -1.3406393264602827, -2.1633213095723236, 9.979678642625881, 2.4824210627709498]], [[-26.51966005393254, -13.235572624550974], [5.420192661194016, 21.79918483257329], [-1.2609645971241785, 4.988017128875704], [0.8411336411811627, 2.12348035467653], [-6.973018455027753, -8.932337624571078], [-5.106572991303196, 5.7466512059910775], [4.094204373177945, -2.796037846789018], [-43.918511628928094, -5.481133351565525], [2.7320369126214397, 10.133868939408986]]]
Biases: [[0.40981995509797997, -15.289800933131321], [-7.421878345042079, -14.750088921186299, 1.5775122140929068, -1.3394114543494129, 5.192249612644761, 4.418689472192239, -9.666792198918888, 6.916045900580286, -5.216804759213486]]

========== PERFECT NETWORK ==========
Generation: 132412
Network Structure: 2 layers of 10 Hidden Large MutationsScore: 100
Weights: [[[1.055723797216206, -7.13811227073227, 1.9085256626199023, 0.025455479491251154, 3.9271313544153243, 3.1010014895201965, -4.481204240090961, 6.407673381416287, -1.9907057572072684], [-16.72448318843221, -1.2751546169332975, 6.269569897006843, 4.115314979370203, -5.675500650406403, -1.3406393264602827, -2.1633213095723236, 10.022589937855102, 2.368022063385186]], [[-26.51966005393254, -13.235572624550974], [5.420192661194016, 21.79918483257329], [-1.2609645971241785, 4.988017128875704], [0.8411336411811627, 2.12348035467653], [-6.973018455027753, -8.932337624571078], [-5.03559685535267, 5.870029197067366], [4.094204373177945, -2.796037846789018], [-43.918511628928094, -5.425909329733356], [2.7320369126214397, 10.133868939408986]]]
Biases: [[0.40981995509797997, -15.37797091293956], [-7.421878345042079, -14.750088921186299, 1.5775122140929068, -1.3394114543494129, 5.192249612644761, 4.5288686505330595, -9.722200746898364, 6.687391290274916, -5.131416789386246]]

========== PERFECT NETWORK ==========
Generation: 132413
Network Structure: 2 layers of 10 Hidden Large MutationsScore: 100
Weights: [[[1.055723797216206, -7.13811227073227, 1.9085256626199023, 0.025455479491251154, 3.9271313544153243, 3.1010014895201965, -4.481204240090961, 6.373828351298662, -1.9907057572072684], [-16.72448318843221, -1.2751546169332975, 6.269569897006843, 4.115314979370203, -5.675500650406403, -1.3463892995562918, -2.1633213095723236, 10.022589937855102, 2.357544866274111]], [[-26.51966005393254, -13.156680503855075], [5.420192661194016, 21.79918483257329], [-1.2609645971241785, 4.988017128875704], [0.8411336411811627, 2.12348035467653], [-6.973018455027753, -8.932337624571078], [-5.03559685535267, 5.870029197067366], [4.094204373177945, -2.796037846789018], [-43.311954292016864, -5.425909329733356], [2.7320369126214397, 10.133868939408986]]]
Biases: [[0.40981995509797997, -15.37797091293956], [-7.421878345042079, -14.750088921186299, 1.5775122140929068, -1.2995847802988185, 5.247866888039971, 4.5288686505330595, -9.666792198918888, 6.687391290274916, -5.216804759213486]]

========== PERFECT NETWORK ==========
Generation: 132414
Network Structure: 2 layers of 10 Hidden Large MutationsScore: 100
Weights: [[[1.055723797216206, -7.13811227073227, 1.9085256626199023, 0.025455479491251154, 3.965371508913673, 3.1010014895201965, -4.481204240090961, 6.407673381416287, -1.9911493507294187], [-16.842135831441553, -1.2751546169332975, 6.269569897006843, 4.115314979370203, -5.675500650406403, -1.3406393264602827, -2.1633213095723236, 9.979678642625881, 2.368022063385186]], [[-26.51966005393254, -13.403930075499417], [5.420192661194016, 21.79918483257329], [-1.2609645971241785, 4.988017128875704], [0.8411336411811627, 2.3958658234415173], [-6.973018455027753, -8.932337624571078], [-5.03559685535267, 5.870029197067366], [4.094204373177945, -2.796037846789018], [-43.311954292016864, -5.425909329733356], [2.7320369126214397, 9.980657107600466]]]
Biases: [[0.40981995509797997, -15.37797091293956], [-7.421878345042079, -14.750088921186299, 1.5775122140929068, -1.2995847802988185, 5.192249612644761, 4.5288686505330595, -9.722200746898364, 7.102803608660478, -5.131416789386246]]

========== PERFECT NETWORK ==========
Generation: 132415
Network Structure: 2 layers of 10 Hidden Large MutationsScore: 100
Weights: [[[1.090353360093289, -7.057982542863911, 1.9085256626199023, 0.025455479491251154, 3.9271313544153243, 3.1010014895201965, -4.481204240090961, 6.407673381416287, -1.9907057572072684], [-16.72448318843221, -1.2751546169332975, 6.269569897006843, 4.115314979370203, -5.675500650406403, -1.3463892995562918, -2.1633213095723236, 9.979678642625881, 2.4824210627709498]], [[-26.51966005393254, -13.235572624550974], [5.420192661194016, 21.79918483257329], [-1.2609645971241785, 4.988017128875704], [0.8411336411811627, 2.1055551327619177], [-6.973018455027753, -8.932337624571078], [-5.03559685535267, 5.870029197067366], [4.094204373177945, -2.796037846789018], [-43.918511628928094, -5.481133351565525], [2.5552762718554014, 10.133868939408986]]]
Biases: [[0.40981995509797997, -15.37797091293956], [-7.421878345042079, -14.750088921186299, 1.5775122140929068, -1.3394114543494129, 5.236906648155616, 4.5288686505330595, -9.666792198918888, 6.916045900580286, -5.05750280534457]]

========== PERFECT NETWORK ==========
Generation: 132416
Network Structure: 2 layers of 10 Hidden Large MutationsScore: 100
Weights: [[[1.055723797216206, -7.13811227073227, 1.9085256626199023, 0.025455479491251154, 3.965371508913673, 3.1010014895201965, -4.481204240090961, 6.373828351298662, -1.9907057572072684], [-16.72448318843221, -1.2751546169332975, 6.269569897006843, 4.115314979370203, -5.675500650406403, -1.3434245456794804, -2.1633213095723236, 9.979678642625881, 2.5381432045387147]], [[-26.51966005393254, -13.235572624550974], [5.420192661194016, 21.79918483257329], [-1.2609645971241785, 4.988017128875704], [0.8411336411811627, 2.1055551327619177], [-7.0090407266769414, -8.803701533558149], [-5.03559685535267, 5.870029197067366], [4.094204373177945, -2.796037846789018], [-43.311954292016864, -5.481133351565525], [2.5552762718554014, 10.186643273691358]]]
Biases: [[0.40981995509797997, -15.37797091293956], [-7.421878345042079, -14.750088921186299, 1.5775122140929068, -1.3394114543494129, 5.236906648155616, 4.5288686505330595, -9.706666760603177, 6.916045900580286, -5.216804759213486]]

========== PERFECT NETWORK ==========
Generation: 132417
Network Structure: 2 layers of 10 Hidden Large MutationsScore: 85
Weights: [[[1.055723797216206, -7.13811227073227, 1.9085256626199023, 0.025455479491251154, 3.9271313544153243, 3.1010014895201965, -4.481204240090961, 6.407673381416287, -1.9907057572072684], [-16.72448318843221, -1.2751546169332975, 6.269569897006843, 4.115314979370203, -5.675500650406403, -1.3406393264602827, -2.1633213095723236, 10.022589937855102, 2.357544866274111]], [[-26.51966005393254, -13.235572624550974], [5.420192661194016, 21.79918483257329], [-1.2609645971241785, 4.988017128875704], [0.8411336411811627, 2.12348035467653], [-7.0090407266769414, -8.932337624571078], [-5.03559685535267, 5.7466512059910775], [4.094204373177945, -2.796037846789018], [-43.311954292016864, -5.3112878073560505], [2.7320369126214397, 10.133868939408986]]]
Biases: [[0.40981995509797997, -15.37797091293956], [-7.421878345042079, -14.750088921186299, 1.5775122140929068, -1.3394114543494129, 5.240667737789586, 4.5288686505330595, -9.706666760603177, 7.102803608660478, -5.216804759213486]]

========== PERFECT NETWORK ==========
Generation: 132418
Network Structure: 2 layers of 10 Hidden Large MutationsScore: 100
Weights: [[[1.055723797216206, -7.057982542863911, 1.9085256626199023, 0.025455479491251154, 3.965371508913673, 3.1010014895201965, -4.481204240090961, 6.407673381416287, -1.9907057572072684], [-16.72448318843221, -1.2751546169332975, 6.272430992952828, 4.158109574685619, -5.675500650406403, -1.2895793515899006, -2.1633213095723236, 10.022589937855102, 2.526853228114825]], [[-26.512247044095997, -13.235572624550974], [5.420192661194016, 21.79918483257329], [-1.2609645971241785, 4.988017128875704], [0.8411336411811627, 2.12348035467653], [-6.88390536397893, -8.932337624571078], [-5.03559685535267, 5.870029197067366], [4.094204373177945, -2.796037846789018], [-43.918511628928094, -5.481133351565525], [2.7320369126214397, 10.243481927543934]]]
Biases: [[0.40981995509797997, -15.37797091293956], [-7.409712084933838, -14.750088921186299, 1.5775122140929068, -1.3394114543494129, 5.357394138340157, 4.5288686505330595, -9.666792198918888, 6.687391290274916, -5.216804759213486]]

========== PERFECT NETWORK ==========
Generation: 132419
Network Structure: 2 layers of 10 Hidden Large MutationsScore: 54
Weights: [[[1.055723797216206, -7.13811227073227, 2.087365069469178, 0.025455479491251154, 3.965371508913673, 3.1010014895201965, -4.481204240090961, 6.407673381416287, -1.9907057572072684], [-16.72448318843221, -1.2751546169332975, 6.269569897006843, 4.115314979370203, -5.675500650406403, -1.3406393264602827, -2.1633213095723236, 10.022589937855102, 2.368022063385186]], [[-26.51966005393254, -13.235572624550974], [5.420192661194016, 21.79918483257329], [-1.2609645971241785, 4.988017128875704], [0.8411336411811627, 2.12348035467653], [-7.0090407266769414, -8.932337624571078], [-5.03559685535267, 5.7466512059910775], [4.094204373177945, -2.796037846789018], [-43.311954292016864, -5.3112878073560505], [2.7320369126214397, 10.186643273691358]]]
Biases: [[0.40981995509797997, -15.37797091293956], [-7.421878345042079, -14.750088921186299, 1.5775122140929068, -1.3394114543494129, 5.236906648155616, 4.5288686505330595, -9.706666760603177, 6.916045900580286, -5.216804759213486]]

========== PERFECT NETWORK ==========
Generation: 132420
Network Structure: 2 layers of 10 Hidden Large MutationsScore: 100
Weights: [[[1.090353360093289, -7.13811227073227, 1.9085256626199023, -0.033863882526691036, 4.128753236627734, 3.1010014895201965, -4.481204240090961, 6.407673381416287, -1.9907057572072684], [-16.72448318843221, -1.2751546169332975, 6.269569897006843, 4.115314979370203, -5.675500650406403, -1.3406393264602827, -2.1633213095723236, 9.947985144904573, 2.225865138549545]], [[-26.51966005393254, -13.235572624550974], [5.420192661194016, 21.827866161193594], [-1.2609645971241785, 4.988017128875704], [0.8411336411811627, 2.12348035467653], [-6.973018455027753, -8.904146743062322], [-5.03559685535267, 5.938525017802269], [4.094204373177945, -2.796037846789018], [-43.918511628928094, -5.285894351739247], [2.7320369126214397, 10.133868939408986]]]
Biases: [[0.376935158701562, -15.37797091293956], [-7.421878345042079, -14.750088921186299, 1.5775122140929068, -1.3394114543494129, 5.236906648155616, 4.5288686505330595, -9.492058401206117, 6.916045900580286, -5.216804759213486]]

========== PERFECT NETWORK ==========
Generation: 132421
Network Structure: 2 layers of 10 Hidden Large MutationsScore: 100
Weights: [[[1.091192022634445, -7.13811227073227, 1.9085256626199023, -0.033863882526691036, 3.965371508913673, 3.1010014895201965, -4.481204240090961, 6.373828351298662, -1.9907057572072684], [-16.72448318843221, -1.2751546169332975, 6.269569897006843, 4.158109574685619, -5.675500650406403, -1.451664193304139, -2.1633213095723236, 10.022589937855102, 2.5381432045387147]], [[-26.51966005393254, -13.192104906111876], [5.420192661194016, 21.79918483257329], [-1.2609645971241785, 4.988017128875704], [0.8411336411811627, 2.12348035467653], [-7.0090407266769414, -8.932337624571078], [-4.922192336820083, 5.7466512059910775], [4.094204373177945, -2.796037846789018], [-44.09430150418125, -5.481133351565525], [2.7320369126214397, 10.186643273691358]]]
Biases: [[0.40981995509797997, -15.37797091293956], [-7.421878345042079, -14.750088921186299, 1.6659134500331831, -1.3394114543494129, 5.240667737789586, 4.5288686505330595, -9.666792198918888, 6.916045900580286, -5.216804759213486]]

========== PERFECT NETWORK ==========
Generation: 132422
Network Structure: 2 layers of 10 Hidden Large MutationsScore: 100
Weights: [[[1.091192022634445, -7.13811227073227, 1.9085256626199023, -0.033863882526691036, 3.9271313544153243, 3.1010014895201965, -4.481204240090961, 6.407673381416287, -1.9907057572072684], [-16.662597412605894, -1.105728125044153, 6.269569897006843, 4.115314979370203, -5.675500650406403, -1.3406393264602827, -2.1633213095723236, 10.005512979303612, 2.357544866274111]], [[-26.51966005393254, -13.235572624550974], [5.420192661194016, 21.827866161193594], [-1.2609645971241785, 4.988017128875704], [0.8411336411811627, 2.12348035467653], [-7.0090407266769414, -8.932337624571078], [-5.03559685535267, 5.7466512059910775], [4.094204373177945, -2.796037846789018], [-43.311954292016864, -5.481133351565525], [2.7320369126214397, 10.133868939408986]]]
Biases: [[0.40981995509797997, -15.37797091293956], [-7.483594887838976, -14.750088921186299, 1.5775122140929068, -1.3394114543494129, 5.247866888039971, 4.5288686505330595, -9.666792198918888, 6.916045900580286, -5.216804759213486]]

========== PERFECT NETWORK ==========
Generation: 132423
Network Structure: 2 layers of 10 Hidden Large MutationsScore: 89
Weights: [[[1.055723797216206, -7.13811227073227, 1.9085256626199023, 0.025455479491251154, 3.965371508913673, 3.1010014895201965, -4.481204240090961, 6.407673381416287, -1.9907057572072684], [-16.72448318843221, -1.105728125044153, 6.269569897006843, 4.158109574685619, -5.675500650406403, -1.3406393264602827, -2.1633213095723236, 10.005512979303612, 2.5381432045387147]], [[-26.51966005393254, -13.192104906111876], [5.420192661194016, 21.79918483257329], [-1.2609645971241785, 4.988017128875704], [0.8411336411811627, 2.1055551327619177], [-6.973018455027753, -8.932337624571078], [-5.03559685535267, 5.938525017802269], [4.094204373177945, -2.796037846789018], [-43.918511628928094, -5.481133351565525], [2.7320369126214397, 10.133868939408986]]]
Biases: [[0.40981995509797997, -15.37797091293956], [-7.421878345042079, -14.750088921186299, 1.5289272747966947, -1.3394114543494129, 5.240667737789586, 4.5288686505330595, -9.492058401206117, 6.916045900580286, -5.216804759213486]]

========== PERFECT NETWORK ==========
Generation: 132424
Network Structure: 2 layers of 10 Hidden Large MutationsScore: 100
Weights: [[[1.0791039858774887, -7.13811227073227, 1.9085256626199023, -0.033863882526691036, 3.965371508913673, 3.1010014895201965, -4.481204240090961, 6.407673381416287, -1.9907057572072684], [-16.72448318843221, -1.105728125044153, 6.269569897006843, 4.115314979370203, -5.675500650406403, -1.3406393264602827, -2.1633213095723236, 10.022589937855102, 2.4136135866176067]], [[-26.51966005393254, -13.249672633723947], [5.38997775268895, 21.79918483257329], [-1.2609645971241785, 4.988017128875704], [0.8411336411811627, 2.1055551327619177], [-7.0090407266769414, -9.064839148558505], [-5.03559685535267, 5.7466512059910775], [4.094204373177945, -2.796037846789018], [-43.718983045796904, -5.679607413813057], [2.5552762718554014, 10.133868939408986]]]
Biases: [[0.40981995509797997, -15.37797091293956], [-7.483594887838976, -14.750088921186299, 1.5775122140929068, -1.3394114543494129, 5.236906648155616, 4.5288686505330595, -9.666792198918888, 7.102803608660478, -5.216804759213486]]

========== PERFECT NETWORK ==========
Generation: 132425
Network Structure: 2 layers of 10 Hidden Large MutationsScore: 100
Weights: [[[1.055723797216206, -7.13811227073227, 1.9085256626199023, 0.025455479491251154, 3.9271313544153243, 3.1010014895201965, -4.481204240090961, 6.407673381416287, -1.9907057572072684], [-16.72448318843221, -1.105728125044153, 6.269569897006843, 4.115314979370203, -5.675500650406403, -1.3406393264602827, -2.1633213095723236, 10.005512979303612, 2.225865138549545]], [[-26.512247044095997, -13.235572624550974], [5.38997775268895, 21.79918483257329], [-1.2609645971241785, 4.988017128875704], [0.8411336411811627, 2.12348035467653], [-6.973018455027753, -9.064839148558505], [-4.922192336820083, 5.7466512059910775], [4.094204373177945, -2.796037846789018], [-43.918511628928094, -5.481133351565525], [2.5552762718554014, 10.133868939408986]]]
Biases: [[0.40981995509797997, -15.37797091293956], [-7.483594887838976, -14.750088921186299, 1.5775122140929068, -1.3394114543494129, 5.240667737789586, 4.5288686505330595, -9.706666760603177, 6.916045900580286, -5.216804759213486]]

========== PERFECT NETWORK ==========
Generation: 132426
Network Structure: 2 layers of 10 Hidden Large MutationsScore: 100
Weights: [[[1.0791039858774887, -7.290625003896217, 1.9085256626199023, -0.033863882526691036, 3.965371508913673, 3.1010014895201965, -4.419638307591968, 6.407673381416287, -2.0265925112632823], [-16.72448318843221, -1.105728125044153, 6.269569897006843, 4.115314979370203, -5.675500650406403, -1.3406393264602827, -2.1633213095723236, 10.022589937855102, 2.357544866274111]], [[-26.51966005393254, -13.235572624550974], [5.38997775268895, 21.827866161193594], [-1.2609645971241785, 4.988017128875704], [0.8411336411811627, 2.1055551327619177], [-6.8091467879173955, -8.932337624571078], [-5.03559685535267, 5.7466512059910775], [4.094204373177945, -2.6056422390704794], [-43.8836001605996, -5.285894351739247], [2.5552762718554014, 10.133868939408986]]]
Biases: [[0.376935158701562, -15.226164515294142], [-7.421878345042079, -14.750088921186299, 1.5775122140929068, -1.3394114543494129, 5.247866888039971, 4.5288686505330595, -9.527128626870038, 6.916045900580286, -5.216804759213486]]

========== PERFECT NETWORK ==========
Generation: 132427
Network Structure: 2 layers of 10 Hidden Large MutationsScore: 100
Weights: [[[1.091192022634445, -7.13811227073227, 1.9085256626199023, -0.033863882526691036, 3.965371508913673, 3.1010014895201965, -4.419638307591968, 6.407673381416287, -2.0265925112632823], [-16.72448318843221, -1.105728125044153, 6.269569897006843, 4.043414390549681, -5.675500650406403, -1.3406393264602827, -2.1633213095723236, 10.022589937855102, 2.5381432045387147]], [[-26.51966005393254, -13.235572624550974], [5.420192661194016, 21.827866161193594], [-1.2609645971241785, 4.988017128875704], [0.8411336411811627, 2.12348035467653], [-6.8091467879173955, -8.904146743062322], [-5.03559685535267, 5.648443333063421], [4.094204373177945, -2.796037846789018], [-43.718983045796904, -5.285894351739247], [2.5552762718554014, 10.133868939408986]]]
Biases: [[0.376935158701562, -15.226164515294142], [-7.421878345042079, -14.750088921186299, 1.5775122140929068, -1.3394114543494129, 5.149073671645717, 4.5288686505330595, -9.492058401206117, 6.916045900580286, -5.216804759213486]]

========== PERFECT NETWORK ==========
Generation: 132428
Network Structure: 2 layers of 10 Hidden Large MutationsScore: 100
Weights: [[[1.0791039858774887, -7.13811227073227, 1.9085256626199023, 0.025455479491251154, 3.9271313544153243, 3.1010014895201965, -4.481204240090961, 6.373828351298662, -1.9907057572072684], [-16.72448318843221, -1.105728125044153, 6.269569897006843, 4.158109574685619, -5.675500650406403, -1.3406393264602827, -2.1815264582728737, 10.014316792652217, 2.357544866274111]], [[-26.51966005393254, -13.235572624550974], [5.420192661194016, 21.827866161193594], [-1.3952914222946622, 4.988017128875704], [0.8411336411811627, 2.12348035467653], [-6.8091467879173955, -8.803701533558149], [-5.03559685535267, 5.870029197067366], [4.094204373177945, -2.796037846789018], [-43.797931402763005, -5.481133351565525], [2.5457188514261504, 10.199613752347771]]]
Biases: [[0.4076272974361485, -15.37797091293956], [-7.483594887838976, -14.750088921186299, 1.5775122140929068, -1.3394114543494129, 5.236906648155616, 4.5288686505330595, -9.527128626870038, 7.102803608660478, -5.216804759213486]]

========== PERFECT NETWORK ==========
Generation: 132429
Network Structure: 2 layers of 10 Hidden Large MutationsScore: 86
Weights: [[[1.0791039858774887, -7.13811227073227, 1.9085256626199023, -0.033863882526691036, 4.052810067041835, 3.0574356361512725, -4.481204240090961, 6.407673381416287, -1.9907057572072684], [-16.79054582789986, -1.105728125044153, 6.269569897006843, 4.158109574685619, -5.675500650406403, -1.3406393264602827, -2.1633213095723236, 10.005512979303612, 2.5381432045387147]], [[-26.512247044095997, -13.249672633723947], [5.38997775268895, 21.827866161193594], [-1.2609645971241785, 4.988017128875704], [0.8411336411811627, 2.12348035467653], [-7.0090407266769414, -8.758420674068454], [-5.03559685535267, 5.7466512059910775], [4.094204373177945, -2.796037846789018], [-43.718983045796904, -5.285894351739247], [2.5552762718554014, 10.133868939408986]]]
Biases: [[0.4076272974361485, -15.37797091293956], [-7.483594887838976, -14.750088921186299, 1.5775122140929068, -1.3394114543494129, 5.236906648155616, 4.5288686505330595, -9.492058401206117, 6.916045900580286, -5.216804759213486]]

========== PERFECT NETWORK ==========
Generation: 132430
Network Structure: 2 layers of 10 Hidden Large MutationsScore: 100
Weights: [[[1.055723797216206, -7.13811227073227, 1.9085256626199023, -0.033863882526691036, 4.052810067041835, 3.1010014895201965, -4.481204240090961, 6.407673381416287, -1.9907057572072684], [-16.79054582789986, -1.2837955574855409, 6.269569897006843, 4.158109574685619, -5.675500650406403, -1.5299929293224082, -2.1633213095723236, 10.022589937855102, 2.5381432045387147]], [[-26.51966005393254, -13.235572624550974], [5.420192661194016, 21.827866161193594], [-1.2609645971241785, 4.988017128875704], [0.8411336411811627, 2.1055551327619177], [-7.0090407266769414, -8.736868659551162], [-5.03559685535267, 5.870029197067366], [4.094204373177945, -2.796037846789018], [-43.718983045796904, -5.481133351565525], [2.5552762718554014, 10.133868939408986]]]
Biases: [[0.40981995509797997, -15.226164515294142], [-7.293148147527138, -14.750088921186299, 1.5775122140929068, -1.3394114543494129, 5.236906648155616, 4.5288686505330595, -9.492058401206117, 6.916045900580286, -5.370973920978511]]

========== PERFECT NETWORK ==========
Generation: 132431
Network Structure: 2 layers of 10 Hidden Large MutationsScore: 100
Weights: [[[1.055723797216206, -7.13811227073227, 1.9085256626199023, -0.033863882526691036, 3.965371508913673, 3.1010014895201965, -4.481204240090961, 6.407673381416287, -1.9907057572072684], [-16.72448318843221, -1.0931500512581727, 6.269569897006843, 4.115314979370203, -5.675500650406403, -1.3406393264602827, -2.011398019218192, 10.022589937855102, 2.357544866274111]], [[-26.512247044095997, -13.396607011974577], [5.420192661194016, 21.827866161193594], [-1.190145321928194, 4.988017128875704], [0.8411336411811627, 2.12348035467653], [-6.8091467879173955, -8.758420674068454], [-4.922192336820083, 5.7466512059910775], [4.094204373177945, -2.796037846789018], [-43.311954292016864, -5.481133351565525], [2.5552762718554014, 10.133868939408986]]]
Biases: [[0.376935158701562, -15.226164515294142], [-7.421878345042079, -14.55011266258684, 1.5775122140929068, -1.3394114543494129, 5.236906648155616, 4.5288686505330595, -9.706666760603177, 6.916045900580286, -5.216804759213486]]

========== PERFECT NETWORK ==========
Generation: 132432
Network Structure: 2 layers of 10 Hidden Large MutationsScore: 100
Weights: [[[1.055723797216206, -7.13811227073227, 1.9085256626199023, 0.025455479491251154, 3.965371508913673, 3.1010014895201965, -4.481204240090961, 6.407673381416287, -1.9907057572072684], [-16.72448318843221, -1.105728125044153, 6.269569897006843, 4.158109574685619, -5.675500650406403, -1.3406393264602827, -2.1633213095723236, 10.022589937855102, 2.5381432045387147]], [[-26.512247044095997, -13.235572624550974], [5.420192661194016, 21.827866161193594], [-1.190145321928194, 4.988017128875704], [0.8411336411811627, 2.12348035467653], [-6.8091467879173955, -8.932337624571078], [-5.03559685535267, 5.870029197067366], [4.094204373177945, -2.543212105827172], [-43.79884107785368, -5.285894351739247], [2.5552762718554014, 10.17653189398559]]]
Biases: [[0.376935158701562, -15.566744640248999], [-7.421878345042079, -14.610133838823288, 1.5775122140929068, -1.3394114543494129, 5.236906648155616, 4.5288686505330595, -9.442928798470996, 6.916045900580286, -5.216804759213486]]

========== PERFECT NETWORK ==========
Generation: 132433
Network Structure: 2 layers of 10 Hidden Large MutationsScore: 100
Weights: [[[1.055723797216206, -7.13811227073227, 1.9085256626199023, 0.025455479491251154, 4.052810067041835, 3.1010014895201965, -4.481204240090961, 6.407673381416287, -2.0265925112632823], [-16.72448318843221, -1.105728125044153, 6.269569897006843, 4.115314979370203, -5.675500650406403, -1.5299929293224082, -2.1633213095723236, 10.042146065775544, 2.5381432045387147]], [[-26.51966005393254, -13.249672633723947], [5.38997775268895, 21.827866161193594], [-1.190145321928194, 4.988017128875704], [0.8411336411811627, 2.12348035467653], [-6.8091467879173955, -8.932337624571078], [-4.922192336820083, 5.7466512059910775], [4.094204373177945, -2.543212105827172], [-43.79264053556807, -5.285894351739247], [2.5552762718554014, 10.133868939408986]]]
Biases: [[0.376935158701562, -15.566744640248999], [-7.511291858672221, -14.750088921186299, 1.5775122140929068, -1.3394114543494129, 5.236906648155616, 4.5288686505330595, -9.492058401206117, 6.916045900580286, -5.216804759213486]]

========== PERFECT NETWORK ==========
Generation: 132434
Network Structure: 2 layers of 10 Hidden Large MutationsScore: 100
Weights: [[[1.055723797216206, -7.13811227073227, 1.9085256626199023, -0.033863882526691036, 3.965371508913673, 3.1010014895201965, -4.481204240090961, 6.407673381416287, -1.9907057572072684], [-16.72448318843221, -1.105728125044153, 6.269569897006843, 4.043414390549681, -5.675500650406403, -1.3406393264602827, -2.1633213095723236, 10.014316792652217, 2.5381432045387147]], [[-26.51966005393254, -13.235572624550974], [5.420192661194016, 21.827866161193594], [-1.190145321928194, 4.988017128875704], [0.8411336411811627, 2.12348035467653], [-7.0090407266769414, -8.758420674068454], [-5.03559685535267, 5.7466512059910775], [4.064279357029902, -2.796037846789018], [-43.718983045796904, -5.481133351565525], [2.5552762718554014, 10.133868939408986]]]
Biases: [[0.376935158701562, -15.226164515294142], [-7.421878345042079, -14.719645146501769, 1.5775122140929068, -1.3394114543494129, 5.236906648155616, 4.5288686505330595, -9.706666760603177, 6.916045900580286, -5.216804759213486]]

========== PERFECT NETWORK ==========
Generation: 132435
Network Structure: 2 layers of 10 Hidden Large MutationsScore: 100
Weights: [[[1.055723797216206, -7.13811227073227, 1.9085256626199023, -0.033863882526691036, 4.052810067041835, 3.1010014895201965, -4.481204240090961, 6.407673381416287, -1.9907057572072684], [-16.72448318843221, -1.105728125044153, 6.269569897006843, 4.043414390549681, -5.675500650406403, -1.3406393264602827, -2.1633213095723236, 10.022589937855102, 2.357544866274111]], [[-26.51966005393254, -13.235572624550974], [5.38997775268895, 21.827866161193594], [-1.190145321928194, 4.988017128875704], [0.8411336411811627, 2.4306785291873183], [-7.0090407266769414, -8.932337624571078], [-5.03559685535267, 5.938525017802269], [4.094204373177945, -2.796037846789018], [-43.718983045796904, -5.285894351739247], [2.5552762718554014, 10.133868939408986]]]
Biases: [[0.376935158701562, -15.37797091293956], [-7.483594887838976, -14.750088921186299, 1.5775122140929068, -1.3394114543494129, 5.047969961715025, 4.5288686505330595, -9.492058401206117, 6.916045900580286, -5.310660991709024]]

========== PERFECT NETWORK ==========
Generation: 132382
Network Structure: 2 layers of 10 Hidden Large MutationsScore: 100
Weights: [[[1.167935051383321, -7.13811227073227, 1.9544776802725479, -0.11624354638653428, 3.965371508913673, 3.1010014895201965, -4.481204240090961, 6.409190491015401, -1.9907057572072684], [-16.72448318843221, -1.2751546169332975, 6.316201248914602, 4.115314979370203, -5.798573332419675, -1.3406393264602827, -2.1633213095723236, 9.643958425323984, 2.368022063385186]], [[-26.51966005393254, -13.235572624550974], [5.420192661194016, 21.79918483257329], [-1.2609645971241785, 4.988017128875704], [0.8551107728762963, 2.3958658234415173], [-6.973018455027753, -8.932337624571078], [-5.03559685535267, 6.061542439934874], [4.094204373177945, -2.6104879760110076], [-43.918511628928094, -5.481133351565525], [2.546484385656801, 10.243481927543934]]]
Biases: [[0.40981995509797997, -15.37797091293956], [-7.421878345042079, -14.7041990023283, 1.5775122140929068, -1.2038953200325775, 5.197353230976698, 4.311546944177626, -9.666792198918888, 6.739988599161304, -5.273408814777723]]

========== PERFECT NETWORK ==========
Generation: 132383
Network Structure: 2 layers of 10 Hidden Large MutationsScore: 100
Weights: [[[1.167935051383321, -7.13811227073227, 1.7741157355470298, -0.09252018532042511, 3.965371508913673, 3.1010014895201965, -4.481204240090961, 6.291731010344333, -2.0022778954529126], [-16.72448318843221, -1.2751546169332975, 6.447375923096821, 4.115314979370203, -5.798573332419675, -1.2140436315979333, -2.508046954543545, 9.643958425323984, 2.368022063385186]], [[-26.310706805229472, -13.235572624550974], [5.420192661194016, 22.176174493229368], [-1.2609645971241785, 4.988017128875704], [0.8551107728762963, 2.3958658234415173], [-6.973018455027753, -8.932337624571078], [-5.03559685535267, 6.061542439934874], [4.094204373177945, -2.6104879760110076], [-43.918511628928094, -5.153168621872485], [2.7320369126214397, 10.243481927543934]]]
Biases: [[0.40981995509797997, -15.37797091293956], [-7.421878345042079, -14.7041990023283, 1.3971590818130664, -1.2038953200325775, 5.192249612644761, 4.467358056589523, -9.666792198918888, 6.892051810898983, -5.376556474509265]]

========== PERFECT NETWORK ==========
Generation: 132384
Network Structure: 2 layers of 10 Hidden Large MutationsScore: 86
Weights: [[[1.167935051383321, -7.1141251766043005, 1.9544776802725479, -0.11624354638653428, 3.965371508913673, 3.1010014895201965, -4.481204240090961, 6.409190491015401, -2.0022778954529126], [-16.11466394051005, -1.2751546169332975, 6.316201248914602, 4.115314979370203, -5.798573332419675, -1.2140436315979333, -2.336913992160599, 9.525312972113856, 2.2152316226231847]], [[-26.51966005393254, -13.235572624550974], [5.420192661194016, 21.982289172046677], [-1.2609645971241785, 4.988017128875704], [0.7853554091419953, 2.3958658234415173], [-6.973018455027753, -8.932337624571078], [-5.03559685535267, 5.870029197067366], [4.094204373177945, -2.6104879760110076], [-43.311954292016864, -5.481133351565525], [2.7320369126214397, 10.243481927543934]]]
Biases: [[0.40981995509797997, -15.37797091293956], [-7.548783588193901, -14.7041990023283, 1.5775122140929068, -1.2038953200325775, 5.192249612644761, 4.311546944177626, -9.666792198918888, 6.729378527357818, -5.273408814777723]]

========== PERFECT NETWORK ==========
Generation: 132385
Network Structure: 2 layers of 10 Hidden Large MutationsScore: 100
Weights: [[[1.167935051383321, -7.1141251766043005, 1.7426794706416, -0.09252018532042511, 3.965371508913673, 3.1010014895201965, -4.481204240090961, 6.291731010344333, -2.0022778954529126], [-16.72448318843221, -1.2751546169332975, 6.447375923096821, 4.115314979370203, -5.798573332419675, -1.2140436315979333, -2.508046954543545, 9.643958425323984, 2.368022063385186]], [[-26.51966005393254, -13.107197702068767], [5.367995548346899, 21.79918483257329], [-1.2609645971241785, 5.193617935127241], [0.8411336411811627, 2.3958658234415173], [-6.987726077160142, -8.932337624571078], [-5.03559685535267, 6.061542439934874], [4.094204373177945, -2.8087939558751027], [-43.918511628928094, -5.481133351565525], [2.7320369126214397, 10.243481927543934]]]
Biases: [[0.40981995509797997, -15.37797091293956], [-7.548783588193901, -14.7041990023283, 1.4094448032309561, -1.2038953200325775, 5.192249612644761, 4.467358056589523, -9.666792198918888, 6.892051810898983, -5.376556474509265]]

========== PERFECT NETWORK ==========
Generation: 132386
Network Structure: 2 layers of 10 Hidden Large MutationsScore: 100
Weights: [[[1.167935051383321, -7.1141251766043005, 1.9544776802725479, -0.11624354638653428, 3.965371508913673, 3.1010014895201965, -4.481204240090961, 6.409190491015401, -2.137007412859971], [-16.72448318843221, -1.2751546169332975, 6.42034604511674, 4.309457020456554, -5.9699973064328296, -1.3406393264602827, -2.336913992160599, 9.643958425323984, 2.368022063385186]], [[-26.51966005393254, -13.235572624550974], [5.420192661194016, 22.176174493229368], [-1.2609645971241785, 5.193617935127241], [0.7721377634198374, 2.3958658234415173], [-6.973018455027753, -8.965052416578914], [-5.03559685535267, 5.875477647996933], [4.094204373177945, -2.8087939558751027], [-43.311954292016864, -5.481133351565525], [2.7320369126214397, 10.243481927543934]]]
Biases: [[0.40981995509797997, -15.37797091293956], [-7.421878345042079, -14.7041990023283, 1.4094448032309561, -1.2038953200325775, 5.197353230976698, 4.467358056589523, -9.666792198918888, 6.729378527357818, -5.273408814777723]]

========== PERFECT NETWORK ==========
Generation: 132387
Network Structure: 2 layers of 10 Hidden Large MutationsScore: 100
Weights: [[[1.167935051383321, -7.13811227073227, 1.9544776802725479, -0.11624354638653428, 3.965371508913673, 3.1010014895201965, -4.481204240090961, 6.291731010344333, -2.137007412859971], [-16.11466394051005, -1.2751546169332975, 6.447375923096821, 4.115314979370203, -5.798573332419675, -1.3406393264602827, -2.336913992160599, 9.525312972113856, 2.368022063385186]], [[-26.51966005393254, -13.107197702068767], [5.420192661194016, 22.176174493229368], [-1.2732953980007629, 5.090613787004436], [0.7721377634198374, 2.3958658234415173], [-6.973018455027753, -8.965052416578914], [-5.03559685535267, 6.061542439934874], [4.094204373177945, -2.8087939558751027], [-43.918511628928094, -5.153168621872485], [2.7320369126214397, 10.072818870826268]]]
Biases: [[0.40981995509797997, -15.37797091293956], [-7.421878345042079, -14.7041990023283, 1.4094448032309561, -1.2038953200325775, 5.192249612644761, 4.467358056589523, -9.666792198918888, 6.892051810898983, -5.273408814777723]]

========== PERFECT NETWORK ==========
Generation: 132388
Network Structure: 2 layers of 10 Hidden Large MutationsScore: 100
Weights: [[[1.122738230690903, -7.13811227073227, 1.9544776802725479, -0.11624354638653428, 3.965371508913673, 3.0744461878394964, -4.4740107885444464, 6.291731010344333, -2.105703305037245], [-16.11466394051005, -1.2751546169332975, 6.447375923096821, 4.309457020456554, -5.798573332419675, -1.116772401702311, -2.508046954543545, 9.643958425323984, 2.368022063385186]], [[-26.51966005393254, -13.235572624550974], [5.420192661194016, 22.176174493229368], [-1.2609645971241785, 5.090613787004436], [0.8239813562971323, 2.357190597070969], [-6.987726077160142, -8.932337624571078], [-5.153219763996374, 5.933848190650719], [4.094204373177945, -2.8087939558751027], [-43.918511628928094, -5.481133351565525], [2.7320369126214397, 10.243481927543934]]]
Biases: [[0.40981995509797997, -15.37797091293956], [-7.421878345042079, -14.7041990023283, 1.4081137278213436, -1.2038953200325775, 5.197353230976698, 4.467358056589523, -9.774925715267397, 6.729378527357818, -5.376556474509265]]

========== PERFECT NETWORK ==========
Generation: 132389
Network Structure: 2 layers of 10 Hidden Large MutationsScore: 100
Weights: [[[1.167935051383321, -7.13811227073227, 2.1067573141399625, -0.09252018532042511, 3.965371508913673, 3.1010014895201965, -4.481204240090961, 6.291731010344333, -2.137007412859971], [-16.73607822348685, -1.2305730097223817, 6.447375923096821, 4.115314979370203, -5.798573332419675, -1.3406393264602827, -2.508046954543545, 9.536856448753255, 2.371149070611811]], [[-26.51966005393254, -13.107197702068767], [5.420192661194016, 22.176174493229368], [-1.2732953980007629, 5.193617935127241], [0.7721377634198374, 2.3958658234415173], [-6.987726077160142, -8.965052416578914], [-5.03559685535267, 6.061542439934874], [4.094204373177945, -2.8087939558751027], [-43.918511628928094, -5.481133351565525], [2.7320369126214397, 10.243481927543934]]]
Biases: [[0.40981995509797997, -15.37797091293956], [-7.292949288107543, -14.7041990023283, 1.4081137278213436, -1.2038953200325775, 5.157059619573034, 4.467358056589523, -9.666792198918888, 6.892051810898983, -5.273408814777723]]

========== PERFECT NETWORK ==========
Generation: 132390
Network Structure: 2 layers of 10 Hidden Large MutationsScore: 94
Weights: [[[1.122738230690903, -7.13811227073227, 1.7900752435709437, -0.2403460948872007, 3.965371508913673, 3.1010014895201965, -4.481204240090961, 6.291731010344333, -1.9444013503997293], [-16.11466394051005, -1.2305730097223817, 6.447375923096821, 4.115314979370203, -5.798573332419675, -1.2140436315979333, -2.508046954543545, 9.525312972113856, 2.368022063385186]], [[-26.51966005393254, -13.107197702068767], [5.420192661194016, 21.99941216427966], [-1.2732953980007629, 5.090613787004436], [0.8239813562971323, 2.234517932643736], [-7.051156378533566, -8.932337624571078], [-5.167240370881496, 5.870029197067366], [4.094204373177945, -2.8087939558751027], [-43.918511628928094, -5.481133351565525], [2.7320369126214397, 10.243481927543934]]]
Biases: [[0.40981995509797997, -15.37797091293956], [-7.548783588193901, -14.7041990023283, 1.4094448032309561, -1.2038953200325775, 5.192249612644761, 4.467358056589523, -9.666792198918888, 6.729378527357818, -5.376556474509265]]

========== PERFECT NETWORK ==========
Generation: 132391
Network Structure: 2 layers of 10 Hidden Large MutationsScore: 100
Weights: [[[1.167935051383321, -7.1141251766043005, 1.9544776802725479, -0.11624354638653428, 3.965371508913673, 3.1010014895201965, -4.481204240090961, 6.291731010344333, -2.0022778954529126], [-16.73607822348685, -1.2751546169332975, 6.447375923096821, 4.115314979370203, -5.89058330977957, -1.2140436315979333, -2.1633213095723236, 9.643958425323984, 2.368022063385186]], [[-26.534456098186553, -13.078231300953952], [5.420192661194016, 22.365099350033958], [-1.2964245700221533, 4.9439439844425115], [0.7721377634198374, 2.3958658234415173], [-6.928481464102884, -8.932337624571078], [-5.03559685535267, 6.061542439934874], [4.094204373177945, -2.8100516772760513], [-43.918511628928094, -5.481133351565525], [2.7320369126214397, 10.243481927543934]]]
Biases: [[0.40981995509797997, -15.37797091293956], [-7.548783588193901, -14.7041990023283, 1.4094448032309561, -1.2038953200325775, 5.192249612644761, 4.467358056589523, -9.666792198918888, 6.7860822395799145, -5.273408814777723]]

========== PERFECT NETWORK ==========
Generation: 132392
Network Structure: 2 layers of 10 Hidden Large MutationsScore: 100
Weights: [[[1.122738230690903, -7.13811227073227, 1.9544776802725479, -0.2403460948872007, 3.965371508913673, 3.1010014895201965, -4.481204240090961, 6.489352899715197, -1.9444013503997293], [-16.159671421801786, -1.2305730097223817, 6.447375923096821, 4.115314979370203, -5.798573332419675, -1.2140436315979333, -2.1633213095723236, 9.643958425323984, 2.368022063385186]], [[-26.51966005393254, -13.235572624550974], [5.420192661194016, 22.176174493229368], [-1.2732953980007629, 5.090613787004436], [0.8551107728762963, 2.3958658234415173], [-7.051156378533566, -8.932337624571078], [-5.153219763996374, 6.061542439934874], [4.094204373177945, -2.8087939558751027], [-43.311954292016864, -5.481133351565525], [2.7320369126214397, 10.243481927543934]]]
Biases: [[0.40981995509797997, -15.37797091293956], [-7.468400021937071, -14.7041990023283, 1.4094448032309561, -1.2038953200325775, 5.192249612644761, 4.467358056589523, -9.666792198918888, 6.976767487484804, -5.376556474509265]]

========== PERFECT NETWORK ==========
Generation: 132393
Network Structure: 2 layers of 10 Hidden Large MutationsScore: 85
Weights: [[[1.167935051383321, -7.13811227073227, 1.7426794706416, -0.11624354638653428, 3.965371508913673, 3.1010014895201965, -4.481204240090961, 6.409190491015401, -2.0022778954529126], [-16.159671421801786, -1.2305730097223817, 6.447375923096821, 4.115314979370203, -5.89058330977957, -1.3406393264602827, -2.1633213095723236, 9.525312972113856, 2.368022063385186]], [[-26.51966005393254, -13.078231300953952], [5.420192661194016, 22.365099350033958], [-1.2732953980007629, 5.090613787004436], [0.8816200771802298, 2.3958658234415173], [-6.928481464102884, -8.932337624571078], [-5.153219763996374, 5.870029197067366], [4.094204373177945, -2.8087939558751027], [-43.918511628928094, -5.481133351565525], [2.7320369126214397, 10.243481927543934]]]
Biases: [[0.40981995509797997, -15.5080901063553], [-7.468400021937071, -14.7041990023283, 1.4094448032309561, -1.2038953200325775, 5.192249612644761, 4.560025029561202, -9.666792198918888, 6.976767487484804, -5.273408814777723]]

========== PERFECT NETWORK ==========
Generation: 132394
Network Structure: 2 layers of 10 Hidden Large MutationsScore: 100
Weights: [[[1.1383714126580393, -7.13811227073227, 1.9544776802725479, -0.11624354638653428, 3.965371508913673, 3.1010014895201965, -4.481204240090961, 6.291731010344333, -2.0022778954529126], [-16.11466394051005, -1.5324977789052243, 6.447375923096821, 4.4967024662144945, -5.798573332419675, -0.9814967403939627, -2.508046954543545, 9.525312972113856, 2.368022063385186]], [[-26.51966005393254, -13.107197702068767], [5.420192661194016, 22.176174493229368], [-1.2553068224565618, 5.090613787004436], [0.8239813562971323, 2.3958658234415173], [-6.973018455027753, -8.932337624571078], [-5.167240370881496, 6.061542439934874], [4.094204373177945, -2.8100516772760513], [-43.311954292016864, -5.153168621872485], [2.7320369126214397, 10.072818870826268]]]
Biases: [[0.40981995509797997, -15.37797091293956], [-7.421878345042079, -14.7041990023283, 1.4094448032309561, -1.2038953200325775, 5.192249612644761, 4.467358056589523, -9.666792198918888, 6.7860822395799145, -5.273408814777723]]

========== PERFECT NETWORK ==========
Generation: 132395
Network Structure: 2 layers of 10 Hidden Large MutationsScore: 100
Weights: [[[1.167935051383321, -7.13811227073227, 1.8591683169272488, -0.11624354638653428, 3.965371508913673, 3.1010014895201965, -4.481204240090961, 6.291731010344333, -1.9907057572072684], [-16.72448318843221, -1.5324977789052243, 6.447375923096821, 4.115314979370203, -5.925800918643941, -1.2140436315979333, -2.508046954543545, 9.525312972113856, 2.2152316226231847]], [[-26.49554557939967, -13.235572624550974], [5.420192661194016, 22.365099350033958], [-1.2964245700221533, 4.949476556803451], [0.8239813562971323, 2.0970764615629838], [-6.973018455027753, -8.926412602237884], [-5.03559685535267, 6.061542439934874], [4.224106420453678, -2.8100516772760513], [-43.28465139593543, -4.299477176727873], [2.7320369126214397, 10.072818870826268]]]
Biases: [[0.40981995509797997, -15.37797091293956], [-7.421878345042079, -14.7041990023283, 1.4094448032309561, -1.2038953200325775, 5.192249612644761, 4.467358056589523, -9.666792198918888, 6.7860822395799145, -5.273408814777723]]

========== PERFECT NETWORK ==========
Generation: 132396
Network Structure: 2 layers of 10 Hidden Large MutationsScore: 100
Weights: [[[1.167935051383321, -7.13811227073227, 1.9544776802725479, -0.11624354638653428, 3.965371508913673, 3.1010014895201965, -4.481204240090961, 6.291731010344333, -2.0022778954529126], [-16.73607822348685, -1.168091892889282, 6.447375923096821, 4.309457020456554, -5.798573332419675, -0.9814967403939627, -2.1633213095723236, 9.643958425323984, 2.2614543983920528]], [[-26.51966005393254, -13.235572624550974], [5.420192661194016, 22.160672518923654], [-1.2553068224565618, 5.090613787004436], [0.8239813562971323, 2.0970764615629838], [-6.973018455027753, -9.023533039823013], [-5.03559685535267, 6.181932239957777], [4.094204373177945, -2.8100516772760513], [-43.311954292016864, -5.153168621872485], [2.7320369126214397, 10.243481927543934]]]
Biases: [[0.38091621675257686, -15.37797091293956], [-7.421878345042079, -14.7041990023283, 1.4094448032309561, -1.2038953200325775, 5.192249612644761, 4.467358056589523, -9.666792198918888, 6.7860822395799145, -5.376556474509265]]

========== PERFECT NETWORK ==========
Generation: 132397
Network Structure: 2 layers of 10 Hidden Large MutationsScore: 100
Weights: [[[1.167935051383321, -7.13811227073227, 2.1067573141399625, -0.11624354638653428, 3.965371508913673, 3.1010014895201965, -4.481204240090961, 6.291731010344333, -2.0022778954529126], [-16.73607822348685, -1.5324977789052243, 6.447375923096821, 4.115314979370203, -5.798573332419675, -1.2140436315979333, -2.508046954543545, 9.525312972113856, 2.368022063385186]], [[-26.51966005393254, -13.107197702068767], [5.420192661194016, 21.99941216427966], [-1.14089248998226, 4.949476556803451], [0.8239813562971323, 2.3958658234415173], [-6.973018455027753, -8.926412602237884], [-5.03559685535267, 6.061542439934874], [4.094204373177945, -2.8087939558751027], [-43.311954292016864, -5.481133351565525], [2.7320369126214397, 10.072818870826268]]]
Biases: [[0.40981995509797997, -15.37797091293956], [-7.421878345042079, -14.566020921871576, 1.4094448032309561, -1.2038953200325775, 5.192249612644761, 4.467358056589523, -9.666792198918888, 6.7860822395799145, -5.273408814777723]]

========== PERFECT NETWORK ==========
Generation: 132398
Network Structure: 2 layers of 10 Hidden Large MutationsScore: 100
Weights: [[[1.167935051383321, -7.13811227073227, 1.8591683169272488, -0.11624354638653428, 3.965371508913673, 3.1010014895201965, -4.481204240090961, 6.291731010344333, -2.0022778954529126], [-16.72448318843221, -1.2305730097223817, 6.447375923096821, 4.115314979370203, -5.798573332419675, -1.2140436315979333, -2.508046954543545, 9.525312972113856, 2.2614543983920528]], [[-26.51966005393254, -13.107197702068767], [5.420192661194016, 21.99941216427966], [-1.2609645971241785, 5.090613787004436], [0.8239813562971323, 2.3958658234415173], [-6.973018455027753, -9.023533039823013], [-5.03559685535267, 6.061542439934874], [4.094204373177945, -2.8100516772760513], [-43.311954292016864, -5.481133351565525], [2.7320369126214397, 10.072818870826268]]]
Biases: [[0.40981995509797997, -15.37797091293956], [-7.421878345042079, -14.7041990023283, 1.4094448032309561, -1.2038953200325775, 5.192249612644761, 4.467358056589523, -9.774807991566423, 6.7860822395799145, -5.273408814777723]]

========== PERFECT NETWORK ==========
Generation: 132399
Network Structure: 2 layers of 10 Hidden Large MutationsScore: 100
Weights: [[[1.167935051383321, -7.13811227073227, 1.7900752435709437, -0.11624354638653428, 3.965371508913673, 3.1010014895201965, -4.481204240090961, 6.409190491015401, -1.9907057572072684], [-16.11466394051005, -1.080835612767531, 6.447375923096821, 4.115314979370203, -5.798573332419675, -1.2140436315979333, -2.508046954543545, 9.525312972113856, 2.2152316226231847]], [[-26.51966005393254, -13.418166955442723], [5.420192661194016, 22.365099350033958], [-1.2674300898949393, 5.090613787004436], [0.7721377634198374, 2.0970764615629838], [-6.973018455027753, -8.965052416578914], [-5.03559685535267, 6.181932239957777], [4.094204373177945, -2.6104879760110076], [-43.28465139593543, -5.153168621872485], [2.7320369126214397, 10.072818870826268]]]
Biases: [[0.40981995509797997, -15.37797091293956], [-7.548783588193901, -14.7041990023283, 1.4094448032309561, -1.2038953200325775, 5.192249612644761, 4.467358056589523, -9.566051973624116, 6.209853694446087, -5.560591805634035]]

========== PERFECT NETWORK ==========
Generation: 132400
Network Structure: 2 layers of 10 Hidden Large MutationsScore: 100
Weights: [[[1.167935051383321, -7.13811227073227, 1.8591683169272488, -0.11624354638653428, 3.965371508913673, 3.1010014895201965, -4.481204240090961, 6.291731010344333, -1.9907057572072684], [-16.73607822348685, -1.2751546169332975, 6.447375923096821, 4.205765366264388, -5.798573332419675, -0.9814967403939627, -2.508046954543545, 9.330798807706932, 2.2614543983920528]], [[-26.51966005393254, -13.107197702068767], [5.420192661194016, 22.365099350033958], [-1.2553068224565618, 4.949476556803451], [0.8239813562971323, 2.224271441866597], [-6.973018455027753, -8.926412602237884], [-5.03559685535267, 6.061542439934874], [4.094204373177945, -2.6104879760110076], [-43.28465139593543, -5.481133351565525], [2.7320369126214397, 10.243481927543934]]]
Biases: [[0.40981995509797997, -15.37797091293956], [-7.626237170118164, -14.7041990023283, 1.2764895669633454, -1.2038953200325775, 5.192249612644761, 4.467358056589523, -9.666792198918888, 6.700456496003498, -5.416297687100114]]

========== PERFECT NETWORK ==========
Generation: 132401
Network Structure: 2 layers of 10 Hidden Large MutationsScore: 100
Weights: [[[1.167935051383321, -7.13811227073227, 1.7900752435709437, -0.11624354638653428, 3.965371508913673, 3.1010014895201965, -4.481204240090961, 6.409190491015401, -1.9907057572072684], [-16.11466394051005, -1.2305730097223817, 6.447375923096821, 4.115314979370203, -5.798573332419675, -1.2140436315979333, -2.508046954543545, 9.525312972113856, 2.2152316226231847]], [[-26.51966005393254, -13.107197702068767], [5.420192661194016, 21.99941216427966], [-1.2674300898949393, 5.090613787004436], [0.8361020848560794, 2.219231458598597], [-6.973018455027753, -9.023533039823013], [-5.03559685535267, 6.181932239957777], [4.094204373177945, -2.495897826336709], [-43.28465139593543, -5.481133351565525], [2.7320369126214397, 10.072818870826268]]]
Biases: [[0.40981995509797997, -15.37797091293956], [-7.421878345042079, -14.7041990023283, 1.4094448032309561, -1.2038953200325775, 5.192249612644761, 4.467358056589523, -9.666792198918888, 6.7860822395799145, -5.376556474509265]]

========== PERFECT NETWORK ==========
Generation: 132402
Network Structure: 2 layers of 10 Hidden Large MutationsScore: 100
Weights: [[[1.167935051383321, -7.13811227073227, 1.9544776802725479, -0.11624354638653428, 3.965371508913673, 3.076951112963158, -4.481204240090961, 6.291731010344333, -2.0022778954529126], [-16.11466394051005, -1.2305730097223817, 6.447375923096821, 4.115314979370203, -5.741981669450125, -1.1405944475423717, -2.508046954543545, 9.330798807706932, 2.1632445981349084]], [[-26.51966005393254, -13.073433535280817], [5.420192661194016, 21.99941216427966], [-1.2553068224565618, 5.090613787004436], [0.8239813562971323, 2.596079210305674], [-6.973018455027753, -8.965052416578914], [-5.03559685535267, 6.061542439934874], [4.094204373177945, -2.6104879760110076], [-43.28465139593543, -5.481133351565525], [2.7320369126214397, 9.92950809924244]]]
Biases: [[0.40981995509797997, -15.37797091293956], [-7.421878345042079, -14.7041990023283, 1.4094448032309561, -1.2038953200325775, 5.112507728590445, 4.467358056589523, -9.666792198918888, 6.7860822395799145, -5.376556474509265]]

========== PERFECT NETWORK ==========
Generation: 132403
Network Structure: 2 layers of 10 Hidden Large MutationsScore: 100
Weights: [[[1.167935051383321, -7.13811227073227, 1.8591683169272488, -0.11624354638653428, 3.965371508913673, 2.932547478560439, -4.481204240090961, 6.291731010344333, -2.0022778954529126], [-16.73607822348685, -1.2751546169332975, 6.447375923096821, 4.115314979370203, -5.798573332419675, -0.9814967403939627, -2.508046954543545, 9.643958425323984, 2.2152316226231847]], [[-26.51966005393254, -13.107197702068767], [5.420192661194016, 22.365099350033958], [-1.3778824333712525, 5.090613787004436], [0.8239813562971323, 2.224271441866597], [-6.973018455027753, -8.926412602237884], [-5.03559685535267, 5.870029197067366], [4.094204373177945, -2.8100516772760513], [-43.28465139593543, -4.344748465560528], [2.7320369126214397, 10.243481927543934]]]
Biases: [[0.40981995509797997, -15.37797091293956], [-7.421878345042079, -14.7041990023283, 1.4094448032309561, -1.2038953200325775, 5.192249612644761, 4.467358056589523, -9.686419547713014, 6.7860822395799145, -5.376556474509265]]

========== PERFECT NETWORK ==========
Generation: 132404
Network Structure: 2 layers of 10 Hidden Large MutationsScore: 100
Weights: [[[1.167935051383321, -7.13811227073227, 1.9544776802725479, -0.11624354638653428, 3.965371508913673, 3.1010014895201965, -4.537925232480655, 6.291731010344333, -2.0022778954529126], [-16.73607822348685, -1.353109704370048, 6.447375923096821, 4.115314979370203, -5.798573332419675, -0.9814967403939627, -2.508046954543545, 9.525312972113856, 2.2152316226231847]], [[-26.51966005393254, -13.302796030409377], [5.420192661194016, 21.99941216427966], [-1.2609645971241785, 5.090613787004436], [0.7721377634198374, 2.596079210305674], [-6.973018455027753, -8.926412602237884], [-5.03559685535267, 6.061542439934874], [4.094204373177945, -2.6104879760110076], [-43.400304952642934, -4.299477176727873], [2.7320369126214397, 10.243481927543934]]]
Biases: [[0.40981995509797997, -15.37797091293956], [-7.421878345042079, -14.7041990023283, 1.4022736401632314, -1.2038953200325775, 5.192249612644761, 4.467358056589523, -9.666792198918888, 6.700456496003498, -5.376556474509265]]

========== PERFECT NETWORK ==========
Generation: 132405
Network Structure: 2 layers of 10 Hidden Large MutationsScore: 100
Weights: [[[1.167935051383321, -7.13811227073227, 1.9544776802725479, -0.11624354638653428, 3.965371508913673, 3.1010014895201965, -4.481204240090961, 6.291731010344333, -2.1029326895784255], [-16.58487420531185, -1.2305730097223817, 6.447375923096821, 4.115314979370203, -5.798573332419675, -0.9814967403939627, -3.4883465527292037, 9.525312972113856, 2.2614543983920528]], [[-26.51966005393254, -13.19863235311726], [5.420192661194016, 22.365099350033958], [-1.14089248998226, 5.090613787004436], [0.8239813562971323, 2.596079210305674], [-6.973018455027753, -8.926412602237884], [-5.03559685535267, 6.061542439934874], [4.094204373177945, -2.6104879760110076], [-43.66479216917115, -4.344748465560528], [2.7320369126214397, 10.243481927543934]]]
Biases: [[0.40981995509797997, -15.37797091293956], [-7.441995980187584, -14.7041990023283, 1.4094448032309561, -1.2038953200325775, 5.192249612644761, 4.467358056589523, -9.666792198918888, 6.7860822395799145, -5.736432259372035]]

========== PERFECT NETWORK ==========
Generation: 132406
Network Structure: 2 layers of 10 Hidden Large MutationsScore: 100
Weights: [[[1.167935051383321, -7.13811227073227, 1.9544776802725479, -0.11624354638653428, 3.946665774343429, 3.1010014895201965, -4.481204240090961, 6.291731010344333, -2.0022778954529126], [-16.73607822348685, -1.353109704370048, 6.447375923096821, 4.115314979370203, -5.798573332419675, -1.0672680865450244, -2.508046954543545, 9.525312972113856, 2.1632445981349084]], [[-26.51966005393254, -13.107197702068767], [5.420192661194016, 22.365099350033958], [-1.2674300898949393, 5.090613787004436], [0.7721377634198374, 2.224271441866597], [-6.973018455027753, -8.965052416578914], [-5.03559685535267, 5.883937773738342], [4.094204373177945, -2.6104879760110076], [-43.28465139593543, -5.481133351565525], [2.7320369126214397, 9.92950809924244]]]
Biases: [[0.40981995509797997, -15.37797091293956], [-7.421878345042079, -14.7041990023283, 1.4094448032309561, -1.2038953200325775, 5.192249612644761, 4.467358056589523, -9.686419547713014, 6.980777853639984, -5.273408814777723]]

========== PERFECT NETWORK ==========
Generation: 132407
Network Structure: 2 layers of 10 Hidden Large MutationsScore: 100
Weights: [[[1.167935051383321, -7.13811227073227, 1.9544776802725479, 0.06812192348096507, 3.943642475634863, 3.1010014895201965, -4.481204240090961, 6.291731010344333, -1.9907057572072684], [-16.11466394051005, -1.080835612767531, 6.447375923096821, 4.115314979370203, -5.798573332419675, -0.9814967403939627, -2.508046954543545, 9.525312972113856, 2.2152316226231847]], [[-26.51966005393254, -13.107197702068767], [5.420192661194016, 22.365099350033958], [-1.2674300898949393, 5.090613787004436], [0.8239813562971323, 2.224271441866597], [-6.973018455027753, -8.926412602237884], [-5.03559685535267, 5.883937773738342], [4.094204373177945, -3.0954563677154625], [-43.28465139593543, -5.481133351565525], [2.7320369126214397, 10.072818870826268]]]
Biases: [[0.40981995509797997, -15.37797091293956], [-7.421878345042079, -14.7041990023283, 1.4094448032309561, -1.2038953200325775, 5.192249612644761, 4.467358056589523, -9.686419547713014, 6.899242085426901, -5.273408814777723]]

========== PERFECT NETWORK ==========
Generation: 132408
Network Structure: 2 layers of 10 Hidden Large MutationsScore: 100
Weights: [[[1.167935051383321, -7.13811227073227, 1.9544776802725479, -0.11624354638653428, 3.943642475634863, 3.1010014895201965, -4.481204240090961, 6.291731010344333, -1.9907057572072684], [-16.11466394051005, -1.080835612767531, 6.447375923096821, 4.115314979370203, -5.798573332419675, -0.9814967403939627, -2.508046954543545, 9.330798807706932, 2.2152316226231847]], [[-26.51966005393254, -13.107197702068767], [5.420192661194016, 21.99941216427966], [-1.14089248998226, 5.090613787004436], [0.8239813562971323, 2.224271441866597], [-6.973018455027753, -8.926412602237884], [-5.03559685535267, 5.883937773738342], [4.094204373177945, -2.6104879760110076], [-43.28465139593543, -5.481133351565525], [2.7320369126214397, 10.072818870826268]]]
Biases: [[0.40981995509797997, -15.37797091293956], [-7.421878345042079, -14.7041990023283, 1.4094448032309561, -1.2038953200325775, 5.192249612644761, 4.467358056589523, -9.666792198918888, 6.899242085426901, -5.273408814777723]]

========== PERFECT NETWORK ==========
Generation: 132409
Network Structure: 2 layers of 10 Hidden Large MutationsScore: 32
Weights: [[[1.16894955897941, -7.13811227073227, 1.9544776802725479, -0.11624354638653428, 3.946665774343429, 3.1010014895201965, -4.481204240090961, 6.291731010344333, -2.0022778954529126], [-16.73607822348685, -1.353109704370048, 6.447375923096821, 4.115314979370203, -5.798573332419675, -1.2806031275023435, -2.508046954543545, 9.525312972113856, 2.2152316226231847]], [[-26.51966005393254, -13.418166955442723], [5.420192661194016, 22.365099350033958], [-1.14089248998226, 5.195155339179761], [0.8239813562971323, 2.765469431157635], [-6.973018455027753, -8.926412602237884], [-5.03559685535267, 5.7502651168558065], [4.094204373177945, -2.6104879760110076], [-43.28465139593543, -5.481133351565525], [2.7320369126214397, 10.067173337674419]]]
Biases: [[0.40981995509797997, -15.199875297513787], [-7.441995980187584, -14.7041990023283, 1.4022736401632314, -1.2038953200325775, 5.052585785648134, 4.467358056589523, -9.666792198918888, 6.700456496003498, -5.250211816917209]]

========== PERFECT NETWORK ==========
Generation: 132410
Network Structure: 2 layers of 10 Hidden Large MutationsScore: 76
Weights: [[[1.2521674279648092, -7.13811227073227, 1.8591683169272488, -0.11624354638653428, 3.946665774343429, 3.1010014895201965, -4.481204240090961, 6.291731010344333, -2.0022778954529126], [-16.73607822348685, -1.2647980316717011, 6.447375923096821, 4.115314979370203, -5.798573332419675, -0.9814967403939627, -2.4149355171357896, 9.525312972113856, 2.2152316226231847]], [[-26.51966005393254, -13.19863235311726], [5.420192661194016, 21.99941216427966], [-1.2674300898949393, 5.090613787004436], [0.7721377634198374, 2.224271441866597], [-6.973018455027753, -8.926412602237884], [-5.03559685535267, 6.061542439934874], [4.094204373177945, -2.6104879760110076], [-43.28465139593543, -5.332513076525384], [2.7320369126214397, 10.243481927543934]]]
Biases: [[0.40981995509797997, -15.37797091293956], [-7.421878345042079, -14.645336853207263, 1.4022736401632314, -1.2038953200325775, 5.052585785648134, 4.467358056589523, -9.666792198918888, 6.7860822395799145, -5.736432259372035]]

========== PERFECT NETWORK ==========
Generation: 132411
Network Structure: 2 layers of 10 Hidden Large MutationsScore: 100
Weights: [[[1.16894955897941, -7.13811227073227, 1.9544776802725479, -0.11624354638653428, 3.946665774343429, 3.1010014895201965, -4.481204240090961, 6.291731010344333, -2.0022778954529126], [-16.614100607599212, -1.353109704370048, 6.376923117594656, 4.115314979370203, -5.9265356326986405, -1.1457385671880225, -2.508046954543545, 9.525312972113856, 2.2152316226231847]], [[-26.51966005393254, -13.302796030409377], [5.420192661194016, 22.365099350033958], [-1.2674300898949393, 5.090613787004436], [0.8239813562971323, 2.765469431157635], [-6.973018455027753, -8.926412602237884], [-5.03559685535267, 6.061542439934874], [4.094204373177945, -2.6104879760110076], [-43.28465139593543, -5.332513076525384], [2.7320369126214397, 10.243481927543934]]]
Biases: [[0.40981995509797997, -15.37797091293956], [-7.421878345042079, -14.7041990023283, 1.4022736401632314, -1.2038953200325775, 5.052585785648134, 4.467358056589523, -9.666792198918888, 6.7860822395799145, -5.736432259372035]]

========== PERFECT NETWORK ==========
Generation: 132412
Network Structure: 2 layers of 10 Hidden Large MutationsScore: 100
Weights: [[[1.16894955897941, -7.13811227073227, 1.9544776802725479, -0.11624354638653428, 4.111209922330056, 3.1010014895201965, -4.481204240090961, 6.291731010344333, -1.9907057572072684], [-16.11466394051005, -1.353109704370048, 6.447375923096821, 4.115314979370203, -5.798573332419675, -0.9814967403939627, -2.508046954543545, 9.525312972113856, 2.2152316226231847]], [[-26.51966005393254, -13.418166955442723], [5.420192661194016, 22.365099350033958], [-1.14089248998226, 5.256020452220132], [0.8276341541467638, 2.596079210305674], [-6.973018455027753, -8.926412602237884], [-5.03559685535267, 6.0325555806315885], [4.094204373177945, -3.0954563677154625], [-43.28465139593543, -5.481133351565525], [2.7320369126214397, 9.92950809924244]]]
Biases: [[0.40981995509797997, -15.37797091293956], [-7.441995980187584, -14.7041990023283, 1.4094448032309561, -1.2038953200325775, 5.192249612644761, 4.461677831898436, -9.666792198918888, 6.7860822395799145, -5.250211816917209]]

========== PERFECT NETWORK ==========
Generation: 132382
Network Structure: 2 layers of 10 Hidden Large MutationsScore: 100
Weights: [[[1.167935051383321, -7.13811227073227, 1.9544776802725479, -0.11624354638653428, 3.965371508913673, 3.1010014895201965, -4.481204240090961, 6.409190491015401, -1.9907057572072684], [-16.72448318843221, -1.2751546169332975, 6.316201248914602, 4.115314979370203, -5.798573332419675, -1.3406393264602827, -2.1633213095723236, 9.643958425323984, 2.368022063385186]], [[-26.51966005393254, -13.235572624550974], [5.420192661194016, 21.79918483257329], [-1.2609645971241785, 4.988017128875704], [0.8551107728762963, 2.3958658234415173], [-6.973018455027753, -8.932337624571078], [-5.03559685535267, 6.061542439934874], [4.094204373177945, -2.6104879760110076], [-43.918511628928094, -5.481133351565525], [2.546484385656801, 10.243481927543934]]]
Biases: [[0.40981995509797997, -15.37797091293956], [-7.421878345042079, -14.7041990023283, 1.5775122140929068, -1.2038953200325775, 5.197353230976698, 4.311546944177626, -9.666792198918888, 6.739988599161304, -5.273408814777723]]

========== PERFECT NETWORK ==========
Generation: 132383
Network Structure: 2 layers of 10 Hidden Large MutationsScore: 100
Weights: [[[1.167935051383321, -7.1141251766043005, 1.9544776802725479, -0.11624354638653428, 3.965371508913673, 3.1010014895201965, -4.481204240090961, 6.409190491015401, -1.9902698517697104], [-16.72448318843221, -1.2751546169332975, 6.447375923096821, 4.115314979370203, -5.798573332419675, -1.3406393264602827, -2.508046954543545, 9.643958425323984, 2.368022063385186]], [[-26.51966005393254, -13.235572624550974], [5.420192661194016, 21.79918483257329], [-1.2609645971241785, 5.193617935127241], [0.8551107728762963, 2.3958658234415173], [-6.987726077160142, -8.932337624571078], [-5.03559685535267, 6.061542439934874], [4.094204373177945, -2.6104879760110076], [-43.311954292016864, -5.607394899742009], [2.7320369126214397, 10.243481927543934]]]
Biases: [[0.40981995509797997, -15.37797091293956], [-7.548783588193901, -14.7041990023283, 1.5775122140929068, -1.2038953200325775, 5.197353230976698, 4.311546944177626, -9.666792198918888, 6.739988599161304, -5.376556474509265]]

========== PERFECT NETWORK ==========
Generation: 132384
Network Structure: 2 layers of 10 Hidden Large MutationsScore: 100
Weights: [[[1.167935051383321, -7.13811227073227, 1.7741157355470298, -0.10189675757723235, 3.965371508913673, 3.1010014895201965, -4.481204240090961, 6.291731010344333, -2.0022778954529126], [-16.72448318843221, -1.0813609609799495, 6.42034604511674, 4.115314979370203, -5.798573332419675, -1.3406393264602827, -2.336913992160599, 9.643958425323984, 2.368022063385186]], [[-26.51966005393254, -13.235572624550974], [5.416066923132231, 22.176174493229368], [-1.2609645971241785, 5.158772351549715], [0.8551107728762963, 2.357190597070969], [-6.987726077160142, -8.932337624571078], [-5.03559685535267, 5.870029197067366], [4.094204373177945, -2.6104879760110076], [-43.918511628928094, -5.153168621872485], [2.7320369126214397, 10.243481927543934]]]
Biases: [[0.40981995509797997, -15.37797091293956], [-7.421878345042079, -14.7041990023283, 1.3971590818130664, -1.2038953200325775, 5.197353230976698, 4.467358056589523, -9.666792198918888, 6.892051810898983, -5.376556474509265]]

========== PERFECT NETWORK ==========
Generation: 132385
Network Structure: 2 layers of 10 Hidden Large MutationsScore: 100
Weights: [[[1.167935051383321, -7.13811227073227, 1.7426794706416, -0.11624354638653428, 3.965371508913673, 3.1010014895201965, -4.481204240090961, 6.291731010344333, -1.9907057572072684], [-16.11466394051005, -1.2751546169332975, 6.472192874257848, 4.115314979370203, -5.798573332419675, -1.2140436315979333, -2.336913992160599, 9.525312972113856, 2.368022063385186]], [[-26.310706805229472, -13.235572624550974], [5.420192661194016, 21.79918483257329], [-1.2609645971241785, 5.140976142557492], [0.8411336411811627, 2.357190597070969], [-6.893875849726979, -8.85131119246775], [-5.03559685535267, 6.061542439934874], [4.094204373177945, -2.6104879760110076], [-43.918511628928094, -5.153168621872485], [2.546484385656801, 10.243481927543934]]]
Biases: [[0.40981995509797997, -15.37797091293956], [-7.548783588193901, -14.7041990023283, 1.3971590818130664, -1.2038953200325775, 5.192249612644761, 4.467358056589523, -9.666792198918888, 6.739988599161304, -5.271872260098005]]

========== PERFECT NETWORK ==========
Generation: 132386
Network Structure: 2 layers of 10 Hidden Large MutationsScore: 100
Weights: [[[1.167935051383321, -7.13811227073227, 1.7426794706416, -0.11624354638653428, 3.965371508913673, 3.1010014895201965, -4.481204240090961, 6.291731010344333, -1.9257803909645916], [-16.72448318843221, -1.0813609609799495, 6.42034604511674, 4.115314979370203, -5.798573332419675, -1.3406393264602827, -2.336913992160599, 9.643958425323984, 2.368022063385186]], [[-26.310706805229472, -13.107197702068767], [5.420192661194016, 22.176174493229368], [-1.2609645971241785, 5.158772351549715], [0.8411336411811627, 2.3366168482079925], [-6.893875849726979, -8.932337624571078], [-5.03559685535267, 6.061542439934874], [4.094204373177945, -2.6104879760110076], [-43.918511628928094, -5.481133351565525], [2.774335214037874, 10.243481927543934]]]
Biases: [[0.44076289313253253, -15.37797091293956], [-7.548783588193901, -14.7041990023283, 1.3971590818130664, -1.2038953200325775, 5.192249612644761, 4.615555953731723, -9.666792198918888, 6.739988599161304, -5.376556474509265]]

========== PERFECT NETWORK ==========
Generation: 132387
Network Structure: 2 layers of 10 Hidden Large MutationsScore: 88
Weights: [[[1.167935051383321, -7.13811227073227, 1.9232459750920505, -0.013934768296998412, 3.965371508913673, 3.1010014895201965, -4.481204240090961, 6.291731010344333, -1.9907057572072684], [-16.11466394051005, -1.2751546169332975, 6.42034604511674, 4.115314979370203, -5.798573332419675, -1.2140436315979333, -2.336913992160599, 9.643958425323984, 2.281706725415726]], [[-26.51966005393254, -13.235572624550974], [5.420192661194016, 22.176174493229368], [-1.2609645971241785, 5.158772351549715], [0.8551107728762963, 2.357190597070969], [-6.943423234434569, -8.932337624571078], [-5.03559685535267, 6.061542439934874], [4.094204373177945, -2.6104879760110076], [-43.918511628928094, -5.153168621872485], [2.7320369126214397, 10.142933621380141]]]
Biases: [[0.40981995509797997, -15.37797091293956], [-7.421878345042079, -14.7041990023283, 1.3971590818130664, -1.2038953200325775, 5.197353230976698, 4.610282917176251, -9.666792198918888, 6.892051810898983, -5.376556474509265]]

========== PERFECT NETWORK ==========
Generation: 132388
Network Structure: 2 layers of 10 Hidden Large MutationsScore: 81
Weights: [[[1.167935051383321, -7.13811227073227, 1.9544776802725479, -0.013934768296998412, 3.965371508913673, 3.1010014895201965, -4.481204240090961, 6.291731010344333, -1.9907057572072684], [-16.918815029823485, -1.2751546169332975, 6.42034604511674, 4.309457020456554, -5.798573332419675, -1.2140436315979333, -2.336913992160599, 9.643958425323984, 2.368022063385186]], [[-26.51966005393254, -13.107197702068767], [5.420192661194016, 22.176174493229368], [-1.2609645971241785, 5.193617935127241], [0.8551107728762963, 2.357190597070969], [-7.144227921850523, -8.932337624571078], [-5.03559685535267, 6.061542439934874], [4.094204373177945, -2.6104879760110076], [-43.918511628928094, -5.481133351565525], [2.546484385656801, 10.243481927543934]]]
Biases: [[0.44076289313253253, -15.37797091293956], [-7.421878345042079, -14.7041990023283, 1.3971590818130664, -1.2038953200325775, 5.197353230976698, 4.467358056589523, -9.666792198918888, 6.892051810898983, -5.376556474509265]]

========== PERFECT NETWORK ==========
Generation: 132389
Network Structure: 2 layers of 10 Hidden Large MutationsScore: 100
Weights: [[[1.167935051383321, -7.13811227073227, 1.7426794706416, -0.11624354638653428, 3.965371508913673, 3.1010014895201965, -4.481204240090961, 6.291731010344333, -1.9907057572072684], [-16.11466394051005, -1.2751546169332975, 6.42034604511674, 4.115314979370203, -5.798573332419675, -1.2140436315979333, -2.336913992160599, 9.643958425323984, 2.368022063385186]], [[-26.310706805229472, -13.235572624550974], [5.416066923132231, 21.982289172046677], [-1.2609645971241785, 5.158772351549715], [0.8551107728762963, 2.3958658234415173], [-6.893875849726979, -8.85131119246775], [-5.03559685535267, 6.061542439934874], [4.094204373177945, -2.6104879760110076], [-43.918511628928094, -5.153168621872485], [2.546484385656801, 10.243481927543934]]]
Biases: [[0.40981995509797997, -15.37797091293956], [-7.421878345042079, -14.7041990023283, 1.3971590818130664, -1.2038953200325775, 5.0577783420053235, 4.467358056589523, -9.666792198918888, 6.892051810898983, -5.376556474509265]]

========== PERFECT NETWORK ==========
Generation: 132390
Network Structure: 2 layers of 10 Hidden Large MutationsScore: 100
Weights: [[[1.167935051383321, -7.13811227073227, 1.9544776802725479, -0.013934768296998412, 3.965371508913673, 3.1010014895201965, -4.481204240090961, 6.291731010344333, -1.9907057572072684], [-16.918815029823485, -1.2751546169332975, 6.447375923096821, 4.115314979370203, -5.798573332419675, -1.3406393264602827, -2.336913992160599, 9.643958425323984, 2.368022063385186]], [[-26.51966005393254, -13.107197702068767], [5.420192661194016, 22.176174493229368], [-1.2609645971241785, 4.988017128875704], [0.8551107728762963, 2.357190597070969], [-6.987726077160142, -8.932337624571078], [-5.03559685535267, 6.061542439934874], [4.094204373177945, -2.6104879760110076], [-43.918511628928094, -5.153168621872485], [2.546484385656801, 10.243481927543934]]]
Biases: [[0.44076289313253253, -15.37797091293956], [-7.421878345042079, -14.7041990023283, 1.3971590818130664, -1.2038953200325775, 5.192249612644761, 4.467358056589523, -9.666792198918888, 6.892051810898983, -5.376556474509265]]

========== PERFECT NETWORK ==========
Generation: 132391
Network Structure: 2 layers of 10 Hidden Large MutationsScore: 70
Weights: [[[1.167935051383321, -7.13811227073227, 1.9232459750920505, -0.11624354638653428, 3.965371508913673, 3.1010014895201965, -4.481204240090961, 6.291731010344333, -1.9907057572072684], [-16.11466394051005, -1.0813609609799495, 6.42034604511674, 4.115314979370203, -5.798573332419675, -1.2140436315979333, -2.336913992160599, 9.525312972113856, 2.281706725415726]], [[-26.51966005393254, -13.235572624550974], [5.420192661194016, 22.176174493229368], [-1.2609645971241785, 5.158772351549715], [0.8551107728762963, 2.29513282083516], [-6.987726077160142, -8.932337624571078], [-4.505219518292375, 6.061542439934874], [4.094204373177945, -2.6104879760110076], [-43.918511628928094, -5.153168621872485], [2.546484385656801, 10.243481927543934]]]
Biases: [[0.44076289313253253, -15.274817152938585], [-7.421878345042079, -14.791086223647946, 1.3971590818130664, -1.2038953200325775, 5.0577783420053235, 4.467358056589523, -9.666792198918888, 6.892051810898983, -5.376556474509265]]

========== PERFECT NETWORK ==========
Generation: 132392
Network Structure: 2 layers of 10 Hidden Large MutationsScore: 100
Weights: [[[1.167935051383321, -7.13811227073227, 1.8227746665920004, -0.013934768296998412, 3.965371508913673, 3.1010014895201965, -4.481204240090961, 6.291731010344333, -1.9907057572072684], [-16.72448318843221, -0.9461620809131257, 6.447375923096821, 4.115314979370203, -5.798573332419675, -1.2140436315979333, -2.336913992160599, 9.494007134106338, 2.4407136871152204]], [[-26.51966005393254, -13.235572624550974], [5.420192661194016, 22.176174493229368], [-1.2609645971241785, 5.158772351549715], [0.8551107728762963, 2.357190597070969], [-6.987726077160142, -8.932337624571078], [-5.150075382293277, 5.870029197067366], [4.094204373177945, -2.6104879760110076], [-43.918511628928094, -5.153168621872485], [2.546484385656801, 10.432520284599518]]]
Biases: [[0.40981995509797997, -15.37797091293956], [-7.548783588193901, -14.7041990023283, 1.4761333539629793, -1.2038953200325775, 5.192249612644761, 4.467358056589523, -9.666792198918888, 6.892051810898983, -5.376556474509265]]

========== PERFECT NETWORK ==========
Generation: 132393
Network Structure: 2 layers of 10 Hidden Large MutationsScore: 100
Weights: [[[1.2297772131039417, -7.13811227073227, 1.8227746665920004, -0.013934768296998412, 3.965371508913673, 3.1010014895201965, -4.481204240090961, 6.291731010344333, -1.9907057572072684], [-16.918815029823485, -0.9461620809131257, 6.447375923096821, 4.115314979370203, -5.798573332419675, -1.2140436315979333, -2.336913992160599, 9.525312972113856, 2.4407136871152204]], [[-26.51966005393254, -13.092854631683863], [5.420192661194016, 22.176174493229368], [-1.2609645971241785, 4.988017128875704], [0.8551107728762963, 2.357190597070969], [-6.943423234434569, -8.932337624571078], [-5.150075382293277, 6.061542439934874], [4.094204373177945, -2.6104879760110076], [-43.918511628928094, -5.481133351565525], [2.546484385656801, 9.93601589817496]]]
Biases: [[0.40981995509797997, -15.37797091293956], [-7.548783588193901, -14.7041990023283, 1.4761333539629793, -1.2038953200325775, 5.192249612644761, 4.467358056589523, -9.666792198918888, 6.739988599161304, -5.376556474509265]]

========== PERFECT NETWORK ==========
Generation: 132394
Network Structure: 2 layers of 10 Hidden Large MutationsScore: 100
Weights: [[[1.167935051383321, -7.13811227073227, 1.9544776802725479, -0.013934768296998412, 3.965371508913673, 3.1010014895201965, -4.481204240090961, 6.291731010344333, -1.9907057572072684], [-16.11466394051005, -1.0813609609799495, 6.447375923096821, 4.309457020456554, -5.798573332419675, -1.2140436315979333, -2.336913992160599, 9.525312972113856, 2.368022063385186]], [[-26.51966005393254, -13.235572624550974], [5.420192661194016, 22.176174493229368], [-1.1833825253918646, 4.988017128875704], [0.8551107728762963, 2.357190597070969], [-6.943423234434569, -8.932337624571078], [-5.03559685535267, 6.061542439934874], [4.094204373177945, -2.6104879760110076], [-43.918511628928094, -5.153168621872485], [2.546484385656801, 9.93601589817496]]]
Biases: [[0.44076289313253253, -15.37797091293956], [-7.421878345042079, -14.7041990023283, 1.4761333539629793, -1.2038953200325775, 5.192249612644761, 4.467358056589523, -9.666792198918888, 6.739988599161304, -5.182924812140704]]

========== PERFECT NETWORK ==========
Generation: 132395
Network Structure: 2 layers of 10 Hidden Large MutationsScore: 100
Weights: [[[1.167935051383321, -7.13811227073227, 1.8227746665920004, -0.11624354638653428, 3.965371508913673, 3.1010014895201965, -4.481204240090961, 6.291731010344333, -1.9907057572072684], [-16.60438509596895, -1.0813609609799495, 6.447375923096821, 4.115314979370203, -5.798573332419675, -1.2140436315979333, -2.336913992160599, 9.643958425323984, 2.4407136871152204]], [[-26.310706805229472, -13.175722280210822], [5.420192661194016, 22.176174493229368], [-1.2609645971241785, 4.988017128875704], [0.8551107728762963, 2.357190597070969], [-6.987726077160142, -8.932337624571078], [-5.03559685535267, 6.061542439934874], [4.094204373177945, -2.6104879760110076], [-43.918511628928094, -5.481133351565525], [2.546484385656801, 10.243481927543934]]]
Biases: [[0.38713498571313, -15.37797091293956], [-7.548783588193901, -14.7041990023283, 1.3971590818130664, -1.2038953200325775, 5.192249612644761, 4.467358056589523, -9.666792198918888, 6.913719689702268, -5.376556474509265]]

========== PERFECT NETWORK ==========
Generation: 132396
Network Structure: 2 layers of 10 Hidden Large MutationsScore: 100
Weights: [[[1.167935051383321, -7.13811227073227, 1.9544776802725479, -0.061537014563921466, 3.965371508913673, 3.1010014895201965, -4.481204240090961, 6.229499346985929, -2.1836612658202283], [-16.72448318843221, -0.9461620809131257, 6.296060360724283, 4.115314979370203, -5.798573332419675, -1.2140436315979333, -2.336913992160599, 9.69395437743066, 2.2848650491009592]], [[-26.51966005393254, -13.175722280210822], [5.420192661194016, 22.176174493229368], [-1.2609645971241785, 4.988017128875704], [0.8551107728762963, 2.357190597070969], [-6.893875849726979, -8.932337624571078], [-5.03559685535267, 6.061542439934874], [4.094204373177945, -2.6104879760110076], [-43.918511628928094, -5.481133351565525], [2.546484385656801, 10.243481927543934]]]
Biases: [[0.38713498571313, -15.37797091293956], [-7.548783588193901, -14.741777895960645, 1.3971590818130664, -1.2038953200325775, 5.192249612644761, 4.467358056589523, -9.666792198918888, 6.739988599161304, -5.376556474509265]]

========== PERFECT NETWORK ==========
Generation: 132397
Network Structure: 2 layers of 10 Hidden Large MutationsScore: 100
Weights: [[[1.167935051383321, -7.13811227073227, 1.8227746665920004, -0.11624354638653428, 3.965371508913673, 3.1010014895201965, -4.481204240090961, 6.3594313882604725, -2.0022778954529126], [-16.72448318843221, -1.0813609609799495, 6.447375923096821, 4.092469274653258, -5.798573332419675, -1.2140436315979333, -2.336913992160599, 9.643958425323984, 2.2848650491009592]], [[-26.51966005393254, -13.175722280210822], [5.420192661194016, 22.176174493229368], [-1.2609645971241785, 4.988017128875704], [0.8551107728762963, 2.357190597070969], [-6.893875849726979, -8.85131119246775], [-5.150075382293277, 6.061542439934874], [4.094204373177945, -2.6104879760110076], [-43.918511628928094, -5.481133351565525], [2.546484385656801, 10.243481927543934]]]
Biases: [[0.38713498571313, -15.37797091293956], [-7.421878345042079, -14.7041990023283, 1.4761333539629793, -1.2038953200325775, 5.192249612644761, 4.467358056589523, -9.666792198918888, 6.694565871060105, -5.192366705606466]]

========== PERFECT NETWORK ==========
Generation: 132398
Network Structure: 2 layers of 10 Hidden Large MutationsScore: 100
Weights: [[[1.167935051383321, -7.13811227073227, 1.9544776802725479, -0.013934768296998412, 3.965371508913673, 3.1010014895201965, -4.481204240090961, 6.291731010344333, -1.9907057572072684], [-16.72448318843221, -0.9461620809131257, 6.513953525009672, 4.115314979370203, -5.798573332419675, -1.0364252736777742, -2.336913992160599, 9.643958425323984, 2.368022063385186]], [[-26.232242356980603, -13.175722280210822], [5.420192661194016, 22.176174493229368], [-1.1833825253918646, 4.988017128875704], [0.8551107728762963, 2.357190597070969], [-6.893875849726979, -8.932337624571078], [-5.03559685535267, 6.061542439934874], [4.094204373177945, -2.6104879760110076], [-43.918511628928094, -4.556541644506587], [2.546484385656801, 9.93601589817496]]]
Biases: [[0.40981995509797997, -15.37797091293956], [-7.421878345042079, -14.7041990023283, 1.3971590818130664, -1.2038953200325775, 5.192249612644761, 4.467358056589523, -9.666792198918888, 6.739988599161304, -5.376556474509265]]

========== PERFECT NETWORK ==========
Generation: 132399
Network Structure: 2 layers of 10 Hidden Large MutationsScore: 100
Weights: [[[1.167935051383321, -7.13811227073227, 1.8227746665920004, -0.11624354638653428, 3.965371508913673, 3.1010014895201965, -4.481204240090961, 6.3594313882604725, -2.0022778954529126], [-16.60438509596895, -1.0813609609799495, 6.447375923096821, 4.092469274653258, -5.798573332419675, -1.0378979565860396, -2.336913992160599, 9.525312972113856, 2.2848650491009592]], [[-26.51966005393254, -13.175722280210822], [5.420192661194016, 22.176174493229368], [-1.2609645971241785, 4.988017128875704], [0.8551107728762963, 2.357190597070969], [-6.893875849726979, -8.85131119246775], [-5.150075382293277, 6.061542439934874], [4.094204373177945, -2.6104879760110076], [-43.918511628928094, -5.481133351565525], [2.546484385656801, 10.243481927543934]]]
Biases: [[0.44076289313253253, -15.37797091293956], [-7.421878345042079, -14.7041990023283, 1.4761333539629793, -1.2038953200325775, 5.192249612644761, 4.467358056589523, -9.666792198918888, 6.694565871060105, -5.376556474509265]]

========== PERFECT NETWORK ==========
Generation: 132400
Network Structure: 2 layers of 10 Hidden Large MutationsScore: 100
Weights: [[[1.2061946152527172, -7.13811227073227, 1.8227746665920004, -0.013934768296998412, 3.965371508913673, 3.1010014895201965, -4.481204240090961, 6.291731010344333, -2.0022778954529126], [-16.72448318843221, -0.9461620809131257, 6.447375923096821, 4.092469274653258, -5.798573332419675, -1.2140436315979333, -2.336913992160599, 9.643958425323984, 2.2848650491009592]], [[-26.482261066525307, -13.175722280210822], [5.420192661194016, 22.176174493229368], [-1.2609645971241785, 5.158772351549715], [0.8551107728762963, 2.357190597070969], [-6.987726077160142, -8.82936850448916], [-5.03559685535267, 6.061542439934874], [4.142483277806304, -2.6104879760110076], [-43.918511628928094, -6.0104680024713755], [2.7320369126214397, 9.93601589817496]]]
Biases: [[0.40981995509797997, -15.37797091293956], [-7.548783588193901, -14.7041990023283, 1.3971590818130664, -1.2038953200325775, 5.192249612644761, 4.467358056589523, -9.666792198918888, 6.739988599161304, -5.376556474509265]]

========== PERFECT NETWORK ==========
Generation: 132401
Network Structure: 2 layers of 10 Hidden Large MutationsScore: 100
Weights: [[[1.2061946152527172, -7.271736897960645, 1.7948089191748957, -0.11624354638653428, 3.9152686997706243, 3.1010014895201965, -4.481204240090961, 6.316879537775625, -1.9907057572072684], [-16.918815029823485, -0.9461620809131257, 6.513953525009672, 4.309457020456554, -5.798573332419675, -1.0364252736777742, -2.336913992160599, 9.525312972113856, 2.4407136871152204]], [[-26.51966005393254, -13.235572624550974], [5.420192661194016, 22.176174493229368], [-1.2609645971241785, 4.988017128875704], [0.8551107728762963, 2.394473106136692], [-6.893875849726979, -8.932337624571078], [-5.03559685535267, 6.061542439934874], [4.094204373177945, -2.6104879760110076], [-43.918511628928094, -4.556541644506587], [2.7320369126214397, 9.93601589817496]]]
Biases: [[0.44076289313253253, -15.438040236843296], [-7.421878345042079, -14.741777895960645, 1.3662123174788023, -1.2038953200325775, 5.192249612644761, 4.467358056589523, -9.817230512635648, 6.739988599161304, -5.376556474509265]]

========== PERFECT NETWORK ==========
Generation: 132402
Network Structure: 2 layers of 10 Hidden Large MutationsScore: 100
Weights: [[[1.167935051383321, -7.13811227073227, 1.9544776802725479, -0.11624354638653428, 3.965371508913673, 3.1010014895201965, -4.481204240090961, 6.291731010344333, -1.9907057572072684], [-16.72448318843221, -0.9461620809131257, 6.42034604511674, 4.309457020456554, -5.798573332419675, -1.2140436315979333, -2.336913992160599, 9.525312972113856, 2.368022063385186]], [[-26.51966005393254, -13.235572624550974], [5.420192661194016, 21.982289172046677], [-1.1833825253918646, 4.988017128875704], [0.8551107728762963, 2.394473106136692], [-6.893875849726979, -8.932337624571078], [-5.03559685535267, 5.537600121373387], [4.094204373177945, -2.6104879760110076], [-43.918511628928094, -4.556541644506587], [2.7320369126214397, 9.93601589817496]]]
Biases: [[0.44076289313253253, -15.37797091293956], [-7.421878345042079, -14.741777895960645, 1.3971590818130664, -1.2038953200325775, 5.170557945454941, 4.467358056589523, -9.666792198918888, 6.739988599161304, -5.376556474509265]]

========== PERFECT NETWORK ==========
Generation: 132403
Network Structure: 2 layers of 10 Hidden Large MutationsScore: 100
Weights: [[[1.2061946152527172, -6.991202701798974, 1.8227746665920004, -0.11624354638653428, 3.965371508913673, 3.1010014895201965, -4.5775401642032, 6.291731010344333, -1.9907057572072684], [-16.72448318843221, -1.2751546169332975, 6.385267996780305, 4.309457020456554, -5.798573332419675, -1.2140436315979333, -2.336913992160599, 9.525312972113856, 2.368022063385186]], [[-26.60019476378162, -13.235572624550974], [5.426555066582061, 22.176174493229368], [-1.2609645971241785, 4.81779641443317], [0.8551107728762963, 2.7187675029314433], [-6.987726077160142, -8.932337624571078], [-5.03559685535267, 6.061542439934874], [4.142483277806304, -2.6104879760110076], [-43.918511628928094, -5.481133351565525], [2.546484385656801, 10.243481927543934]]]
Biases: [[0.44076289313253253, -15.37797091293956], [-7.421878345042079, -14.7041990023283, 1.3971590818130664, -1.2038953200325775, 5.192249612644761, 4.467358056589523, -9.666792198918888, 6.739988599161304, -5.192366705606466]]

========== PERFECT NETWORK ==========
Generation: 132404
Network Structure: 2 layers of 10 Hidden Large MutationsScore: 100
Weights: [[[1.167935051383321, -7.13811227073227, 1.7948089191748957, -0.11624354638653428, 3.965371508913673, 3.1010014895201965, -4.481204240090961, 6.291731010344333, -1.9907057572072684], [-16.72448318843221, -0.8820975867050006, 6.513953525009672, 4.309457020456554, -6.340612087308503, -1.2140436315979333, -2.336913992160599, 9.525312972113856, 2.368022063385186]], [[-26.51966005393254, -13.210388087229767], [5.420192661194016, 21.982289172046677], [-1.2609645971241785, 4.988017128875704], [0.8551107728762963, 2.530701750846782], [-6.893875849726979, -8.85131119246775], [-5.03559685535267, 5.412466786313139], [4.142483277806304, -2.6104879760110076], [-43.918511628928094, -6.0104680024713755], [2.546484385656801, 10.243481927543934]]]
Biases: [[0.44076289313253253, -15.37797091293956], [-7.421878345042079, -14.7041990023283, 1.3971590818130664, -1.2038953200325775, 5.192249612644761, 4.467358056589523, -9.666792198918888, 6.739988599161304, -5.376556474509265]]

========== PERFECT NETWORK ==========
Generation: 132405
Network Structure: 2 layers of 10 Hidden Large MutationsScore: 100
Weights: [[[1.167935051383321, -7.13811227073227, 1.9544776802725479, -0.11624354638653428, 3.965371508913673, 3.1010014895201965, -4.481204240090961, 6.229499346985929, -1.9907057572072684], [-16.72448318843221, -0.9461620809131257, 6.513953525009672, 4.309457020456554, -5.798573332419675, -1.0032620898277864, -2.336913992160599, 9.643958425323984, 2.280269895827975]], [[-26.51966005393254, -13.235572624550974], [5.420192661194016, 22.176174493229368], [-1.2609645971241785, 4.81779641443317], [0.8551107728762963, 2.530701750846782], [-6.943423234434569, -8.932337624571078], [-5.03559685535267, 6.061542439934874], [4.142483277806304, -2.6104879760110076], [-43.918511628928094, -5.481133351565525], [2.7320369126214397, 9.93601589817496]]]
Biases: [[0.44076289313253253, -15.37797091293956], [-7.421878345042079, -14.7041990023283, 1.3971590818130664, -1.2038953200325775, 5.192249612644761, 4.467358056589523, -9.666792198918888, 6.739988599161304, -5.376556474509265]]

========== PERFECT NETWORK ==========
Generation: 132406
Network Structure: 2 layers of 10 Hidden Large MutationsScore: 100
Weights: [[[1.167935051383321, -6.991202701798974, 1.9544776802725479, -0.2356122196927799, 3.965371508913673, 3.1010014895201965, -4.481204240090961, 6.291731010344333, -1.9907057572072684], [-16.72448318843221, -0.9461620809131257, 6.447375923096821, 4.092469274653258, -5.798573332419675, -1.2140436315979333, -2.336913992160599, 9.643958425323984, 2.2217690925984472]], [[-26.51966005393254, -12.99723381981395], [5.426941273264433, 22.176174493229368], [-1.2609645971241785, 4.988017128875704], [0.8551107728762963, 2.3703919402017677], [-6.893875849726979, -8.85131119246775], [-5.03559685535267, 6.061542439934874], [4.142483277806304, -2.6104879760110076], [-43.918511628928094, -5.481133351565525], [2.5644095418585056, 10.243481927543934]]]
Biases: [[0.44076289313253253, -15.37797091293956], [-7.421878345042079, -14.7041990023283, 1.3971590818130664, -1.2038953200325775, 5.170557945454941, 4.467358056589523, -9.666792198918888, 6.739988599161304, -5.192366705606466]]

========== PERFECT NETWORK ==========
Generation: 132407
Network Structure: 2 layers of 10 Hidden Large MutationsScore: 100
Weights: [[[1.2061946152527172, -6.991202701798974, 1.9544776802725479, -0.11624354638653428, 3.971338933010256, 3.1010014895201965, -4.583280199967854, 6.229499346985929, -1.9907057572072684], [-16.72448318843221, -1.0813609609799495, 6.513953525009672, 4.309457020456554, -5.798573332419675, -1.2140436315979333, -2.336913992160599, 9.47714848679357, 2.2217690925984472]], [[-26.24712923301506, -13.2408630166378], [5.420192661194016, 22.176174493229368], [-1.2609645971241785, 4.81779641443317], [0.8551107728762963, 2.3703919402017677], [-6.943423234434569, -8.778545874555787], [-5.03559685535267, 6.061542439934874], [4.094204373177945, -2.7692400443796377], [-43.918511628928094, -5.481133351565525], [2.5644095418585056, 10.243481927543934]]]
Biases: [[0.44076289313253253, -15.37797091293956], [-7.421878345042079, -14.7041990023283, 1.3971590818130664, -1.2038953200325775, 5.192249612644761, 4.467358056589523, -9.817230512635648, 6.694565871060105, -5.192366705606466]]

========== PERFECT NETWORK ==========
Generation: 132408
Network Structure: 2 layers of 10 Hidden Large MutationsScore: 100
Weights: [[[1.167935051383321, -7.103776239216746, 1.9544776802725479, -0.11624354638653428, 3.965371508913673, 3.1010014895201965, -4.481204240090961, 6.291731010344333, -2.0022778954529126], [-16.72448318843221, -0.9461620809131257, 6.447375923096821, 4.115314979370203, -5.793214633093924, -1.2140436315979333, -2.336913992160599, 9.643958425323984, 2.2217690925984472]], [[-26.370192613397922, -13.175722280210822], [5.426555066582061, 22.176174493229368], [-1.2609645971241785, 5.141290309338597], [0.7447198041023723, 2.3703919402017677], [-6.943423234434569, -8.932337624571078], [-5.03559685535267, 6.061542439934874], [4.094204373177945, -2.6104879760110076], [-43.918511628928094, -5.481133351565525], [2.7320369126214397, 9.9460554830429]]]
Biases: [[0.44076289313253253, -15.37797091293956], [-7.421878345042079, -14.7041990023283, 1.560813656339024, -1.2038953200325775, 5.143474024445783, 4.467358056589523, -9.796390184869772, 6.739988599161304, -5.376556474509265]]

========== PERFECT NETWORK ==========
Generation: 132409
Network Structure: 2 layers of 10 Hidden Large MutationsScore: 100
Weights: [[[1.1189503828768155, -6.991202701798974, 1.9544776802725479, -0.2356122196927799, 3.965371508913673, 3.1010014895201965, -4.670385931682185, 6.291731010344333, -1.9907057572072684], [-16.72448318843221, -0.9461620809131257, 6.447375923096821, 4.309457020456554, -5.793214633093924, -1.2140436315979333, -2.336913992160599, 9.643958425323984, 2.2217690925984472]], [[-26.232242356980603, -13.175722280210822], [5.426555066582061, 22.176174493229368], [-1.2609645971241785, 5.141290309338597], [0.8551107728762963, 2.394473106136692], [-6.943423234434569, -8.85131119246775], [-5.03559685535267, 6.061542439934874], [4.094204373177945, -2.7184402633800393], [-43.918511628928094, -5.481133351565525], [2.7320369126214397, 9.9460554830429]]]
Biases: [[0.44076289313253253, -15.37797091293956], [-7.421878345042079, -14.7041990023283, 1.560813656339024, -1.2038953200325775, 5.143474024445783, 4.467358056589523, -9.666792198918888, 6.739988599161304, -5.376556474509265]]

========== PERFECT NETWORK ==========
Generation: 132410
Network Structure: 2 layers of 10 Hidden Large MutationsScore: 100
Weights: [[[1.167935051383321, -7.13811227073227, 1.9544776802725479, -0.11624354638653428, 3.965371508913673, 3.1010014895201965, -4.475227916217163, 6.229499346985929, -2.0022778954529126], [-16.72448318843221, -0.9461620809131257, 6.447375923096821, 4.092469274653258, -5.798573332419675, -1.2140436315979333, -2.336913992160599, 9.643958425323984, 2.2217690925984472]], [[-26.370192613397922, -13.235572624550974], [5.294868921795014, 22.176174493229368], [-1.1833825253918646, 5.141290309338597], [0.7447198041023723, 2.7187675029314433], [-6.893875849726979, -8.932337624571078], [-5.03559685535267, 6.061542439934874], [4.094204373177945, -3.254416858328145], [-43.75700063547117, -5.481133351565525], [2.7320369126214397, 10.243481927543934]]]
Biases: [[0.44076289313253253, -15.37797091293956], [-7.421878345042079, -14.7041990023283, 1.3971590818130664, -1.2038953200325775, 5.192249612644761, 4.467358056589523, -9.796390184869772, 6.739988599161304, -5.376556474509265]]

========== PERFECT NETWORK ==========
Generation: 132411
Network Structure: 2 layers of 10 Hidden Large MutationsScore: 100
Weights: [[[1.167935051383321, -7.13811227073227, 1.9544776802725479, -0.11624354638653428, 3.965371508913673, 3.1010014895201965, -4.4221390636047735, 6.291731010344333, -2.0022778954529126], [-16.72448318843221, -0.9461620809131257, 6.447375923096821, 4.309457020456554, -5.798573332419675, -1.2140436315979333, -2.336913992160599, 9.610631883864466, 2.2217690925984472]], [[-26.370192613397922, -13.01644591537747], [5.420192661194016, 22.176174493229368], [-1.2609645971241785, 4.988017128875704], [0.8551107728762963, 2.3703919402017677], [-6.943423234434569, -8.932337624571078], [-5.03559685535267, 6.061542439934874], [4.094204373177945, -3.254416858328145], [-43.75700063547117, -5.659830783827564], [2.7320369126214397, 9.93601589817496]]]
Biases: [[0.44076289313253253, -15.535742935062672], [-7.421878345042079, -14.7041990023283, 1.3971590818130664, -1.2038953200325775, 5.143474024445783, 4.467358056589523, -9.796390184869772, 6.739988599161304, -5.376556474509265]]

========== PERFECT NETWORK ==========
Generation: 132412
Network Structure: 2 layers of 10 Hidden Large MutationsScore: 100
Weights: [[[1.167935051383321, -7.13811227073227, 1.9544776802725479, -0.11624354638653428, 3.965371508913673, 3.1010014895201965, -4.4221390636047735, 6.229499346985929, -1.9907057572072684], [-16.72448318843221, -0.9461620809131257, 6.513953525009672, 4.282868271259141, -5.798573332419675, -1.2140436315979333, -2.336913992160599, 9.643958425323984, 2.2217690925984472]], [[-26.51966005393254, -13.01644591537747], [5.420192661194016, 22.176174493229368], [-1.2609645971241785, 4.988017128875704], [0.8551107728762963, 2.7187675029314433], [-6.983924884917822, -8.932337624571078], [-5.03559685535267, 6.061542439934874], [4.094204373177945, -2.6104879760110076], [-43.918511628928094, -5.659830783827564], [2.7320369126214397, 9.93601589817496]]]
Biases: [[0.44076289313253253, -15.37797091293956], [-7.421878345042079, -14.7041990023283, 1.3971590818130664, -1.2038953200325775, 5.143474024445783, 4.467358056589523, -9.796390184869772, 6.739988599161304, -5.192366705606466]]

========== PERFECT NETWORK ==========
Generation: 132413
Network Structure: 2 layers of 10 Hidden Large MutationsScore: 100
Weights: [[[1.167935051383321, -7.13811227073227, 1.9544776802725479, -0.19131516449299787, 3.965371508913673, 3.1010014895201965, -4.583280199967854, 6.229499346985929, -1.9907057572072684], [-16.850459168862393, -0.9461620809131257, 6.447375923096821, 4.282868271259141, -5.798573332419675, -1.2140436315979333, -2.336913992160599, 9.525312972113856, 2.3691520403060817]], [[-26.370192613397922, -13.235572624550974], [5.420192661194016, 22.176174493229368], [-1.2609645971241785, 5.141290309338597], [0.7440460027283757, 2.7187675029314433], [-6.893875849726979, -8.823879412477536], [-5.03559685535267, 6.061542439934874], [4.094204373177945, -2.6104879760110076], [-43.75700063547117, -5.481133351565525], [2.7320369126214397, 9.93601589817496]]]
Biases: [[0.44076289313253253, -15.37797091293956], [-7.421878345042079, -14.7041990023283, 1.30711210951501, -1.2038953200325775, 5.143474024445783, 4.467358056589523, -9.796390184869772, 6.739988599161304, -5.376556474509265]]

========== PERFECT NETWORK ==========
Generation: 132414
Network Structure: 2 layers of 10 Hidden Large MutationsScore: 100
Weights: [[[1.2061946152527172, -7.13811227073227, 1.9544776802725479, -0.11624354638653428, 3.965371508913673, 3.1010014895201965, -4.583280199967854, 6.229499346985929, -2.0022778954529126], [-16.72448318843221, -0.9461620809131257, 6.447375923096821, 4.092469274653258, -5.798573332419675, -1.2140436315979333, -2.336913992160599, 9.643958425323984, 2.2217690925984472]], [[-26.51966005393254, -13.235572624550974], [5.420192661194016, 22.176174493229368], [-1.1833825253918646, 4.988017128875704], [0.8551107728762963, 2.3703919402017677], [-6.893875849726979, -8.932337624571078], [-4.903833014568814, 6.061542439934874], [4.094204373177945, -2.6104879760110076], [-43.918511628928094, -5.659830783827564], [2.7320369126214397, 10.243481927543934]]]
Biases: [[0.44076289313253253, -15.37797091293956], [-7.421878345042079, -14.7041990023283, 1.3971590818130664, -1.2038953200325775, 5.143474024445783, 4.467358056589523, -9.666792198918888, 6.739988599161304, -5.192366705606466]]

========== PERFECT NETWORK ==========
Generation: 132415
Network Structure: 2 layers of 10 Hidden Large MutationsScore: 100
Weights: [[[1.167935051383321, -7.13811227073227, 1.9544776802725479, -0.2356122196927799, 3.965371508913673, 3.1010014895201965, -4.481204240090961, 6.229499346985929, -2.0022778954529126], [-16.72448318843221, -0.9461620809131257, 6.42034604511674, 4.282868271259141, -5.798573332419675, -1.2140436315979333, -2.336913992160599, 9.525312972113856, 2.2734639028070207]], [[-26.370192613397922, -13.235572624550974], [5.420192661194016, 22.176174493229368], [-1.286695787683129, 5.141290309338597], [0.8551107728762963, 2.3703919402017677], [-6.943423234434569, -8.823879412477536], [-5.03559685535267, 5.913992138545996], [4.094204373177945, -2.6104879760110076], [-43.918511628928094, -6.0104680024713755], [2.7320369126214397, 9.93601589817496]]]
Biases: [[0.44076289313253253, -15.37797091293956], [-7.421878345042079, -14.7041990023283, 1.3971590818130664, -1.2038953200325775, 5.143474024445783, 4.467358056589523, -9.698621626722698, 6.739988599161304, -5.384424622533565]]

========== PERFECT NETWORK ==========
Generation: 132416
Network Structure: 2 layers of 10 Hidden Large MutationsScore: 100
Weights: [[[1.167935051383321, -7.13811227073227, 1.9544776802725479, -0.2356122196927799, 3.965371508913673, 3.1010014895201965, -4.583280199967854, 6.229499346985929, -1.937379896503126], [-16.426988245149786, -0.29311704448600184, 6.42034604511674, 4.282868271259141, -5.88825365454344, -1.2140436315979333, -2.336913992160599, 9.544895432865307, 2.2217690925984472]], [[-26.370192613397922, -13.404084624834418], [5.420192661194016, 22.176174493229368], [-1.1833825253918646, 4.81779641443317], [0.8551107728762963, 2.7187675029314433], [-6.893875849726979, -8.930910460924865], [-5.03559685535267, 6.061542439934874], [4.094204373177945, -2.7184402633800393], [-43.999693882801836, -5.481133351565525], [2.7320369126214397, 9.93601589817496]]]
Biases: [[0.4846106728876301, -15.37797091293956], [-7.421878345042079, -14.7041990023283, 1.30711210951501, -1.2038953200325775, 5.143474024445783, 4.467358056589523, -9.796390184869772, 6.694565871060105, -5.192366705606466]]

========== PERFECT NETWORK ==========
Generation: 132417
Network Structure: 2 layers of 10 Hidden Large MutationsScore: 100
Weights: [[[1.167935051383321, -7.13811227073227, 1.9544776802725479, -0.11624354638653428, 3.965371508913673, 3.1010014895201965, -4.3671797909248795, 6.291731010344333, -1.9907057572072684], [-16.72448318843221, -0.9461620809131257, 6.447375923096821, 4.282868271259141, -5.798573332419675, -1.3583491715650076, -2.3463597400737832, 9.525312972113856, 2.3691520403060817]], [[-26.370192613397922, -13.235572624550974], [5.426941273264433, 22.176174493229368], [-1.1833825253918646, 5.141290309338597], [0.7440460027283757, 2.5784465078872936], [-6.893875849726979, -8.823879412477536], [-5.003382598613138, 6.061542439934874], [4.094204373177945, -2.7184402633800393], [-43.75700063547117, -5.481133351565525], [2.7320369126214397, 9.93601589817496]]]
Biases: [[0.44076289313253253, -15.37797091293956], [-7.421878345042079, -14.7041990023283, 1.3136719930924208, -1.2038953200325775, 5.143474024445783, 4.467358056589523, -9.796390184869772, 6.739988599161304, -5.376556474509265]]

========== PERFECT NETWORK ==========
Generation: 132418
Network Structure: 2 layers of 10 Hidden Large MutationsScore: 100
Weights: [[[1.167935051383321, -7.13811227073227, 1.9544776802725479, -0.11624354638653428, 3.965371508913673, 3.1010014895201965, -4.583280199967854, 6.229499346985929, -2.0022778954529126], [-16.72448318843221, -0.9461620809131257, 6.447375923096821, 4.092469274653258, -5.798573332419675, -1.3583491715650076, -2.336913992160599, 9.525312972113856, 2.2217690925984472]], [[-26.370192613397922, -13.104630353529224], [5.2331956816288505, 22.34325270898524], [-1.1833825253918646, 5.141290309338597], [0.7537638150110141, 2.7187675029314433], [-6.893875849726979, -8.932337624571078], [-5.03559685535267, 6.061542439934874], [4.094204373177945, -2.7184402633800393], [-43.918511628928094, -5.659830783827564], [2.7320369126214397, 10.243481927543934]]]
Biases: [[0.44076289313253253, -15.535742935062672], [-7.421878345042079, -14.7041990023283, 1.3971590818130664, -1.2038953200325775, 5.143474024445783, 4.467358056589523, -9.796390184869772, 6.739988599161304, -5.192366705606466]]

========== PERFECT NETWORK ==========
Generation: 132419
Network Structure: 2 layers of 10 Hidden Large MutationsScore: 100
Weights: [[[1.167935051383321, -7.13811227073227, 1.9544776802725479, -0.23170701280892353, 3.965371508913673, 3.1010014895201965, -4.475227916217163, 6.229499346985929, -2.0022778954529126], [-16.72448318843221, -0.9461620809131257, 6.447375923096821, 4.092469274653258, -5.798573332419675, -1.1659269748570618, -2.336913992160599, 9.544895432865307, 2.2217690925984472]], [[-26.370192613397922, -13.404084624834418], [5.426941273264433, 22.176174493229368], [-1.2609645971241785, 4.81779641443317], [0.8551107728762963, 2.7187675029314433], [-6.943423234434569, -8.932337624571078], [-5.03559685535267, 6.061542439934874], [4.094204373177945, -2.7184402633800393], [-43.918511628928094, -5.659830783827564], [2.7320369126214397, 10.00758078321224]]]
Biases: [[0.4846106728876301, -15.535742935062672], [-7.421878345042079, -14.7041990023283, 1.3971590818130664, -1.2038953200325775, 5.143474024445783, 4.467358056589523, -9.796390184869772, 6.739988599161304, -5.192366705606466]]

========== PERFECT NETWORK ==========
Generation: 132420
Network Structure: 2 layers of 10 Hidden Large MutationsScore: 100
Weights: [[[1.167935051383321, -7.295889205688311, 1.9544776802725479, -0.23170701280892353, 3.965371508913673, 3.1010014895201965, -4.583280199967854, 6.229499346985929, -2.0022778954529126], [-16.72448318843221, -0.9461620809131257, 6.447375923096821, 4.092469274653258, -5.798573332419675, -1.2140436315979333, -2.447869962679654, 9.525312972113856, 2.2217690925984472]], [[-27.356330962585016, -13.404084624834418], [5.4731169837680085, 22.176174493229368], [-1.2609645971241785, 5.141290309338597], [0.8551107728762963, 2.7187675029314433], [-6.943423234434569, -8.73550220023378], [-5.03559685535267, 6.061542439934874], [4.094204373177945, -2.6841976583678684], [-43.999693882801836, -5.522293449469674], [2.7320369126214397, 9.93601589817496]]]
Biases: [[0.4846106728876301, -15.37797091293956], [-7.421878345042079, -14.7041990023283, 1.30711210951501, -1.2038953200325775, 5.143474024445783, 4.467358056589523, -9.672424314655064, 6.739988599161304, -5.192366705606466]]

========== PERFECT NETWORK ==========
Generation: 132421
Network Structure: 2 layers of 10 Hidden Large MutationsScore: 100
Weights: [[[1.167935051383321, -7.13811227073227, 1.9544776802725479, -0.23170701280892353, 3.965371508913673, 3.1010014895201965, -4.481204240090961, 6.229499346985929, -2.0022778954529126], [-16.72448318843221, -0.9461620809131257, 6.513953525009672, 4.092469274653258, -5.798573332419675, -1.1659269748570618, -2.306103886611299, 9.525312972113856, 2.2217690925984472]], [[-26.256195906163853, -13.235572624550974], [5.426941273264433, 22.176174493229368], [-1.2609645971241785, 5.141290309338597], [0.7440460027283757, 2.7187675029314433], [-6.943423234434569, -8.823879412477536], [-5.03559685535267, 6.061542439934874], [4.094204373177945, -2.7184402633800393], [-43.918511628928094, -5.481133351565525], [2.7320369126214397, 10.00758078321224]]]
Biases: [[0.44076289313253253, -15.37797091293956], [-7.421878345042079, -14.7041990023283, 1.3971590818130664, -1.2038953200325775, 5.143474024445783, 4.467358056589523, -9.796390184869772, 6.739988599161304, -5.376556474509265]]

========== PERFECT NETWORK ==========
Generation: 132422
Network Structure: 2 layers of 10 Hidden Large MutationsScore: 100
Weights: [[[1.2061946152527172, -7.13811227073227, 1.9544776802725479, -0.11624354638653428, 3.965371508913673, 3.1010014895201965, -4.572316344151993, 6.291731010344333, -2.093520188471473], [-16.426988245149786, -0.9461620809131257, 6.447375923096821, 4.092469274653258, -5.798573332419675, -1.3583491715650076, -2.336913992160599, 9.525312972113856, 2.2217690925984472]], [[-26.370192613397922, -13.235572624550974], [5.426941273264433, 22.176174493229368], [-1.2609645971241785, 5.141290309338597], [0.6790401108889101, 2.7187675029314433], [-6.943423234434569, -8.823879412477536], [-5.03559685535267, 6.061542439934874], [4.094204373177945, -2.7184402633800393], [-43.918511628928094, -5.659830783827564], [2.7320369126214397, 10.243481927543934]]]
Biases: [[0.44076289313253253, -15.37797091293956], [-7.421878345042079, -14.7041990023283, 1.3971590818130664, -1.2038953200325775, 5.143474024445783, 4.467358056589523, -9.796390184869772, 6.739988599161304, -5.376556474509265]]

========== PERFECT NETWORK ==========
Generation: 132423
Network Structure: 2 layers of 10 Hidden Large MutationsScore: 100
Weights: [[[1.167935051383321, -7.13811227073227, 1.9544776802725479, -0.23170701280892353, 3.965371508913673, 3.1010014895201965, -4.475227916217163, 6.212774874730209, -2.0022778954529126], [-16.72448318843221, -0.9461620809131257, 6.447375923096821, 4.092469274653258, -5.798573332419675, -1.2140436315979333, -2.447869962679654, 9.525312972113856, 2.2217690925984472]], [[-26.370192613397922, -13.104630353529224], [5.426941273264433, 22.176174493229368], [-1.2609645971241785, 5.141290309338597], [0.8551107728762963, 2.3703919402017677], [-6.983924884917822, -8.932337624571078], [-5.03559685535267, 6.1690389913170645], [4.094204373177945, -2.6841976583678684], [-43.918511628928094, -5.522293449469674], [2.7320369126214397, 10.00758078321224]]]
Biases: [[0.44076289313253253, -15.535742935062672], [-7.421878345042079, -14.7041990023283, 1.3971590818130664, -1.2038953200325775, 5.143474024445783, 4.467358056589523, -9.796390184869772, 6.739988599161304, -5.192366705606466]]

========== PERFECT NETWORK ==========
Generation: 132424
Network Structure: 2 layers of 10 Hidden Large MutationsScore: 100
Weights: [[[1.2061946152527172, -7.13811227073227, 1.9544776802725479, -0.23170701280892353, 3.965371508913673, 3.1010014895201965, -4.583280199967854, 6.229499346985929, -1.9907057572072684], [-16.426988245149786, -0.8955868004974513, 6.447375923096821, 4.092469274653258, -5.798573332419675, -1.2140436315979333, -2.336913992160599, 9.525312972113856, 2.2217690925984472]], [[-27.356330962585016, -13.040721067117481], [5.420192661194016, 22.176174493229368], [-1.2609645971241785, 5.141290309338597], [0.8551107728762963, 2.7187675029314433], [-6.983924884917822, -8.823879412477536], [-5.03559685535267, 6.061542439934874], [4.094204373177945, -2.6841976583678684], [-43.918511628928094, -5.659830783827564], [2.7320369126214397, 9.93601589817496]]]
Biases: [[0.44076289313253253, -15.535742935062672], [-7.421878345042079, -14.7041990023283, 1.3971590818130664, -1.2038953200325775, 5.031423857535829, 4.467358056589523, -9.796390184869772, 6.777994725377603, -5.376556474509265]]

========== PERFECT NETWORK ==========
Generation: 132425
Network Structure: 2 layers of 10 Hidden Large MutationsScore: 100
Weights: [[[1.167935051383321, -7.295889205688311, 2.0320826264896734, -0.23170701280892353, 3.965371508913673, 3.1010014895201965, -4.475227916217163, 6.291731010344333, -2.093520188471473], [-16.72448318843221, -0.9461620809131257, 6.447375923096821, 4.008922318938041, -5.798573332419675, -1.2140436315979333, -2.447869962679654, 9.52317618729974, 2.2217690925984472]], [[-26.370192613397922, -13.377925111743192], [5.426941273264433, 22.176174493229368], [-1.2609645971241785, 5.141290309338597], [0.810579163733069, 2.7187675029314433], [-6.983924884917822, -8.932337624571078], [-5.03559685535267, 6.061542439934874], [4.094204373177945, -2.7184402633800393], [-43.918511628928094, -5.659830783827564], [2.7320369126214397, 10.00758078321224]]]
Biases: [[0.4846106728876301, -15.37797091293956], [-7.421878345042079, -14.7041990023283, 1.3971590818130664, -1.2038953200325775, 5.143474024445783, 4.467358056589523, -9.796390184869772, 6.739988599161304, -5.192366705606466]]

========== PERFECT NETWORK ==========
Generation: 132426
Network Structure: 2 layers of 10 Hidden Large MutationsScore: 100
Weights: [[[1.167935051383321, -7.295889205688311, 2.0320826264896734, -0.16439825828316273, 3.965371508913673, 3.1010014895201965, -4.475227916217163, 6.291731010344333, -2.093520188471473], [-16.426988245149786, -0.9461620809131257, 6.447375923096821, 4.092469274653258, -5.798573332419675, -1.2140436315979333, -2.447869962679654, 9.52317618729974, 2.2217690925984472]], [[-26.493007014037158, -13.377925111743192], [5.4731169837680085, 22.176174493229368], [-1.2609645971241785, 5.141290309338597], [0.8551107728762963, 2.3703919402017677], [-6.983924884917822, -8.823879412477536], [-5.03559685535267, 6.061542439934874], [4.094204373177945, -2.5011641743951145], [-43.918511628928094, -5.522293449469674], [2.7320369126214397, 9.93601589817496]]]
Biases: [[0.4846106728876301, -15.535742935062672], [-7.399422845079881, -14.7041990023283, 1.3971590818130664, -1.2038953200325775, 5.143474024445783, 4.467358056589523, -9.796390184869772, 6.579969030821609, -5.192366705606466]]

========== PERFECT NETWORK ==========
Generation: 132427
Network Structure: 2 layers of 10 Hidden Large MutationsScore: 100
Weights: [[[1.167935051383321, -7.13811227073227, 1.9544776802725479, -0.11624354638653428, 3.965371508913673, 3.1010014895201965, -4.583280199967854, 6.229499346985929, -2.0022778954529126], [-16.426988245149786, -1.0163776892747531, 6.447375923096821, 4.092469274653258, -5.665474966536225, -1.2140436315979333, -2.447869962679654, 9.525312972113856, 2.2217690925984472]], [[-27.356330962585016, -13.040721067117481], [5.426941273264433, 22.176174493229368], [-1.2609645971241785, 5.141290309338597], [0.8551107728762963, 2.7187675029314433], [-6.983924884917822, -8.823879412477536], [-5.03559685535267, 5.986976203628469], [4.094204373177945, -2.6841976583678684], [-43.918511628928094, -5.522293449469674], [2.7320369126214397, 9.93601589817496]]]
Biases: [[0.4846106728876301, -15.535742935062672], [-7.421878345042079, -14.7041990023283, 1.3971590818130664, -1.2038953200325775, 5.00541999313558, 4.467358056589523, -9.685138519763244, 6.739988599161304, -5.480306532451208]]

========== PERFECT NETWORK ==========
Generation: 132428
Network Structure: 2 layers of 10 Hidden Large MutationsScore: 100
Weights: [[[1.0720293700068557, -7.13811227073227, 1.9544776802725479, -0.11624354638653428, 3.965371508913673, 3.1010014895201965, -4.475227916217163, 6.1110721311793545, -2.0022778954529126], [-16.72448318843221, -0.9461620809131257, 6.447375923096821, 4.092469274653258, -5.798573332419675, -1.3583491715650076, -2.336913992160599, 9.616187174450042, 1.991769888105945]], [[-27.356330962585016, -13.040721067117481], [5.426941273264433, 22.176174493229368], [-1.2609645971241785, 5.141290309338597], [0.8551107728762963, 2.7187675029314433], [-6.943423234434569, -8.73550220023378], [-5.03559685535267, 6.061542439934874], [4.094204373177945, -2.6841976583678684], [-43.918511628928094, -5.481133351565525], [2.7320369126214397, 9.93601589817496]]]
Biases: [[0.4846106728876301, -15.37797091293956], [-7.421878345042079, -14.7041990023283, 1.3971590818130664, -1.268463710455884, 5.143474024445783, 4.467358056589523, -9.60574137802583, 6.739988599161304, -5.490594420480284]]

========== PERFECT NETWORK ==========
Generation: 132429
Network Structure: 2 layers of 10 Hidden Large MutationsScore: 100
Weights: [[[1.167935051383321, -7.21078620773134, 1.9544776802725479, -0.11624354638653428, 3.965371508913673, 3.1010014895201965, -4.475227916217163, 6.229499346985929, -2.0022778954529126], [-16.426988245149786, -0.9461620809131257, 6.447375923096821, 4.092469274653258, -5.798573332419675, -1.2140436315979333, -2.435554773641949, 9.525312972113856, 2.2217690925984472]], [[-27.356330962585016, -13.377925111743192], [5.426941273264433, 22.34325270898524], [-1.2609645971241785, 5.141290309338597], [0.8551107728762963, 2.7187675029314433], [-6.983924884917822, -8.932337624571078], [-5.03559685535267, 6.061542439934874], [4.094204373177945, -2.6841976583678684], [-43.999693882801836, -5.659830783827564], [2.7320369126214397, 9.93601589817496]]]
Biases: [[0.4846106728876301, -15.535742935062672], [-7.421878345042079, -14.7041990023283, 1.3971590818130664, -1.2038953200325775, 5.143474024445783, 4.467358056589523, -9.796390184869772, 6.739988599161304, -5.192366705606466]]

========== PERFECT NETWORK ==========
Generation: 132430
Network Structure: 2 layers of 10 Hidden Large MutationsScore: 100
Weights: [[[1.2061946152527172, -7.188634839519192, 1.9544776802725479, -0.23170701280892353, 3.965371508913673, 3.1010014895201965, -4.475227916217163, 6.212774874730209, -2.0022778954529126], [-16.426988245149786, -1.0163776892747531, 6.622455849749859, 4.092469274653258, -5.798573332419675, -1.3583491715650076, -2.447869962679654, 9.525312972113856, 2.2217690925984472]], [[-27.356330962585016, -13.235572624550974], [5.426941273264433, 22.34325270898524], [-1.3060854455135937, 5.141290309338597], [0.8551107728762963, 2.7187675029314433], [-6.983924884917822, -8.73550220023378], [-5.03559685535267, 6.061542439934874], [4.094204373177945, -2.5011641743951145], [-43.999693882801836, -5.659830783827564], [2.7320369126214397, 9.9460554830429]]]
Biases: [[0.4846106728876301, -15.535742935062672], [-7.421878345042079, -14.7041990023283, 1.3971590818130664, -1.2038953200325775, 5.143474024445783, 4.467358056589523, -9.685138519763244, 6.814568585895003, -5.376556474509265]]

========== PERFECT NETWORK ==========
Generation: 132431
Network Structure: 2 layers of 10 Hidden Large MutationsScore: 100
Weights: [[[1.167935051383321, -7.188634839519192, 2.0320826264896734, -0.23170701280892353, 3.965371508913673, 3.1010014895201965, -4.475227916217163, 6.229499346985929, -2.093520188471473], [-16.72448318843221, -0.9461620809131257, 6.447375923096821, 4.092469274653258, -5.798573332419675, -1.2140436315979333, -2.447869962679654, 9.616187174450042, 1.991769888105945]], [[-26.50788843011994, -13.040721067117481], [5.4734841595127595, 22.176174493229368], [-1.2609645971241785, 5.141290309338597], [0.8551107728762963, 2.7187675029314433], [-6.943423234434569, -8.73550220023378], [-5.064926652936333, 6.061542439934874], [4.094204373177945, -2.6841976583678684], [-43.918511628928094, -5.659830783827564], [2.7320369126214397, 9.93601589817496]]]
Biases: [[0.4846106728876301, -15.37797091293956], [-7.421878345042079, -14.7041990023283, 1.5137198667012324, -1.2038953200325775, 5.143474024445783, 4.467358056589523, -9.60574137802583, 6.739988599161304, -5.376556474509265]]

========== PERFECT NETWORK ==========
Generation: 132432
Network Structure: 2 layers of 10 Hidden Large MutationsScore: 100
Weights: [[[1.2061946152527172, -7.13811227073227, 2.0320826264896734, -0.16439825828316273, 3.965371508913673, 3.1010014895201965, -4.5050131742622215, 6.212774874730209, -2.093520188471473], [-16.72448318843221, -0.9461620809131257, 6.447375923096821, 3.9866482626864985, -5.798573332419675, -1.2140436315979333, -2.447869962679654, 9.525312972113856, 2.2217690925984472]], [[-26.370192613397922, -13.377925111743192], [5.426941273264433, 22.176174493229368], [-1.2800640157342573, 5.141290309338597], [0.8551107728762963, 2.2910851389176945], [-6.943423234434569, -8.823879412477536], [-4.884754265631974, 6.061542439934874], [4.094204373177945, -2.7184402633800393], [-43.999693882801836, -5.659830783827564], [2.7320369126214397, 9.9460554830429]]]
Biases: [[0.4846106728876301, -15.37797091293956], [-7.421878345042079, -14.74700840650635, 1.3971590818130664, -1.2038953200325775, 5.143474024445783, 4.467358056589523, -9.796390184869772, 6.739988599161304, -5.376556474509265]]

========== PERFECT NETWORK ==========
Generation: 132433
Network Structure: 2 layers of 10 Hidden Large MutationsScore: 100
Weights: [[[1.2061946152527172, -7.21078620773134, 1.9544776802725479, -0.23170701280892353, 3.965371508913673, 3.1010014895201965, -4.475227916217163, 6.212774874730209, -2.093520188471473], [-16.426988245149786, -1.0163776892747531, 6.447375923096821, 4.092469274653258, -5.798573332419675, -1.2140436315979333, -2.447869962679654, 9.525312972113856, 2.2217690925984472]], [[-26.370192613397922, -13.377925111743192], [5.426941273264433, 22.176174493229368], [-1.3060854455135937, 5.141290309338597], [0.8551107728762963, 2.3703919402017677], [-6.943423234434569, -8.932337624571078], [-5.03559685535267, 6.061542439934874], [4.094204373177945, -2.5011641743951145], [-43.918511628928094, -5.659830783827564], [2.7320369126214397, 10.062679218545018]]]
Biases: [[0.4846106728876301, -15.535742935062672], [-7.385287992882827, -14.7041990023283, 1.3971590818130664, -1.2038953200325775, 5.143474024445783, 4.467358056589523, -9.685138519763244, 6.555020389476098, -5.376556474509265]]

========== PERFECT NETWORK ==========
Generation: 132434
Network Structure: 2 layers of 10 Hidden Large MutationsScore: 100
Weights: [[[1.2061946152527172, -7.13811227073227, 2.0320826264896734, -0.16439825828316273, 3.965371508913673, 3.1010014895201965, -4.475227916217163, 5.971182522581048, -2.0022778954529126], [-16.426988245149786, -0.9461620809131257, 6.447375923096821, 3.9866482626864985, -5.798573332419675, -1.2140436315979333, -2.447869962679654, 9.525312972113856, 2.2217690925984472]], [[-26.370192613397922, -13.377925111743192], [5.426941273264433, 22.176174493229368], [-1.2800640157342573, 5.022235663872941], [0.8551107728762963, 2.2910851389176945], [-6.983924884917822, -8.73550220023378], [-4.884754265631974, 6.061542439934874], [4.094204373177945, -2.7184402633800393], [-43.918511628928094, -5.659830783827564], [2.7320369126214397, 9.93601589817496]]]
Biases: [[0.4846106728876301, -15.37797091293956], [-7.421878345042079, -14.74700840650635, 1.5210474363077506, -1.2228026238780667, 5.143474024445783, 4.467358056589523, -9.685138519763244, 6.739988599161304, -5.376556474509265]]
