Generation,Best,Worst,Average
0,27,0,10.729166666666666
1,30,0,11.1875
2,22,0,10.0
3,37,0,11.375
4,24,0,11.291666666666666
5,29,0,11.75
6,41,0,11.166666666666666
7,24,0,11.416666666666666
8,23,0,10.895833333333334
9,26,0,10.1875
10,26,0,12.166666666666666
11,25,6,11.791666666666666
12,33,0,12.020833333333334
13,26,0,12.125
14,29,0,9.895833333333334
15,25,0,11.145833333333334
16,35,4,12.875
17,29,0,12.020833333333334
18,25,0,13.354166666666666
19,25,0,11.208333333333334
20,31,0,10.979166666666666
21,32,6,12.583333333333334
22,25,0,10.875
23,30,0,11.875
24,22,0,9.791666666666666
25,30,0,10.979166666666666
26,22,0,11.6875
27,22,0,10.5625
28,28,0,11.854166666666666
29,27,0,13.104166666666666
30,23,0,10.895833333333334
31,40,0,11.604166666666666
32,30,0,12.875
33,30,0,13.979166666666666
34,23,1,11.375
35,28,0,12.9375
36,24,6,12.145833333333334
37,28,0,13.291666666666666
38,34,0,12.791666666666666
39,41,0,12.708333333333334
40,38,4,14.5625
41,32,0,11.6875
42,34,0,12.645833333333334
43,24,0,12.895833333333334
44,38,7,18.0
45,38,8,17.541666666666668
46,32,8,18.979166666666668
47,34,10,21.75
48,40,7,22.5625
49,45,6,24.270833333333332
50,43,5,23.375
51,42,9,24.208333333333332
52,39,6,24.020833333333332
53,45,7,27.375
54,42,10,27.333333333333332
55,47,6,29.770833333333332
56,45,10,29.375
57,44,18,30.875
58,45,9,27.520833333333332
59,42,10,30.604166666666668
60,54,12,31.479166666666668
61,43,10,30.166666666666668
62,43,15,31.5
63,42,16,29.25
64,43,6,29.270833333333332
65,46,13,31.25
66,44,10,30.104166666666668
67,42,11,28.395833333333332
68,43,11,31.1875
69,39,14,30.833333333333332
70,43,12,30.291666666666668
71,38,19,29.479166666666668
72,49,18,33.041666666666664
73,44,15,31.375
74,42,18,31.5
75,42,13,31.666666666666668
76,44,19,32.979166666666664
77,42,14,31.229166666666668
78,42,9,32.0
79,45,14,31.4375
80,45,9,31.145833333333332
81,43,9,30.395833333333332
82,44,6,31.25
83,42,23,32.708333333333336
84,44,18,30.770833333333332
85,40,17,31.666666666666668
86,44,19,32.979166666666664
87,42,9,29.6875
88,41,22,32.833333333333336
89,44,10,31.604166666666668
90,43,7,31.729166666666668
91,44,16,32.229166666666664
92,40,9,29.645833333333332
93,48,21,32.479166666666664
94,45,11,32.520833333333336
95,44,10,32.229166666666664
96,42,7,30.9375
97,42,19,32.145833333333336
98,43,18,33.229166666666664
99,44,17,32.854166666666664
100,40,8,31.375
101,48,14,32.354166666666664
102,45,12,31.895833333333332
103,47,10,29.979166666666668
104,43,15,31.270833333333332
105,45,21,32.083333333333336
106,40,17,33.0
107,44,10,30.625
108,42,11,32.270833333333336
109,42,13,30.9375
110,40,20,31.395833333333332
111,44,11,31.541666666666668
112,41,18,30.770833333333332
113,46,21,32.6875
114,45,13,31.104166666666668
115,42,9,29.5625
116,42,6,29.708333333333332
117,44,9,31.645833333333332
118,42,14,30.0625
119,46,9,32.229166666666664
120,48,19,31.625
121,43,10,31.9375
122,45,16,31.645833333333332
123,44,12,30.604166666666668
124,43,17,30.3125
125,40,19,31.229166666666668
126,45,17,32.791666666666664
127,55,6,31.0625
128,43,16,31.458333333333332
129,43,7,32.145833333333336
130,48,21,32.916666666666664
131,43,13,33.208333333333336
132,44,16,32.666666666666664
133,42,11,32.583333333333336
134,46,15,32.4375
135,43,13,31.6875
136,44,22,32.354166666666664
137,44,19,32.0
138,43,16,32.229166666666664
139,42,17,32.104166666666664
140,49,12,32.416666666666664
141,46,17,32.291666666666664
142,42,14,31.958333333333332
143,47,11,32.979166666666664
144,40,16,32.5625
145,47,13,31.520833333333332
146,47,23,34.1875
147,42,16,31.979166666666668
148,41,18,30.875
149,45,11,32.125
150,42,11,30.208333333333332
151,44,8,32.6875
152,40,17,31.6875
153,48,15,31.291666666666668
154,45,17,32.833333333333336
155,45,7,32.270833333333336
156,42,22,32.520833333333336
157,42,16,33.895833333333336
158,45,8,32.229166666666664
159,44,24,33.854166666666664
160,39,5,30.958333333333332
161,43,9,31.833333333333332
162,41,21,33.6875
163,43,24,32.25
164,49,23,34.270833333333336
165,43,19,32.979166666666664
166,44,14,32.770833333333336
167,41,24,32.333333333333336
168,46,22,33.729166666666664
169,42,18,31.166666666666668
170,45,9,32.729166666666664
171,45,15,32.9375
172,45,15,32.708333333333336
173,44,18,34.541666666666664
174,45,15,33.291666666666664
175,46,12,31.479166666666668
176,46,25,32.833333333333336
177,42,22,32.854166666666664
178,45,19,32.083333333333336
179,40,20,33.583333333333336
180,46,21,34.208333333333336
181,45,16,32.958333333333336
182,42,23,34.125
183,46,17,31.708333333333332
184,41,22,32.916666666666664
185,43,26,33.833333333333336
186,42,19,31.875
187,47,15,32.270833333333336
188,41,16,31.833333333333332
189,44,19,32.416666666666664
190,41,16,32.270833333333336
191,44,21,32.4375
192,43,18,33.0625
193,45,16,32.958333333333336
194,41,21,32.8125
195,47,16,31.895833333333332
196,42,22,31.979166666666668
197,49,20,31.9375
198,48,14,32.125
199,41,18,32.520833333333336
200,50,14,32.145833333333336
201,45,17,32.458333333333336
202,41,7,30.541666666666668
203,42,20,31.604166666666668
204,44,17,30.958333333333332
205,44,4,30.645833333333332
206,42,13,30.458333333333332
207,45,15,30.854166666666668
208,40,11,30.354166666666668
209,43,9,30.145833333333332
210,45,10,30.9375
211,43,11,31.354166666666668
212,39,5,30.916666666666668
213,46,12,33.270833333333336
214,44,14,31.291666666666668
215,39,18,32.625
216,43,13,31.4375
217,49,18,31.625
218,43,18,31.645833333333332
219,42,17,34.104166666666664
220,48,13,32.8125
221,44,23,33.583333333333336
222,46,8,32.583333333333336
223,49,20,32.854166666666664
224,48,16,32.625
225,44,17,32.458333333333336
226,44,11,31.395833333333332
227,43,21,32.958333333333336
228,46,19,31.979166666666668
229,46,16,32.270833333333336
230,40,20,31.354166666666668
231,45,18,32.8125
232,42,17,32.291666666666664
233,43,8,31.75
234,47,22,34.270833333333336
235,42,12,31.979166666666668
236,43,16,32.895833333333336
237,45,12,32.916666666666664
238,45,15,32.541666666666664
239,44,15,32.166666666666664
240,42,19,33.0
241,41,18,32.770833333333336
242,44,14,31.125
243,41,15,32.5
244,45,11,33.104166666666664
245,43,15,32.458333333333336
246,44,22,31.354166666666668
247,43,17,32.104166666666664
248,45,17,31.895833333333332
249,42,5,30.958333333333332
250,44,15,31.541666666666668
251,41,8,31.041666666666668
252,45,17,32.125
253,43,17,31.395833333333332
254,42,14,30.875
255,46,17,32.166666666666664
256,50,9,31.291666666666668
257,41,6,31.125
258,43,20,33.875
259,41,19,32.770833333333336
260,44,20,32.083333333333336
261,46,19,32.354166666666664
262,41,16,30.5
263,47,17,32.854166666666664
264,44,14,30.458333333333332
265,42,20,31.708333333333332
266,45,12,31.541666666666668
267,44,14,31.229166666666668
268,44,19,32.3125
269,42,19,32.958333333333336
270,47,18,32.916666666666664
271,45,11,31.375
272,45,20,33.9375
273,39,19,31.666666666666668
274,43,21,33.458333333333336
275,42,17,32.916666666666664
276,45,22,32.916666666666664
277,42,12,31.083333333333332
278,45,23,32.729166666666664
279,40,20,32.041666666666664
280,43,9,31.104166666666668
281,44,22,33.541666666666664
282,42,14,32.354166666666664
283,42,17,32.020833333333336
284,45,15,32.1875
285,43,12,31.479166666666668
286,48,20,32.145833333333336
287,43,18,32.125
288,44,12,32.9375
289,44,19,32.729166666666664
290,47,21,32.5
291,47,13,31.854166666666668
292,45,20,33.75
293,42,20,32.395833333333336
294,46,13,32.0
295,44,18,32.416666666666664
296,49,11,30.458333333333332
297,54,20,31.104166666666668
298,44,16,31.3125
299,44,20,31.770833333333332
300,44,9,30.0
301,45,19,33.104166666666664
302,44,20,33.333333333333336
303,41,17,31.375
304,45,21,32.1875
305,43,10,32.479166666666664
306,44,18,32.75
307,43,22,32.604166666666664
308,41,16,31.625
309,42,22,32.895833333333336
310,42,14,31.604166666666668
311,43,19,31.270833333333332
312,42,19,32.708333333333336
313,45,14,32.6875
314,48,16,32.166666666666664
315,43,16,32.395833333333336
316,47,24,32.375
317,45,13,32.479166666666664
318,50,18,33.166666666666664
319,43,18,32.3125
320,43,13,31.416666666666668
321,43,16,31.1875
322,58,12,31.166666666666668
323,49,19,32.125
324,41,16,30.979166666666668
325,44,20,33.041666666666664
326,46,12,30.1875
327,43,20,33.0625
328,43,15,32.770833333333336
329,39,16,31.083333333333332
330,44,12,31.125
331,42,16,31.1875
332,46,16,33.0
333,41,9,32.229166666666664
334,44,6,31.479166666666668
335,43,24,34.020833333333336
336,40,12,31.75
337,39,20,32.333333333333336
338,43,13,32.0
339,42,19,32.75
340,46,8,31.3125
341,40,21,31.75
342,43,15,32.75
343,43,22,32.8125
344,43,11,31.895833333333332
345,45,23,32.854166666666664
346,43,23,33.979166666666664
347,45,3,32.708333333333336
348,45,23,33.25
349,44,14,31.708333333333332
350,42,22,32.8125
351,45,21,31.9375
352,42,18,32.520833333333336
353,42,16,34.166666666666664
354,41,19,32.229166666666664
355,45,19,32.354166666666664
356,43,19,33.770833333333336
357,48,18,32.770833333333336
358,47,22,33.208333333333336
359,42,19,32.25
360,43,18,33.458333333333336
361,49,16,33.5625
362,44,16,31.583333333333332
363,41,16,32.895833333333336
364,44,24,33.854166666666664
365,41,21,33.645833333333336
366,41,13,32.333333333333336
367,44,18,31.1875
368,44,19,33.25
369,48,8,32.770833333333336
370,44,25,33.708333333333336
371,45,19,33.166666666666664
372,44,18,32.625
373,45,20,33.229166666666664
374,43,18,32.6875
375,44,20,33.0625
376,42,20,32.208333333333336
377,42,23,32.395833333333336
378,45,15,32.291666666666664
379,48,24,33.5625
380,40,25,32.9375
381,42,15,33.333333333333336
382,45,14,32.729166666666664
383,42,10,31.333333333333332
384,43,21,32.875
385,43,25,33.708333333333336
386,42,7,32.541666666666664
387,48,8,32.8125
388,42,11,31.9375
389,43,22,32.708333333333336
390,41,16,33.104166666666664
391,43,25,33.854166666666664
392,44,24,33.625
393,44,21,32.666666666666664
394,44,12,30.979166666666668
395,39,23,31.229166666666668
396,43,19,31.9375
397,42,19,32.4375
398,41,20,33.145833333333336
399,44,17,32.583333333333336
400,43,18,31.895833333333332
401,45,11,31.0
402,43,26,33.8125
403,40,15,33.041666666666664
404,42,22,33.833333333333336
405,42,20,33.479166666666664
406,45,21,32.520833333333336
407,46,21,32.958333333333336
408,41,28,34.104166666666664
409,43,22,33.666666666666664
410,42,25,32.791666666666664
411,46,16,32.395833333333336
412,42,22,32.166666666666664
413,42,25,33.208333333333336
414,43,21,33.5
415,42,24,33.75
416,41,24,31.75
417,41,18,33.104166666666664
418,46,23,33.333333333333336
419,45,16,33.104166666666664
420,43,21,33.354166666666664
421,46,17,32.604166666666664
422,43,7,33.291666666666664
423,43,20,32.958333333333336
424,44,22,32.0625
425,42,15,33.145833333333336
426,44,24,33.4375
427,44,10,32.708333333333336
428,40,22,33.458333333333336
429,41,23,32.583333333333336
430,48,12,31.604166666666668
431,45,19,33.270833333333336
432,43,23,32.541666666666664
433,42,20,33.083333333333336
434,49,8,32.375
435,43,12,31.395833333333332
436,47,15,33.083333333333336
437,46,21,34.125
438,42,22,33.145833333333336
439,43,21,32.520833333333336
440,43,20,32.208333333333336
441,41,12,32.020833333333336
442,41,16,32.6875
443,45,19,32.354166666666664
444,42,24,33.145833333333336
445,45,7,32.645833333333336
446,46,5,31.1875
447,43,16,32.666666666666664
448,45,20,32.229166666666664
449,48,9,31.833333333333332
450,43,19,32.3125
451,41,17,32.479166666666664
452,46,8,32.729166666666664
453,48,9,31.708333333333332
454,44,16,32.8125
455,40,15,31.25
456,48,17,33.666666666666664
457,43,14,32.041666666666664
458,42,21,33.979166666666664
459,42,8,32.229166666666664
460,44,16,31.604166666666668
461,42,20,33.104166666666664
462,43,9,30.6875
463,44,20,32.583333333333336
464,44,20,32.979166666666664
465,43,18,32.895833333333336
466,44,21,32.291666666666664
467,45,18,32.041666666666664
468,41,19,32.229166666666664
469,44,19,33.041666666666664
470,50,16,33.145833333333336
471,46,21,33.208333333333336
472,45,20,33.0625
473,44,26,33.229166666666664
474,48,13,32.9375
475,43,20,33.229166666666664
476,43,19,33.6875
477,43,22,32.895833333333336
478,49,18,32.8125
479,44,5,34.5
480,50,19,33.958333333333336
481,44,9,31.645833333333332
482,47,13,31.5625
483,53,19,34.041666666666664
484,53,23,33.958333333333336
485,48,16,33.791666666666664
486,55,12,33.666666666666664
487,48,6,32.104166666666664
488,54,8,33.770833333333336
489,50,8,33.75
490,57,16,36.0
491,54,17,38.520833333333336
492,60,18,38.625
493,53,26,40.6875
494,52,19,40.541666666666664
495,55,20,42.479166666666664
496,56,7,42.479166666666664
497,54,26,43.5
498,54,20,41.979166666666664
499,53,28,41.5625
500,57,26,42.479166666666664
501,54,14,40.8125
502,55,11,42.4375
503,57,31,43.708333333333336
504,62,17,40.604166666666664
505,55,24,42.291666666666664
506,54,24,42.3125
507,56,25,43.0
508,53,30,43.0625
509,60,29,42.541666666666664
510,53,26,41.416666666666664
511,56,27,41.916666666666664
512,54,8,41.4375
513,56,21,42.5625
514,52,22,41.166666666666664
515,58,29,43.5
516,53,12,40.6875
517,54,33,43.1875
518,57,21,41.625
519,57,21,42.6875
520,54,16,41.916666666666664
521,55,29,44.020833333333336
522,55,22,41.395833333333336
523,54,30,41.895833333333336
524,53,24,39.5625
525,54,22,40.3125
526,53,18,41.333333333333336
527,53,17,40.291666666666664
528,55,7,42.0
529,53,17,41.395833333333336
530,59,21,41.625
531,55,28,42.1875
532,56,17,41.958333333333336
533,59,17,42.479166666666664
534,53,18,41.5625
535,55,31,42.708333333333336
536,53,20,41.125
537,53,14,42.354166666666664
538,55,16,43.583333333333336
539,53,19,40.020833333333336
540,57,26,44.291666666666664
541,51,16,39.625
542,57,12,39.708333333333336
543,54,24,42.479166666666664
544,52,23,40.854166666666664
545,55,29,42.916666666666664
546,54,25,39.875
547,55,16,41.770833333333336
548,55,12,41.354166666666664
549,54,21,41.333333333333336
550,51,17,40.708333333333336
551,52,23,41.833333333333336
552,56,24,42.520833333333336
553,51,10,41.083333333333336
554,53,17,41.166666666666664
555,54,21,42.458333333333336
556,54,15,41.166666666666664
557,55,19,41.583333333333336
558,53,22,42.666666666666664
559,55,20,40.666666666666664
560,54,16,39.208333333333336
561,53,8,39.541666666666664
562,57,20,42.5
563,55,28,43.0625
564,55,15,42.145833333333336
565,54,25,42.583333333333336
566,53,25,41.1875
567,57,26,44.145833333333336
568,57,22,42.0625
569,53,15,41.4375
570,59,29,44.5
571,54,19,40.375
572,54,31,43.9375
573,56,25,43.333333333333336
574,60,16,40.520833333333336
575,57,21,41.729166666666664
576,58,28,44.333333333333336
577,60,25,42.479166666666664
578,56,25,43.291666666666664
579,54,29,43.708333333333336
580,51,11,42.3125
581,53,29,42.104166666666664
582,52,26,40.8125
583,58,21,41.145833333333336
584,55,25,43.333333333333336
585,56,16,41.729166666666664
586,58,9,41.520833333333336
587,56,27,43.458333333333336
588,53,30,43.791666666666664
589,53,29,42.25
590,59,29,43.041666666666664
591,58,21,42.708333333333336
592,51,29,41.458333333333336
593,58,22,43.520833333333336
594,59,32,43.9375
595,55,27,42.541666666666664
596,57,25,43.458333333333336
597,55,23,42.5
598,51,31,42.729166666666664
599,58,18,42.708333333333336
600,58,18,41.458333333333336
601,54,17,42.604166666666664
602,54,20,40.854166666666664
603,54,26,43.270833333333336
604,54,20,41.604166666666664
605,51,19,40.666666666666664
606,58,25,42.041666666666664
607,55,25,41.458333333333336
608,53,13,42.479166666666664
609,55,26,43.541666666666664
610,56,28,43.270833333333336
611,56,33,44.25
612,59,22,42.541666666666664
613,60,21,43.6875
614,58,15,43.104166666666664
615,61,22,42.208333333333336
616,58,21,43.458333333333336
617,55,15,41.625
618,58,20,41.958333333333336
619,57,26,43.270833333333336
620,54,36,43.270833333333336
621,55,21,42.645833333333336
622,53,17,42.333333333333336
623,53,12,41.666666666666664
624,53,23,42.875
625,60,28,43.354166666666664
626,53,22,43.25
627,54,21,44.645833333333336
628,56,9,41.854166666666664
629,53,27,42.291666666666664
630,57,21,42.604166666666664
631,51,30,43.145833333333336
632,63,26,42.354166666666664
633,55,23,44.6875
634,56,19,44.041666666666664
635,53,23,41.5625
636,53,29,42.541666666666664
637,53,28,44.791666666666664
638,52,25,43.645833333333336
639,55,29,44.770833333333336
640,55,27,43.854166666666664
641,61,14,42.5
642,53,22,43.0625
643,56,29,42.979166666666664
644,63,17,42.833333333333336
645,53,28,43.270833333333336
646,54,21,43.291666666666664
647,57,17,43.25
648,54,23,43.020833333333336
649,54,20,43.729166666666664
650,55,22,42.270833333333336
651,55,16,43.229166666666664
652,53,20,41.875
653,57,20,41.6875
654,54,23,43.229166666666664
655,52,27,42.875
656,52,26,41.354166666666664
657,57,27,44.083333333333336
658,54,25,43.4375
659,52,26,43.25
660,55,25,42.770833333333336
661,56,26,44.979166666666664
662,54,27,42.458333333333336
663,52,22,41.854166666666664
664,54,22,43.541666666666664
665,54,13,41.041666666666664
666,55,26,42.4375
667,51,17,41.3125
668,57,21,43.5
669,52,26,42.3125
670,54,27,42.291666666666664
671,52,24,41.6875
672,51,19,41.020833333333336
673,55,22,40.166666666666664
674,53,29,41.833333333333336
675,52,21,41.333333333333336
676,55,31,44.458333333333336
677,56,30,43.875
678,54,23,43.520833333333336
679,55,20,44.3125
680,56,6,41.916666666666664
681,60,27,44.0
682,53,22,42.666666666666664
683,54,20,42.75
684,53,24,40.958333333333336
685,59,25,44.75
686,55,24,43.75
687,60,22,41.6875
688,57,12,41.333333333333336
689,62,28,45.25
690,51,19,41.791666666666664
691,57,15,41.354166666666664
692,54,21,42.166666666666664
693,51,15,41.5
694,51,27,43.4375
695,52,28,43.041666666666664
696,55,22,43.770833333333336
697,54,27,43.9375
698,51,30,42.625
699,55,11,41.791666666666664
700,57,28,43.479166666666664
701,55,30,43.833333333333336
702,56,23,43.145833333333336
703,58,28,42.9375
704,56,30,42.520833333333336
705,55,20,41.6875
706,57,22,42.416666666666664
707,55,24,41.479166666666664
708,53,17,43.25
709,59,32,44.020833333333336
710,51,23,42.541666666666664
711,55,32,43.625
712,54,28,43.958333333333336
713,52,24,41.229166666666664
714,53,26,42.583333333333336
715,60,21,43.270833333333336
716,56,31,43.520833333333336
717,57,9,43.583333333333336
718,52,19,41.1875
719,54,26,42.333333333333336
720,57,22,40.770833333333336
721,53,11,42.125
722,54,19,42.979166666666664
723,54,22,43.229166666666664
724,52,22,42.0625
725,58,17,43.041666666666664
726,53,19,42.395833333333336
727,57,20,42.479166666666664
728,58,26,42.083333333333336
729,55,27,43.895833333333336
730,51,16,41.583333333333336
731,56,29,42.979166666666664
732,56,23,42.208333333333336
733,58,21,42.854166666666664
734,55,27,44.354166666666664
735,56,30,43.604166666666664
736,51,10,41.833333333333336
737,57,32,45.0
738,55,8,43.25
739,53,25,43.416666666666664
740,55,27,43.791666666666664
741,54,30,42.8125
742,54,28,43.4375
743,59,25,44.0625
744,52,27,43.270833333333336
745,53,25,42.6875
746,55,16,42.5625
747,57,31,44.375
748,56,29,43.25
749,52,24,42.8125
750,57,22,44.395833333333336
751,51,17,40.5
752,53,20,41.208333333333336
753,54,10,42.3125
754,57,31,42.9375
755,55,26,42.791666666666664
756,56,17,42.125
757,53,20,40.770833333333336
758,55,18,41.583333333333336
759,57,26,41.416666666666664
760,53,14,42.333333333333336
761,55,29,43.083333333333336
762,53,12,44.291666666666664
763,61,10,43.083333333333336
764,55,16,43.854166666666664
765,57,27,42.5
766,53,29,43.541666666666664
767,54,22,42.9375
768,51,15,41.916666666666664
769,58,15,42.770833333333336
770,64,8,42.416666666666664
771,54,21,42.229166666666664
772,53,26,41.875
773,57,32,42.708333333333336
774,54,20,43.5
775,54,33,43.104166666666664
776,54,29,42.5625
777,51,29,42.25
778,53,18,43.041666666666664
779,57,30,43.4375
780,56,31,44.104166666666664
781,55,35,44.854166666666664
782,53,19,42.9375
783,55,28,41.604166666666664
784,59,26,45.458333333333336
785,58,28,42.4375
786,56,20,42.395833333333336
787,55,16,41.0
788,55,28,42.3125
789,55,25,44.0
790,57,23,42.625
791,55,31,43.083333333333336
792,55,20,42.708333333333336
793,57,31,44.3125
794,53,19,42.166666666666664
795,57,30,43.895833333333336
796,53,27,42.895833333333336
797,51,29,41.729166666666664
798,54,29,44.5625
799,53,12,43.5
800,55,27,42.375
801,53,13,40.9375
802,55,25,42.229166666666664
803,56,27,42.520833333333336
804,55,30,44.3125
805,55,29,42.6875
806,55,25,42.791666666666664
807,56,27,44.5625
808,55,26,43.229166666666664
809,55,12,42.479166666666664
810,54,29,42.979166666666664
811,58,28,43.854166666666664
812,54,26,41.8125
813,56,31,45.5
814,55,27,42.979166666666664
815,56,28,43.541666666666664
816,59,28,43.083333333333336
817,55,29,43.770833333333336
818,57,21,43.416666666666664
819,53,31,42.625
820,61,31,44.583333333333336
821,61,25,42.125
822,52,17,41.041666666666664
823,57,9,42.229166666666664
824,56,27,43.895833333333336
825,55,27,43.708333333333336
826,52,21,41.75
827,55,8,40.9375
828,57,26,43.354166666666664
829,54,23,42.25
830,58,21,42.979166666666664
831,51,25,43.166666666666664
832,54,28,42.833333333333336
833,56,28,44.1875
834,58,31,43.354166666666664
835,55,31,44.083333333333336
836,58,33,43.645833333333336
837,54,21,41.895833333333336
838,58,25,42.625
839,55,31,44.375
840,55,13,42.229166666666664
841,54,25,42.125
842,54,6,41.958333333333336
843,58,8,40.229166666666664
844,55,21,42.645833333333336
845,55,30,43.395833333333336
846,53,31,43.041666666666664
847,57,18,42.125
848,53,30,43.75
849,56,15,43.25
850,56,30,42.645833333333336
851,55,17,42.479166666666664
852,61,25,43.958333333333336
853,56,32,42.375
854,52,19,42.770833333333336
855,53,31,41.5
856,58,32,44.166666666666664
857,52,27,42.625
858,56,26,43.083333333333336
859,51,20,42.541666666666664
860,54,5,41.375
861,55,26,41.395833333333336
862,59,16,41.5625
863,54,27,42.8125
864,62,32,44.520833333333336
865,53,23,42.208333333333336
866,56,13,41.125
867,52,8,40.125
868,56,22,40.479166666666664
869,57,11,40.479166666666664
870,56,20,40.979166666666664
871,54,22,42.5625
872,54,17,41.333333333333336
873,57,17,41.791666666666664
874,59,25,42.6875
875,53,30,41.375
876,54,25,42.020833333333336
877,53,31,42.8125
878,60,27,40.979166666666664
879,55,21,41.5625
880,59,14,42.229166666666664
881,56,14,41.3125
882,53,23,42.770833333333336
883,58,14,43.041666666666664
884,53,31,42.229166666666664
885,55,22,41.645833333333336
886,60,37,45.75
887,52,24,44.041666666666664
888,54,29,42.0625
889,55,25,42.6875
890,54,17,40.895833333333336
891,56,20,41.770833333333336
892,54,15,42.916666666666664
893,54,30,43.208333333333336
894,55,18,42.645833333333336
895,60,20,43.729166666666664
896,56,14,41.166666666666664
897,54,21,41.166666666666664
898,53,12,42.833333333333336
899,58,24,42.270833333333336
900,58,21,42.854166666666664
901,56,21,43.791666666666664
902,56,31,44.895833333333336
903,54,14,42.1875
904,55,21,43.916666666666664
905,54,17,42.729166666666664
906,51,33,43.104166666666664
907,54,22,41.666666666666664
908,54,7,41.645833333333336
909,55,18,41.0
910,55,25,41.854166666666664
911,57,11,41.708333333333336
912,53,22,41.5625
913,57,25,42.354166666666664
914,55,19,40.9375
915,53,32,44.708333333333336
916,53,23,41.4375
917,50,30,42.270833333333336
918,55,28,43.645833333333336
919,57,25,43.895833333333336
920,58,33,43.916666666666664
921,57,26,42.604166666666664
922,55,17,41.770833333333336
923,56,23,43.041666666666664
924,56,19,43.083333333333336
925,54,32,43.958333333333336
926,60,25,44.25
927,55,29,42.9375
928,53,28,43.333333333333336
929,54,17,41.833333333333336
930,54,23,41.979166666666664
931,54,25,44.395833333333336
932,58,16,42.854166666666664
933,51,25,42.416666666666664
934,56,11,41.875
935,54,10,41.0
936,56,24,43.895833333333336
937,52,12,42.666666666666664
938,54,17,41.4375
939,53,28,43.520833333333336
940,50,26,42.958333333333336
941,59,23,42.9375
942,53,15,42.354166666666664
943,54,30,42.583333333333336
944,62,31,43.708333333333336
945,55,26,42.645833333333336
946,57,30,44.4375
947,56,27,42.708333333333336
948,59,24,42.895833333333336
949,54,10,40.4375
950,53,27,43.708333333333336
951,53,20,41.895833333333336
952,57,21,42.625
953,55,22,42.479166666666664
954,53,19,41.5
955,55,22,42.354166666666664
956,54,13,40.854166666666664
957,53,25,43.208333333333336
958,53,28,42.4375
959,57,32,43.833333333333336
960,54,25,43.604166666666664
961,55,29,42.5625
962,58,19,42.666666666666664
963,52,24,42.0
964,57,34,44.395833333333336
965,53,27,42.541666666666664
966,52,30,42.916666666666664
967,57,20,42.9375
968,54,23,44.041666666666664
969,53,32,43.9375
970,57,24,43.166666666666664
971,57,27,42.479166666666664
972,57,25,45.125
973,55,20,41.625
974,57,12,43.020833333333336
975,60,24,43.479166666666664
976,54,33,43.916666666666664
977,52,27,41.791666666666664
978,55,33,44.1875
979,56,24,43.833333333333336
980,58,28,42.625
981,53,31,43.8125
982,60,32,44.6875
983,52,12,43.25
984,53,21,43.875
985,60,31,44.083333333333336
986,53,31,43.541666666666664
987,61,29,42.854166666666664
988,51,27,43.020833333333336
989,62,29,43.104166666666664
990,59,19,43.104166666666664
991,58,24,42.4375
992,59,8,42.9375
993,59,32,42.583333333333336
994,56,30,45.854166666666664
995,58,23,44.9375
996,60,18,42.5
997,58,16,43.583333333333336
998,63,24,43.4375
999,59,27,43.979166666666664
1000,55,26,44.208333333333336
1001,55,18,43.25
1002,53,16,42.25
1003,55,31,44.25
1004,60,29,44.270833333333336
1005,62,26,44.541666666666664
1006,63,21,42.9375
1007,63,22,43.354166666666664
1008,63,7,45.625
1009,60,18,46.375
1010,68,23,50.770833333333336
1011,63,8,48.416666666666664
1012,70,30,51.5
1013,65,26,50.666666666666664
1014,64,22,52.0625
1015,65,25,49.6875
1016,68,31,52.9375
1017,68,28,52.645833333333336
1018,66,25,51.020833333333336
1019,66,28,51.333333333333336
1020,66,25,52.541666666666664
1021,67,26,52.104166666666664
1022,68,38,53.895833333333336
1023,66,36,53.5
1024,70,6,51.833333333333336
1025,65,7,51.604166666666664
1026,62,28,51.875
1027,64,12,51.8125
1028,65,37,53.479166666666664
1029,67,32,53.833333333333336
1030,64,34,52.520833333333336
1031,66,30,54.166666666666664
1032,64,32,54.125
1033,67,31,53.604166666666664
1034,67,31,53.958333333333336
1035,67,27,50.208333333333336
1036,65,39,53.916666666666664
1037,66,13,51.5625
1038,68,21,51.458333333333336
1039,65,22,50.0
1040,64,20,52.958333333333336
1041,66,37,54.208333333333336
1042,66,27,52.9375
1043,66,37,52.916666666666664
1044,67,25,50.916666666666664
1045,69,31,53.020833333333336
1046,63,32,50.0
1047,70,41,53.604166666666664
1048,67,35,53.708333333333336
1049,67,29,54.479166666666664
1050,66,40,52.895833333333336
1051,67,22,51.958333333333336
1052,69,38,52.625
1053,66,30,52.645833333333336
1054,66,39,55.708333333333336
1055,70,30,54.479166666666664
1056,67,35,54.083333333333336
1057,68,31,54.291666666666664
1058,64,34,53.354166666666664
1059,67,24,50.354166666666664
1060,64,30,54.0
1061,65,37,52.645833333333336
1062,66,36,53.041666666666664
1063,74,14,52.375
1064,69,21,52.354166666666664
1065,66,14,50.895833333333336
1066,65,29,55.125
1067,67,30,52.020833333333336
1068,65,41,54.458333333333336
1069,66,32,52.354166666666664
1070,65,17,53.104166666666664
1071,68,39,52.604166666666664
1072,70,37,54.291666666666664
1073,67,26,50.895833333333336
1074,66,38,55.541666666666664
1075,64,19,54.395833333333336
1076,63,28,51.375
1077,65,25,53.0625
1078,66,27,52.791666666666664
1079,63,9,51.729166666666664
1080,64,25,52.645833333333336
1081,67,32,54.0625
1082,63,33,52.541666666666664
1083,64,36,53.25
1084,63,34,52.1875
1085,65,44,55.833333333333336
1086,67,27,52.6875
1087,70,26,51.604166666666664
1088,65,39,53.791666666666664
1089,65,21,51.729166666666664
1090,63,29,52.520833333333336
1091,63,40,54.4375
1092,65,35,53.3125
1093,67,35,54.416666666666664
1094,65,32,53.5
1095,65,38,54.3125
1096,66,40,52.791666666666664
1097,70,28,53.229166666666664
1098,65,19,52.958333333333336
1099,69,34,54.020833333333336
1100,66,23,54.625
1101,64,42,54.520833333333336
1102,70,30,52.875
1103,66,19,52.479166666666664
1104,66,23,51.770833333333336
1105,63,30,52.291666666666664
1106,62,30,53.1875
1107,66,20,51.291666666666664
1108,67,33,54.333333333333336
1109,65,29,54.354166666666664
1110,68,21,53.479166666666664
1111,68,8,51.0
1112,65,42,54.645833333333336
1113,66,39,53.854166666666664
1114,66,43,54.0
1115,69,26,53.354166666666664
1116,66,37,54.604166666666664
1117,71,24,53.770833333333336
1118,65,24,53.75
1119,66,23,54.125
1120,68,22,53.520833333333336
1121,65,33,52.458333333333336
1122,68,23,53.229166666666664
1123,64,30,52.5625
1124,65,28,51.8125
1125,67,28,53.416666666666664
1126,63,30,53.125
1127,66,9,54.645833333333336
1128,68,23,53.333333333333336
1129,67,23,49.854166666666664
1130,69,19,51.375
1131,63,18,51.729166666666664
1132,69,25,53.145833333333336
1133,68,17,51.666666666666664
1134,63,38,53.833333333333336
1135,63,23,52.666666666666664
1136,63,34,53.875
1137,67,39,52.416666666666664
1138,66,27,51.9375
1139,62,37,53.416666666666664
1140,67,39,53.895833333333336
1141,66,29,54.4375
1142,66,31,52.104166666666664
1143,66,31,54.354166666666664
1144,67,35,53.625
1145,63,33,52.770833333333336
1146,67,30,53.3125
1147,65,30,52.604166666666664
1148,65,28,53.833333333333336
1149,65,40,54.458333333333336
1150,67,31,54.395833333333336
1151,62,11,49.375
1152,73,15,48.854166666666664
1153,64,21,51.833333333333336
1154,62,28,51.791666666666664
1155,68,19,51.625
1156,63,32,53.458333333333336
1157,66,35,53.479166666666664
1158,64,44,55.270833333333336
1159,63,17,51.708333333333336
1160,71,6,54.104166666666664
1161,68,21,54.395833333333336
1162,66,35,52.833333333333336
1163,65,23,52.479166666666664
1164,66,19,52.479166666666664
1165,65,34,53.354166666666664
1166,64,33,51.833333333333336
1167,64,32,53.479166666666664
1168,67,25,54.541666666666664
1169,64,39,54.625
1170,64,31,54.479166666666664
1171,65,16,53.458333333333336
1172,68,33,54.0625
1173,67,42,54.125
1174,66,36,54.395833333333336
1175,65,9,53.458333333333336
1176,68,20,52.729166666666664
1177,72,40,54.6875
1178,65,29,52.145833333333336
1179,67,22,52.520833333333336
1180,68,39,54.6875
1181,64,30,53.020833333333336
1182,66,12,53.104166666666664
1183,64,16,51.770833333333336
1184,68,36,55.770833333333336
1185,66,28,53.125
1186,65,29,51.020833333333336
1187,69,20,52.125
1188,63,6,52.979166666666664
1189,65,37,54.0
1190,70,33,53.8125
1191,66,8,52.604166666666664
1192,67,33,52.916666666666664
1193,68,20,51.25
1194,63,31,53.666666666666664
1195,64,11,52.208333333333336
1196,64,13,52.791666666666664
1197,63,11,53.104166666666664
1198,69,35,54.9375
1199,64,29,52.520833333333336
1200,63,22,54.0
1201,64,31,51.729166666666664
1202,64,32,52.041666666666664
1203,63,39,54.041666666666664
1204,65,34,53.208333333333336
1205,63,34,53.791666666666664
1206,69,20,53.270833333333336
1207,68,39,53.208333333333336
1208,68,37,54.083333333333336
1209,64,31,52.75
1210,70,9,52.5
1211,67,38,53.75
1212,67,38,53.291666666666664
1213,64,38,54.104166666666664
1214,70,41,54.791666666666664
1215,68,18,53.770833333333336
1216,65,45,56.041666666666664
1217,66,39,54.354166666666664
1218,69,32,55.791666666666664
1219,65,44,55.395833333333336
1220,68,29,54.020833333333336
1221,65,41,53.270833333333336
1222,66,27,52.166666666666664
1223,66,29,52.3125
1224,68,32,53.791666666666664
1225,67,43,54.25
1226,62,26,50.645833333333336
1227,68,20,53.5
1228,62,26,51.229166666666664
1229,66,37,53.1875
1230,67,32,53.833333333333336
1231,65,34,53.479166666666664
1232,66,33,55.416666666666664
1233,62,29,52.770833333333336
1234,65,13,52.0
1235,67,33,53.270833333333336
1236,67,32,53.041666666666664
1237,67,27,53.291666666666664
1238,65,15,52.458333333333336
1239,69,29,52.333333333333336
1240,69,27,51.0
1241,67,18,54.020833333333336
1242,64,37,52.729166666666664
1243,66,27,50.520833333333336
1244,67,29,53.708333333333336
1245,68,29,54.145833333333336
1246,68,10,52.9375
1247,68,18,51.958333333333336
1248,64,35,53.6875
1249,67,36,54.041666666666664
1250,67,38,55.145833333333336
1251,66,43,54.458333333333336
1252,67,25,54.8125
1253,66,39,54.770833333333336
1254,66,33,53.75
1255,68,38,55.645833333333336
1256,65,25,52.875
1257,75,44,55.6875
1258,65,30,53.3125
1259,71,34,54.708333333333336
1260,68,35,54.833333333333336
1261,64,28,54.416666666666664
1262,72,33,54.041666666666664
1263,67,25,52.854166666666664
1264,66,21,52.8125
1265,66,10,52.520833333333336
1266,63,36,54.833333333333336
1267,68,16,53.75
1268,68,23,54.270833333333336
1269,62,32,52.958333333333336
1270,66,24,52.520833333333336
1271,68,16,52.5
1272,67,26,52.208333333333336
1273,64,24,51.895833333333336
1274,64,24,51.8125
1275,66,29,54.291666666666664
1276,63,31,54.0
1277,63,33,52.979166666666664
1278,64,31,53.958333333333336
1279,63,25,53.1875
1280,68,35,51.520833333333336
1281,63,24,52.4375
1282,71,39,55.875
1283,65,26,50.833333333333336
1284,64,42,54.479166666666664
1285,67,29,51.9375
1286,66,33,54.104166666666664
1287,68,19,53.875
1288,65,33,52.604166666666664
1289,64,37,53.833333333333336
1290,67,21,51.645833333333336
1291,65,36,55.479166666666664
1292,64,11,53.166666666666664
1293,68,40,55.083333333333336
1294,66,25,54.375
1295,63,21,52.041666666666664
1296,65,20,51.458333333333336
1297,67,19,53.25
1298,65,23,52.708333333333336
1299,72,37,54.3125
1300,62,27,53.1875
1301,68,29,52.166666666666664
1302,64,35,52.708333333333336
1303,64,37,53.645833333333336
1304,69,37,54.229166666666664
1305,62,38,53.791666666666664
1306,67,24,52.291666666666664
1307,67,29,53.854166666666664
1308,64,35,54.041666666666664
1309,68,31,53.25
1310,66,38,54.4375
1311,66,30,52.270833333333336
1312,66,17,53.4375
1313,66,38,54.104166666666664
1314,65,39,56.0
1315,63,34,53.5625
1316,63,46,54.166666666666664
1317,67,32,52.166666666666664
1318,65,22,54.541666666666664
1319,69,35,54.791666666666664
1320,68,19,53.625
1321,65,31,54.6875
1322,67,25,52.104166666666664
1323,64,27,51.875
1324,63,34,53.041666666666664
1325,63,32,51.833333333333336
1326,66,27,53.895833333333336
1327,65,43,53.833333333333336
1328,66,25,54.104166666666664
1329,64,38,53.6875
1330,67,35,54.875
1331,64,41,54.770833333333336
1332,66,39,54.25
1333,71,36,54.625
1334,67,24,52.333333333333336
1335,63,38,55.666666666666664
1336,64,23,53.041666666666664
1337,67,21,52.5625
1338,68,39,53.229166666666664
1339,66,44,55.604166666666664
1340,65,26,52.979166666666664
1341,67,31,52.25
1342,63,21,51.583333333333336
1343,64,19,52.958333333333336
1344,64,29,53.375
1345,63,35,53.3125
1346,66,22,52.875
1347,67,23,53.354166666666664
1348,66,40,55.041666666666664
1349,69,34,55.5625
1350,64,19,53.3125
1351,66,31,53.4375
1352,70,29,54.125
1353,69,30,53.75
1354,65,33,53.541666666666664
1355,67,35,55.666666666666664
1356,66,35,53.375
1357,65,30,52.395833333333336
1358,66,42,54.541666666666664
1359,67,28,54.104166666666664
1360,69,32,54.541666666666664
1361,63,35,51.375
1362,65,15,53.1875
1363,67,30,50.791666666666664
1364,68,33,53.5
1365,65,23,49.791666666666664
1366,69,29,53.083333333333336
1367,67,23,53.583333333333336
1368,63,35,52.979166666666664
1369,65,37,53.875
1370,63,23,53.1875
1371,67,27,54.916666666666664
1372,74,19,54.166666666666664
1373,65,34,54.229166666666664
1374,64,31,53.6875
1375,67,39,55.354166666666664
1376,63,18,52.416666666666664
1377,71,41,54.770833333333336
1378,67,34,54.4375
1379,68,40,55.020833333333336
1380,70,44,55.416666666666664
1381,62,38,53.291666666666664
1382,62,37,53.083333333333336
1383,68,42,53.270833333333336
1384,66,33,55.625
1385,69,26,52.916666666666664
1386,70,30,53.645833333333336
1387,66,26,53.958333333333336
1388,66,33,54.333333333333336
1389,68,26,53.1875
1390,63,37,53.708333333333336
1391,67,10,53.6875
1392,67,12,54.041666666666664
1393,66,44,55.666666666666664
1394,66,37,53.9375
1395,64,40,53.875
1396,69,34,54.3125
1397,64,29,53.1875
1398,65,27,52.6875
1399,65,37,54.770833333333336
1400,67,33,53.854166666666664
1401,68,28,53.0625
1402,68,15,54.354166666666664
1403,70,34,53.375
1404,65,40,53.4375
1405,66,19,54.5625
1406,63,33,54.145833333333336
1407,68,35,53.8125
1408,66,27,53.854166666666664
1409,65,36,51.291666666666664
1410,67,5,51.458333333333336
1411,62,14,51.729166666666664
1412,66,15,55.270833333333336
1413,67,35,53.875
1414,66,29,52.895833333333336
1415,65,25,52.520833333333336
1416,67,39,54.8125
1417,67,22,52.791666666666664
1418,66,31,52.729166666666664
1419,66,28,53.25
1420,66,23,51.354166666666664
1421,68,43,54.645833333333336
1422,65,38,54.708333333333336
1423,65,23,51.75
1424,65,35,52.791666666666664
1425,68,35,53.875
1426,64,24,52.375
1427,64,10,52.208333333333336
1428,68,32,52.395833333333336
1429,66,20,52.5
1430,66,24,53.541666666666664
1431,67,27,54.895833333333336
1432,69,25,53.4375
1433,66,24,52.520833333333336
1434,65,41,54.6875
1435,68,13,51.895833333333336
1436,67,24,54.0625
1437,68,33,54.645833333333336
1438,65,24,53.0
1439,66,39,54.291666666666664
1440,71,35,51.645833333333336
1441,67,39,54.479166666666664
1442,66,30,52.958333333333336
1443,67,32,53.479166666666664
1444,63,28,52.354166666666664
1445,62,26,51.875
1446,63,16,53.270833333333336
1447,68,17,53.958333333333336
1448,71,37,53.833333333333336
1449,69,30,53.166666666666664
1450,61,41,53.916666666666664
1451,64,31,53.125
1452,63,35,53.895833333333336
1453,66,37,54.333333333333336
1454,67,19,52.333333333333336
1455,65,24,53.1875
1456,65,41,54.854166666666664
1457,67,32,53.666666666666664
1458,62,37,53.375
1459,67,33,53.5
1460,64,32,53.0
1461,68,33,54.375
1462,67,33,54.875
1463,73,39,54.75
1464,65,29,52.875
1465,63,39,54.083333333333336
1466,67,34,55.333333333333336
1467,65,32,52.645833333333336
1468,66,39,54.875
1469,65,26,52.083333333333336
1470,65,19,52.3125
1471,64,34,53.083333333333336
1472,65,12,49.916666666666664
1473,66,30,53.458333333333336
1474,65,17,51.875
1475,67,21,52.145833333333336
1476,65,22,52.145833333333336
1477,67,28,53.395833333333336
1478,64,34,53.520833333333336
1479,65,44,55.8125
1480,64,38,52.270833333333336
1481,67,42,54.729166666666664
1482,65,28,52.291666666666664
1483,67,22,54.354166666666664
1484,67,14,51.979166666666664
1485,64,41,53.104166666666664
1486,63,21,54.166666666666664
1487,66,38,53.729166666666664
1488,63,33,53.875
1489,64,18,50.083333333333336
1490,64,28,51.520833333333336
1491,68,23,52.0
1492,70,30,53.666666666666664
1493,65,34,51.541666666666664
1494,65,27,51.875
1495,69,39,53.75
1496,65,38,54.8125
1497,64,30,53.625
1498,64,36,53.020833333333336
1499,68,30,53.4375
1500,67,32,53.979166666666664
1501,64,34,54.604166666666664
1502,66,33,52.208333333333336
1503,66,45,54.0
1504,67,30,53.5
1505,64,30,52.625
1506,67,37,53.666666666666664
1507,68,38,53.395833333333336
1508,66,30,54.520833333333336
1509,66,25,52.666666666666664
1510,71,22,55.854166666666664
1511,65,32,52.770833333333336
1512,68,38,52.875
1513,66,43,54.854166666666664
1514,67,35,53.041666666666664
1515,69,31,53.125
1516,69,40,55.208333333333336
1517,72,26,53.6875
1518,66,37,54.354166666666664
1519,66,24,53.354166666666664
1520,64,29,53.166666666666664
1521,62,32,52.9375
1522,66,25,53.916666666666664
1523,62,36,53.5625
1524,64,18,51.083333333333336
1525,64,21,51.5
1526,66,18,54.791666666666664
1527,66,30,51.583333333333336
1528,67,23,52.166666666666664
1529,69,24,52.291666666666664
1530,64,41,54.354166666666664
1531,73,37,53.9375
1532,63,34,51.020833333333336
1533,69,12,51.979166666666664
1534,64,39,53.25
1535,64,23,53.520833333333336
1536,65,35,53.020833333333336
1537,65,27,53.604166666666664
1538,67,21,52.083333333333336
1539,66,20,52.979166666666664
1540,67,10,51.854166666666664
1541,66,35,53.979166666666664
1542,66,35,53.583333333333336
1543,67,31,53.8125
1544,67,37,53.020833333333336
1545,67,33,51.479166666666664
1546,68,23,52.395833333333336
1547,64,21,51.770833333333336
1548,64,21,51.25
1549,66,20,52.916666666666664
1550,66,25,53.541666666666664
1551,66,14,53.791666666666664
1552,68,5,53.729166666666664
1553,65,29,53.25
1554,66,41,55.270833333333336
1555,73,37,53.354166666666664
1556,70,19,54.25
1557,70,36,53.9375
1558,67,31,55.479166666666664
1559,63,18,53.083333333333336
1560,68,35,54.375
1561,65,25,52.395833333333336
1562,67,28,53.895833333333336
1563,69,33,55.270833333333336
1564,66,39,54.25
1565,68,28,53.729166666666664
1566,67,30,53.854166666666664
1567,66,28,53.854166666666664
1568,73,34,54.666666666666664
1569,72,19,53.604166666666664
1570,67,40,55.333333333333336
1571,71,38,55.291666666666664
1572,69,37,55.770833333333336
1573,67,22,54.208333333333336
1574,68,37,56.895833333333336
1575,71,42,54.8125
1576,64,40,54.833333333333336
1577,67,41,54.833333333333336
1578,64,39,53.6875
1579,68,38,55.0
1580,67,36,54.770833333333336
1581,71,34,53.0
1582,66,28,53.604166666666664
1583,72,30,54.270833333333336
1584,68,20,53.166666666666664
1585,68,33,54.354166666666664
1586,73,43,54.75
1587,63,37,53.770833333333336
1588,65,22,53.125
1589,65,30,52.3125
1590,65,23,54.354166666666664
1591,65,23,52.5
1592,71,24,52.583333333333336
1593,66,29,51.875
1594,65,40,53.833333333333336
1595,64,19,53.229166666666664
1596,68,32,53.1875
1597,66,40,54.895833333333336
1598,66,8,52.229166666666664
1599,67,30,54.5625
1600,69,33,53.770833333333336
1601,66,27,52.208333333333336
1602,65,22,51.666666666666664
1603,68,15,52.645833333333336
1604,72,24,52.958333333333336
1605,68,27,54.604166666666664
1606,68,25,51.1875
1607,68,30,52.125
1608,69,34,54.291666666666664
1609,67,28,53.333333333333336
1610,70,42,55.5
1611,70,23,53.1875
1612,63,25,52.041666666666664
1613,64,26,52.791666666666664
1614,65,21,52.979166666666664
1615,70,32,53.729166666666664
1616,66,36,53.1875
1617,66,22,53.645833333333336
1618,65,23,52.104166666666664
1619,64,31,52.125
1620,66,16,52.083333333333336
1621,65,28,51.666666666666664
1622,67,40,54.916666666666664
1623,66,28,53.5
1624,65,23,51.604166666666664
1625,67,24,53.708333333333336
1626,66,37,54.1875
1627,65,38,52.9375
1628,66,32,53.520833333333336
1629,65,16,49.791666666666664
1630,66,35,53.854166666666664
1631,66,20,51.75
1632,69,37,52.666666666666664
1633,67,39,53.541666666666664
1634,69,34,52.875
1635,66,39,53.270833333333336
1636,69,31,53.583333333333336
1637,72,40,53.645833333333336
1638,71,17,51.5625
1639,64,43,54.0625
1640,67,41,54.1875
1641,64,38,55.75
1642,66,20,52.916666666666664
1643,65,16,53.166666666666664
1644,69,17,54.583333333333336
1645,68,23,52.875
1646,65,15,52.729166666666664
1647,68,24,53.604166666666664
1648,66,33,54.979166666666664
1649,65,39,54.541666666666664
1650,65,38,53.8125
1651,67,29,52.5625
1652,63,31,51.854166666666664
1653,64,8,50.333333333333336
1654,64,30,53.854166666666664
1655,67,43,55.6875
1656,69,38,54.5
1657,70,15,56.333333333333336
1658,69,28,54.895833333333336
1659,66,41,54.458333333333336
1660,66,34,53.75
1661,63,29,54.125
1662,65,32,53.875
1663,66,30,55.1875
1664,67,32,54.291666666666664
1665,68,36,54.625
1666,65,27,51.979166666666664
1667,66,25,53.6875
1668,64,39,52.833333333333336
1669,65,28,51.458333333333336
1670,66,19,50.5625
1671,65,31,53.604166666666664
1672,65,25,50.6875
1673,64,34,53.125
1674,67,27,53.270833333333336
1675,68,34,54.5625
1676,64,43,55.583333333333336
1677,64,31,54.541666666666664
1678,65,30,53.916666666666664
1679,66,33,53.458333333333336
1680,67,28,55.666666666666664
1681,67,40,53.645833333333336
1682,64,36,52.791666666666664
1683,64,42,55.208333333333336
1684,65,22,55.645833333333336
1685,65,39,53.0
1686,67,24,53.666666666666664
1687,65,32,53.770833333333336
1688,65,34,54.729166666666664
1689,66,14,53.541666666666664
1690,64,9,51.666666666666664
1691,68,32,53.875
1692,63,32,54.458333333333336
1693,65,31,52.75
1694,66,39,55.4375
1695,68,35,54.0
1696,70,41,53.583333333333336
1697,66,23,51.8125
1698,64,26,52.833333333333336
1699,66,33,52.833333333333336
1700,67,18,52.208333333333336
1701,65,28,52.4375
1702,65,24,52.25
1703,64,32,53.708333333333336
1704,66,38,54.791666666666664
1705,66,14,52.5625
1706,69,25,50.166666666666664
1707,63,33,53.1875
1708,67,42,53.958333333333336
1709,67,29,52.854166666666664
1710,66,22,53.729166666666664
1711,62,40,54.041666666666664
1712,66,18,52.541666666666664
1713,65,32,53.166666666666664
1714,65,27,52.604166666666664
1715,70,29,53.6875
1716,69,14,53.395833333333336
1717,67,21,53.0625
1718,68,38,55.0
1719,65,38,55.333333333333336
1720,64,20,52.729166666666664
1721,65,36,52.9375
1722,66,36,54.416666666666664
1723,65,29,52.041666666666664
1724,67,22,52.75
1725,69,25,51.25
1726,62,18,50.479166666666664
1727,65,37,53.208333333333336
1728,69,23,51.520833333333336
1729,67,23,50.8125
1730,64,33,52.395833333333336
1731,65,25,53.041666666666664
1732,68,29,50.895833333333336
1733,65,26,54.4375
1734,66,11,53.125
1735,60,13,51.145833333333336
1736,66,33,52.395833333333336
1737,69,17,50.291666666666664
1738,65,28,54.0
1739,68,11,52.729166666666664
1740,65,25,53.270833333333336
1741,70,30,53.0625
1742,66,12,53.270833333333336
1743,65,23,49.875
1744,66,8,50.895833333333336
1745,65,16,50.145833333333336
1746,66,29,52.208333333333336
1747,67,25,51.583333333333336
1748,70,35,55.0
1749,63,38,50.916666666666664
1750,65,29,53.541666666666664
1751,66,19,53.083333333333336
1752,66,26,54.854166666666664
1753,65,33,53.604166666666664
1754,66,8,51.4375
1755,68,26,53.791666666666664
1756,65,30,54.4375
1757,64,11,53.541666666666664
1758,69,18,54.104166666666664
1759,62,28,51.041666666666664
1760,71,32,52.895833333333336
1761,65,35,54.375
1762,64,24,52.3125
1763,71,34,53.520833333333336
1764,66,23,54.9375
1765,65,42,54.458333333333336
1766,66,28,54.1875
1767,68,35,54.5
1768,68,41,53.770833333333336
1769,68,40,55.229166666666664
1770,70,15,52.458333333333336
1771,63,25,53.6875
1772,65,24,52.354166666666664
1773,69,34,55.416666666666664
1774,68,39,54.6875
1775,66,25,54.770833333333336
1776,64,38,54.583333333333336
1777,69,44,55.25
1778,65,38,54.229166666666664
1779,67,36,55.291666666666664
1780,66,44,55.6875
1781,64,45,54.145833333333336
1782,66,21,52.8125
1783,71,41,55.083333333333336
1784,66,39,55.708333333333336
1785,66,13,54.0
1786,69,41,54.3125
1787,63,29,53.583333333333336
1788,63,43,54.6875
1789,65,27,55.625
1790,64,11,53.625
1791,68,34,53.020833333333336
1792,66,34,54.770833333333336
1793,65,18,53.1875
1794,64,33,52.958333333333336
1795,67,30,53.604166666666664
1796,62,22,50.583333333333336
1797,66,19,52.020833333333336
1798,66,34,52.354166666666664
1799,72,40,54.708333333333336
1800,65,41,53.25
1801,67,35,54.041666666666664
1802,64,35,54.0
1803,63,38,53.916666666666664
1804,69,28,54.0
1805,69,10,53.583333333333336
1806,69,33,54.229166666666664
1807,67,37,55.041666666666664
1808,70,34,53.083333333333336
1809,66,17,53.9375
1810,64,10,53.166666666666664
1811,65,21,53.0
1812,68,15,54.25
1813,65,26,51.291666666666664
1814,67,30,53.083333333333336
1815,70,18,53.25
1816,70,36,54.770833333333336
1817,69,29,55.0
1818,66,29,54.979166666666664
1819,66,31,54.729166666666664
1820,65,35,53.104166666666664
1821,63,23,52.208333333333336
1822,64,15,53.25
1823,66,18,52.4375
1824,66,23,52.583333333333336
1825,64,39,53.416666666666664
1826,64,35,54.895833333333336
1827,66,34,53.5625
1828,63,29,51.75
1829,65,34,53.5
1830,65,40,54.541666666666664
1831,64,34,53.875
1832,64,29,54.041666666666664
1833,64,21,53.020833333333336
1834,69,30,54.229166666666664
1835,65,45,55.520833333333336
1836,68,40,56.9375
1837,67,36,52.479166666666664
1838,65,32,55.208333333333336
1839,67,22,53.854166666666664
1840,65,29,54.020833333333336
1841,65,16,53.458333333333336
1842,75,42,54.645833333333336
1843,70,17,53.291666666666664
1844,66,12,53.145833333333336
1845,68,18,53.645833333333336
1846,64,23,54.354166666666664
1847,64,41,54.25
1848,64,18,53.208333333333336
1849,65,34,54.291666666666664
1850,64,34,54.208333333333336
1851,64,35,53.270833333333336
1852,65,17,52.9375
1853,63,24,53.0
1854,63,35,53.541666666666664
1855,64,40,55.479166666666664
1856,71,23,53.145833333333336
1857,67,7,52.5625
1858,66,41,57.354166666666664
1859,61,39,54.020833333333336
1860,67,21,54.020833333333336
1861,67,24,54.791666666666664
1862,64,15,53.145833333333336
1863,69,34,53.229166666666664
1864,66,28,54.25
1865,63,26,53.395833333333336
1866,68,34,52.708333333333336
1867,68,37,54.9375
1868,69,45,56.083333333333336
1869,67,23,52.875
1870,68,19,53.854166666666664
1871,65,41,54.333333333333336
1872,68,38,54.895833333333336
1873,64,35,53.895833333333336
1874,67,36,53.854166666666664
1875,68,34,56.145833333333336
1876,64,33,53.791666666666664
1877,70,31,55.583333333333336
1878,71,26,53.833333333333336
1879,66,44,55.645833333333336
1880,67,35,53.333333333333336
1881,67,40,54.6875
1882,67,29,54.375
1883,63,45,55.208333333333336
1884,65,23,54.625
1885,65,35,54.604166666666664
1886,64,39,53.666666666666664
1887,64,28,53.833333333333336
1888,70,43,56.0
1889,68,28,53.3125
1890,65,7,52.645833333333336
1891,68,32,54.145833333333336
1892,69,41,55.104166666666664
1893,65,26,54.125
1894,73,30,55.041666666666664
1895,69,39,56.104166666666664
1896,63,38,55.708333333333336
1897,65,33,55.791666666666664
1898,63,39,54.6875
1899,65,40,54.375
1900,66,35,54.375
1901,64,30,52.041666666666664
1902,72,34,53.541666666666664
1903,62,31,52.25
1904,67,19,52.583333333333336
1905,69,32,52.416666666666664
1906,67,35,54.041666666666664
1907,69,30,53.395833333333336
1908,64,23,52.458333333333336
1909,68,22,52.895833333333336
1910,68,34,53.104166666666664
1911,72,28,53.291666666666664
1912,65,36,54.270833333333336
1913,67,28,54.0625
1914,65,26,54.145833333333336
1915,66,36,53.354166666666664
1916,65,16,51.0625
1917,70,28,52.3125
1918,68,33,53.520833333333336
1919,67,38,54.479166666666664
1920,64,30,53.354166666666664
1921,69,9,51.375
1922,67,41,54.083333333333336
1923,61,23,52.25
1924,65,27,53.791666666666664
1925,70,30,52.958333333333336
1926,66,34,52.666666666666664
1927,67,41,53.8125
1928,64,33,53.1875
1929,64,24,52.6875
1930,66,21,52.895833333333336
1931,65,37,53.916666666666664
1932,69,19,53.333333333333336
1933,66,23,53.958333333333336
1934,63,32,53.770833333333336
1935,61,26,51.020833333333336
1936,64,37,52.645833333333336
1937,70,31,52.833333333333336
1938,64,24,52.0625
1939,68,18,53.958333333333336
1940,66,31,52.0
1941,65,19,50.541666666666664
1942,68,39,53.0
1943,66,37,53.6875
1944,70,17,55.645833333333336
1945,70,31,53.583333333333336
1946,64,37,53.8125
1947,68,39,53.645833333333336
1948,69,31,54.583333333333336
1949,70,42,56.125
1950,64,20,53.0
1951,68,14,52.8125
1952,69,43,55.791666666666664
1953,65,26,55.229166666666664
1954,67,34,54.041666666666664
1955,67,41,54.270833333333336
1956,64,41,54.979166666666664
1957,66,34,55.708333333333336
1958,70,31,53.375
1959,74,34,53.083333333333336
1960,65,43,53.958333333333336
1961,64,26,54.75
1962,66,18,53.520833333333336
1963,64,48,54.958333333333336
1964,67,12,52.729166666666664
1965,68,31,54.5625
1966,66,22,55.3125
1967,70,41,55.5625
1968,63,34,53.854166666666664
1969,67,32,54.0625
1970,67,38,54.5625
1971,69,33,55.833333333333336
1972,66,34,54.354166666666664
1973,66,20,54.4375
1974,66,42,55.041666666666664
1975,71,39,55.666666666666664
1976,70,44,55.25
1977,63,20,52.708333333333336
1978,68,12,53.416666666666664
1979,64,13,53.479166666666664
1980,69,20,53.645833333333336
1981,65,23,54.395833333333336
1982,65,24,52.0
1983,67,37,55.0625
1984,72,39,54.916666666666664
1985,68,24,53.9375
1986,67,35,55.416666666666664
1987,65,43,55.5625
1988,70,43,55.020833333333336
1989,66,43,54.770833333333336
1990,64,7,53.020833333333336
1991,71,29,54.708333333333336
1992,68,36,54.916666666666664
1993,65,41,54.041666666666664
1994,65,19,54.625
1995,67,36,55.416666666666664
1996,70,23,52.541666666666664
1997,68,18,53.1875
1998,65,42,55.270833333333336
1999,61,37,54.270833333333336
2000,75,40,55.666666666666664
2001,67,30,54.708333333333336
2002,63,29,51.708333333333336
2003,65,29,52.833333333333336
2004,66,24,53.583333333333336
2005,67,37,55.125
2006,67,37,52.979166666666664
2007,67,16,53.833333333333336
2008,66,37,54.9375
2009,66,33,53.75
2010,66,22,54.458333333333336
2011,64,31,54.854166666666664
2012,69,36,53.6875
2013,64,32,54.229166666666664
2014,67,28,54.1875
2015,65,17,54.0625
2016,67,26,52.895833333333336
2017,68,40,55.270833333333336
2018,69,37,57.25
2019,66,48,55.729166666666664
2020,65,38,54.645833333333336
2021,66,47,55.1875
2022,64,34,54.5625
2023,65,42,54.979166666666664
2024,66,39,54.666666666666664
2025,65,22,53.145833333333336
2026,68,26,54.25
2027,67,24,53.395833333333336
2028,67,40,54.9375
2029,68,27,55.5625
2030,64,12,52.979166666666664
2031,70,40,55.354166666666664
2032,65,26,53.979166666666664
2033,64,25,53.729166666666664
2034,65,34,54.0625
2035,65,36,53.854166666666664
2036,66,40,53.8125
2037,67,37,54.958333333333336
2038,65,19,52.9375
2039,66,20,53.229166666666664
2040,70,43,54.125
2041,62,40,54.25
2042,64,26,54.375
2043,66,36,54.5
2044,69,23,55.020833333333336
2045,68,39,53.333333333333336
2046,65,28,53.604166666666664
2047,72,35,55.5625
2048,67,42,54.208333333333336
2049,69,28,54.958333333333336
2050,66,40,54.625
2051,63,32,53.75
2052,65,31,54.8125
2053,72,10,53.6875
2054,66,39,54.875
2055,63,37,54.895833333333336
2056,67,25,53.833333333333336
2057,65,32,54.0
2058,69,40,55.229166666666664
2059,65,39,54.895833333333336
2060,65,36,54.104166666666664
2061,67,33,54.770833333333336
2062,63,36,53.791666666666664
2063,70,38,55.125
2064,69,44,55.625
2065,69,43,54.770833333333336
2066,67,48,56.916666666666664
2067,68,44,56.25
2068,66,41,55.583333333333336
2069,74,29,56.291666666666664
2070,68,35,55.208333333333336
2071,67,41,54.729166666666664
2072,67,33,54.541666666666664
2073,64,26,54.166666666666664
2074,68,15,52.895833333333336
2075,68,26,51.6875
2076,70,25,54.104166666666664
2077,65,29,52.875
2078,64,34,53.458333333333336
2079,70,14,55.208333333333336
2080,68,32,54.729166666666664
2081,67,36,56.104166666666664
2082,68,34,55.395833333333336
2083,69,31,54.75
2084,69,47,56.708333333333336
2085,66,34,54.354166666666664
2086,68,33,53.5
2087,66,30,54.041666666666664
2088,68,30,53.645833333333336
2089,63,29,53.625
2090,68,8,53.0625
2091,67,41,55.875
2092,64,28,52.75
2093,64,26,53.6875
2094,63,42,54.291666666666664
2095,64,30,52.854166666666664
2096,68,34,54.520833333333336
2097,70,39,53.5
2098,67,38,54.625
2099,61,25,51.666666666666664
2100,64,32,53.291666666666664
2101,66,34,54.666666666666664
2102,65,37,54.229166666666664
2103,66,43,55.020833333333336
2104,66,32,54.520833333333336
2105,67,31,53.416666666666664
2106,66,38,54.6875
2107,67,25,52.354166666666664
2108,68,35,55.270833333333336
2109,68,43,56.5625
2110,63,44,54.645833333333336
2111,68,23,54.8125
2112,66,44,55.770833333333336
2113,66,42,55.416666666666664
2114,64,43,54.833333333333336
2115,70,44,53.979166666666664
2116,68,45,54.875
2117,64,27,52.625
2118,65,39,52.645833333333336
2119,64,39,52.9375
2120,65,44,53.979166666666664
2121,68,36,52.791666666666664
2122,66,27,54.9375
2123,64,30,52.8125
2124,67,39,52.375
2125,67,40,53.625
2126,64,40,55.020833333333336
2127,66,28,52.833333333333336
2128,67,25,53.875
2129,67,25,54.291666666666664
2130,69,47,55.833333333333336
2131,72,41,57.1875
2132,66,39,53.979166666666664
2133,62,31,54.0625
2134,65,24,53.395833333333336
2135,64,32,54.416666666666664
2136,63,29,54.291666666666664
2137,68,25,53.416666666666664
2138,70,10,52.583333333333336
2139,68,9,53.229166666666664
2140,69,32,53.979166666666664
2141,67,30,54.604166666666664
2142,67,36,55.0625
2143,70,31,55.708333333333336
2144,64,36,53.0
2145,75,36,56.145833333333336
2146,66,40,55.375
2147,72,40,55.0
2148,69,42,55.854166666666664
2149,65,43,54.875
2150,65,36,54.5
2151,66,37,55.645833333333336
2152,63,14,53.645833333333336
2153,66,41,55.5625
2154,66,23,54.958333333333336
2155,67,44,54.479166666666664
2156,66,38,54.979166666666664
2157,63,44,55.229166666666664
2158,71,41,54.125
2159,70,32,54.270833333333336
2160,67,31,54.291666666666664
2161,64,39,53.5625
2162,68,46,55.791666666666664
2163,66,44,55.4375
2164,67,26,54.1875
2165,69,45,57.208333333333336
2166,69,11,54.395833333333336
2167,66,33,55.0
2168,68,21,53.5625
2169,64,33,54.0625
2170,65,40,55.1875
2171,69,25,55.75
2172,75,40,54.729166666666664
2173,63,36,54.395833333333336
2174,67,28,51.979166666666664
2175,71,44,55.770833333333336
2176,69,41,54.104166666666664
2177,66,26,54.9375
2178,69,32,53.333333333333336
2179,67,40,54.270833333333336
2180,70,22,54.625
2181,64,34,54.125
2182,69,30,55.395833333333336
2183,74,43,55.583333333333336
2184,68,40,55.395833333333336
2185,67,27,53.541666666666664
2186,66,28,54.291666666666664
2187,69,34,53.729166666666664
2188,67,41,55.125
2189,68,39,54.604166666666664
2190,63,26,53.666666666666664
2191,67,23,53.1875
2192,70,45,55.104166666666664
2193,69,31,54.875
2194,67,23,53.208333333333336
2195,66,35,54.354166666666664
2196,65,36,55.020833333333336
2197,67,41,54.666666666666664
2198,69,36,53.520833333333336
2199,68,37,54.104166666666664
2200,66,42,54.958333333333336
2201,69,41,56.125
2202,65,39,55.479166666666664
2203,69,30,54.541666666666664
2204,66,17,52.0625
2205,66,31,54.520833333333336
2206,64,29,54.041666666666664
2207,66,20,52.0
2208,65,15,53.5
2209,65,38,54.583333333333336
2210,67,36,54.270833333333336
2211,65,36,55.416666666666664
2212,73,33,54.458333333333336
2213,63,9,51.979166666666664
2214,69,17,52.5
2215,71,31,52.604166666666664
2216,65,20,54.145833333333336
2217,64,30,55.145833333333336
2218,68,37,54.25
2219,67,13,54.541666666666664
2220,65,24,52.541666666666664
2221,66,32,54.375
2222,67,44,56.458333333333336
2223,72,22,53.833333333333336
2224,68,33,54.979166666666664
2225,66,31,54.625
2226,65,27,52.479166666666664
2227,64,35,51.8125
2228,67,32,54.1875
2229,64,28,52.708333333333336
2230,67,22,53.375
2231,65,20,51.25
2232,65,41,55.125
2233,65,42,54.4375
2234,66,27,51.9375
2235,64,19,52.666666666666664
2236,66,30,53.041666666666664
2237,65,36,53.791666666666664
2238,66,36,52.9375
2239,63,42,54.8125
2240,65,41,55.083333333333336
2241,64,36,54.520833333333336
2242,65,36,52.791666666666664
2243,71,25,53.875
2244,64,35,53.979166666666664
2245,62,29,54.5
2246,66,21,51.875
2247,71,39,55.020833333333336
2248,64,18,52.479166666666664
2249,65,21,52.020833333333336
2250,65,39,54.708333333333336
2251,66,33,53.791666666666664
2252,65,42,54.541666666666664
2253,67,33,54.520833333333336
2254,63,21,54.354166666666664
2255,65,42,54.729166666666664
2256,66,38,53.208333333333336
2257,65,41,53.875
2258,66,20,51.958333333333336
2259,64,45,55.625
2260,67,30,54.5625
2261,69,40,56.75
2262,64,42,54.916666666666664
2263,67,20,54.1875
2264,65,41,55.229166666666664
2265,68,37,55.229166666666664
2266,64,46,55.520833333333336
2267,67,42,55.729166666666664
2268,65,39,55.25
2269,66,9,52.333333333333336
2270,67,35,53.395833333333336
2271,67,39,55.604166666666664
2272,66,40,55.416666666666664
2273,70,27,55.479166666666664
2274,63,42,53.875
2275,69,30,52.916666666666664
2276,68,40,53.645833333333336
2277,67,31,53.625
2278,64,31,53.833333333333336
2279,65,25,54.3125
2280,69,24,51.5625
2281,64,28,52.791666666666664
2282,71,22,53.666666666666664
2283,68,37,54.625
2284,64,39,54.8125
2285,66,8,50.875
2286,65,35,53.583333333333336
2287,67,31,53.791666666666664
2288,69,30,52.958333333333336
2289,67,26,52.9375
2290,65,37,53.958333333333336
2291,68,24,54.291666666666664
2292,65,22,53.895833333333336
2293,65,31,53.9375
2294,65,9,52.3125
2295,63,27,52.270833333333336
2296,66,33,52.8125
2297,67,25,52.895833333333336
2298,72,33,54.125
2299,66,21,51.8125
2300,68,37,55.041666666666664
2301,66,26,52.375
2302,67,38,54.9375
2303,67,29,52.770833333333336
2304,65,25,54.25
2305,68,34,54.479166666666664
2306,68,9,51.020833333333336
2307,65,31,51.6875
2308,68,41,55.0625
2309,65,9,51.770833333333336
2310,70,39,54.416666666666664
2311,69,15,52.75
2312,66,33,52.833333333333336
2313,64,19,53.541666666666664
2314,68,31,53.020833333333336
2315,65,12,51.604166666666664
2316,72,33,52.979166666666664
2317,68,18,52.291666666666664
2318,66,24,53.645833333333336
2319,70,31,54.229166666666664
2320,66,44,54.708333333333336
2321,70,19,53.979166666666664
2322,64,19,52.854166666666664
2323,68,19,54.5625
2324,65,17,53.333333333333336
2325,72,21,52.625
2326,62,34,51.833333333333336
2327,65,30,54.479166666666664
2328,69,11,49.854166666666664
2329,67,24,52.645833333333336
2330,67,17,51.208333333333336
2331,64,29,53.75
2332,65,14,52.125
2333,65,40,53.854166666666664
2334,65,23,54.083333333333336
2335,67,13,53.333333333333336
2336,67,31,53.0625
2337,65,36,55.270833333333336
2338,65,18,52.354166666666664
2339,73,37,54.770833333333336
2340,64,32,53.625
2341,67,26,54.770833333333336
2342,65,42,54.791666666666664
2343,63,38,53.145833333333336
2344,72,37,54.458333333333336
2345,65,42,54.833333333333336
2346,66,33,52.458333333333336
2347,66,28,53.083333333333336
2348,65,36,52.791666666666664
2349,65,23,53.666666666666664
2350,65,36,52.9375
2351,70,39,54.9375
2352,65,37,52.229166666666664
2353,69,22,53.979166666666664
2354,65,25,52.5625
2355,67,34,52.604166666666664
2356,66,25,53.479166666666664
2357,67,9,54.0625
2358,63,41,53.895833333333336
2359,65,35,54.9375
2360,69,48,56.8125
2361,68,47,55.666666666666664
2362,66,37,55.833333333333336
2363,65,40,54.729166666666664
2364,65,30,54.375
2365,65,26,54.020833333333336
2366,68,43,54.5625
2367,73,37,55.291666666666664
2368,64,24,53.895833333333336
2369,67,36,53.625
2370,71,31,54.979166666666664
2371,66,15,53.0
2372,70,41,53.625
2373,65,30,53.791666666666664
2374,67,31,53.3125
2375,64,9,52.75
2376,64,41,54.270833333333336
2377,65,45,56.354166666666664
2378,65,14,54.208333333333336
2379,67,46,55.875
2380,64,37,54.229166666666664
2381,60,38,52.708333333333336
2382,65,23,54.479166666666664
2383,65,37,54.0
2384,66,12,51.895833333333336
2385,66,28,53.375
2386,66,33,53.5625
2387,65,32,53.875
2388,66,31,51.770833333333336
2389,62,42,53.520833333333336
2390,70,34,55.125
2391,66,21,54.270833333333336
2392,65,29,53.5625
2393,64,44,55.354166666666664
2394,67,38,55.0
2395,63,24,54.020833333333336
2396,68,46,55.9375
2397,66,22,54.291666666666664
2398,69,49,55.583333333333336
2399,70,35,55.520833333333336
2400,62,33,52.6875
2401,64,45,55.604166666666664
2402,68,36,54.583333333333336
2403,69,8,52.041666666666664
2404,64,12,51.770833333333336
2405,63,27,53.208333333333336
2406,66,37,55.0625
2407,67,27,55.0625
2408,68,33,55.416666666666664
2409,66,31,54.125
2410,66,32,52.875
2411,66,20,53.125
2412,61,30,52.458333333333336
2413,65,44,55.166666666666664
2414,64,31,53.729166666666664
2415,69,35,53.375
2416,70,12,55.395833333333336
2417,67,32,56.291666666666664
2418,68,33,54.229166666666664
2419,66,21,52.4375
2420,71,22,52.9375
2421,66,39,55.354166666666664
2422,69,38,54.75
2423,68,43,54.6875
2424,65,29,53.895833333333336
2425,66,42,55.708333333333336
2426,65,34,53.520833333333336
2427,68,22,54.041666666666664
2428,66,31,52.5625
2429,66,41,53.583333333333336
2430,70,21,53.645833333333336
2431,66,29,54.041666666666664
2432,66,38,54.958333333333336
2433,67,26,53.791666666666664
2434,66,41,53.458333333333336
2435,66,40,55.416666666666664
2436,65,26,53.25
2437,63,33,51.541666666666664
2438,63,29,51.708333333333336
2439,68,29,54.041666666666664
2440,64,20,49.708333333333336
2441,74,23,53.6875
2442,68,37,53.979166666666664
2443,65,33,53.354166666666664
2444,66,39,53.875
2445,66,20,52.666666666666664
2446,63,42,54.770833333333336
2447,71,26,53.0
2448,65,40,54.041666666666664
2449,66,39,55.604166666666664
2450,66,9,53.083333333333336
2451,65,38,54.333333333333336
2452,65,28,54.4375
2453,67,32,53.541666666666664
2454,72,42,56.4375
2455,66,33,54.25
2456,68,29,55.5
2457,66,41,54.5
2458,67,35,56.041666666666664
2459,69,12,55.0
2460,64,40,54.625
2461,65,36,53.875
2462,67,29,54.395833333333336
2463,62,40,53.520833333333336
2464,65,40,54.541666666666664
2465,65,28,53.145833333333336
2466,64,31,53.083333333333336
2467,63,34,54.375
2468,67,40,55.895833333333336
2469,63,19,52.270833333333336
2470,68,36,53.458333333333336
2471,64,18,53.6875
2472,65,20,52.145833333333336
2473,66,37,55.354166666666664
2474,65,25,53.8125
2475,66,34,53.5
2476,67,34,53.208333333333336
2477,67,29,54.291666666666664
2478,68,28,52.25
2479,67,27,52.958333333333336
2480,64,37,52.979166666666664
2481,62,26,51.833333333333336
2482,68,29,53.5625
2483,63,34,53.291666666666664
2484,67,38,54.729166666666664
2485,65,28,53.979166666666664
2486,65,47,54.708333333333336
2487,64,23,52.645833333333336
2488,66,29,54.291666666666664
2489,68,29,51.0625
2490,64,42,53.520833333333336
2491,63,39,54.895833333333336
2492,67,36,54.958333333333336
2493,64,27,54.5
2494,69,37,54.541666666666664
2495,71,29,53.833333333333336
2496,67,46,56.395833333333336
2497,65,32,52.729166666666664
2498,65,38,53.625
2499,66,38,54.708333333333336
2500,67,34,55.145833333333336
2501,67,43,55.291666666666664
2502,64,39,54.208333333333336
2503,64,35,53.041666666666664
2504,65,34,52.6875
2505,65,26,54.541666666666664
2506,64,39,53.833333333333336
2507,64,28,53.583333333333336
2508,64,31,54.145833333333336
2509,66,17,51.5625
2510,64,39,52.5625
2511,71,38,54.208333333333336
2512,64,27,52.833333333333336
2513,63,39,52.375
2514,65,25,53.895833333333336
2515,70,34,55.041666666666664
2516,65,34,52.75
2517,67,36,53.770833333333336
2518,63,33,54.354166666666664
2519,66,40,54.1875
2520,65,37,54.333333333333336
2521,69,35,54.729166666666664
2522,73,16,52.645833333333336
2523,62,34,51.791666666666664
2524,67,36,53.229166666666664
2525,66,29,53.729166666666664
2526,64,35,53.020833333333336
2527,67,33,53.604166666666664
2528,69,37,54.229166666666664
2529,63,36,52.958333333333336
2530,63,36,53.479166666666664
2531,66,33,52.8125
2532,67,31,53.270833333333336
2533,65,40,53.645833333333336
2534,68,26,54.416666666666664
2535,66,14,50.416666666666664
2536,61,25,52.0
2537,67,38,54.166666666666664
2538,69,13,54.625
2539,65,36,53.5625
2540,67,38,53.833333333333336
2541,65,39,54.604166666666664
2542,63,11,52.854166666666664
2543,66,12,53.041666666666664
2544,68,29,53.458333333333336
2545,65,39,53.375
2546,70,39,53.541666666666664
2547,65,38,54.041666666666664
2548,68,36,54.3125
2549,67,8,51.3125
2550,64,38,53.416666666666664
2551,64,27,53.395833333333336
2552,68,41,53.604166666666664
2553,66,35,53.770833333333336
2554,66,39,54.583333333333336
2555,65,41,54.104166666666664
2556,65,37,53.729166666666664
2557,62,30,52.0625
2558,66,24,55.645833333333336
2559,68,28,52.625
2560,64,28,52.666666666666664
2561,70,39,54.333333333333336
2562,67,36,54.8125
2563,70,39,56.8125
2564,66,19,53.104166666666664
2565,66,28,56.520833333333336
2566,70,40,55.4375
2567,69,31,55.916666666666664
2568,67,43,54.541666666666664
2569,63,34,52.833333333333336
2570,64,40,54.25
2571,66,38,55.083333333333336
2572,66,42,55.875
2573,69,36,54.875
2574,67,33,54.520833333333336
2575,62,44,54.5
2576,64,32,53.145833333333336
2577,66,43,53.708333333333336
2578,70,36,54.75
2579,70,43,55.125
2580,68,36,54.708333333333336
2581,66,39,54.625
2582,68,42,55.020833333333336
2583,67,32,53.145833333333336
2584,68,37,53.791666666666664
2585,70,36,55.020833333333336
2586,66,27,53.979166666666664
2587,68,44,56.104166666666664
2588,64,22,51.0
2589,69,26,53.395833333333336
2590,64,7,53.479166666666664
2591,69,9,52.5
2592,68,35,53.625
2593,65,32,52.041666666666664
2594,67,13,53.645833333333336
2595,70,32,53.958333333333336
2596,65,28,53.416666666666664
2597,71,33,55.0625
2598,67,17,53.208333333333336
2599,65,43,55.520833333333336
2600,66,33,55.645833333333336
2601,63,33,53.979166666666664
2602,66,27,53.625
2603,66,11,52.791666666666664
2604,68,28,55.854166666666664
2605,70,5,53.458333333333336
2606,68,22,51.291666666666664
2607,64,34,53.229166666666664
2608,69,35,52.416666666666664
2609,66,34,53.479166666666664
2610,66,30,52.916666666666664
2611,68,15,52.895833333333336
2612,67,36,54.3125
2613,69,24,53.645833333333336
2614,64,37,53.333333333333336
2615,65,37,54.3125
2616,71,34,54.9375
2617,66,29,53.041666666666664
2618,68,36,54.541666666666664
2619,67,43,56.4375
2620,67,29,53.9375
2621,66,12,50.125
2622,64,31,53.0
2623,66,14,52.770833333333336
2624,73,34,55.333333333333336
2625,66,42,55.333333333333336
2626,66,44,54.833333333333336
2627,67,34,54.5625
2628,66,25,54.020833333333336
2629,69,42,56.291666666666664
2630,67,38,53.895833333333336
2631,63,33,52.895833333333336
2632,67,38,53.104166666666664
2633,68,36,54.979166666666664
2634,69,43,55.3125
2635,65,10,53.166666666666664
2636,66,39,55.166666666666664
2637,69,27,52.75
2638,68,20,53.625
2639,64,21,53.979166666666664
2640,67,43,56.25
2641,70,9,54.166666666666664
2642,66,14,54.583333333333336
2643,68,45,55.520833333333336
2644,66,42,55.458333333333336
2645,65,11,54.708333333333336
2646,65,46,55.625
2647,66,25,52.583333333333336
2648,65,26,54.0
2649,67,37,53.229166666666664
2650,70,46,55.770833333333336
2651,63,16,52.375
2652,71,9,54.416666666666664
2653,71,35,54.75
2654,67,44,54.125
2655,65,19,52.770833333333336
2656,61,39,53.479166666666664
2657,68,11,53.875
2658,67,36,54.520833333333336
2659,66,30,55.270833333333336
2660,66,39,54.5
2661,63,39,54.479166666666664
2662,67,40,55.041666666666664
2663,65,8,52.4375
2664,68,32,54.0
2665,65,38,54.375
2666,63,30,54.125
2667,65,29,53.479166666666664
2668,68,26,52.0
2669,66,21,53.8125
2670,66,11,53.104166666666664
2671,68,44,55.229166666666664
2672,67,36,53.333333333333336
2673,68,44,56.520833333333336
2674,66,33,52.875
2675,67,33,54.833333333333336
2676,67,31,54.416666666666664
2677,66,30,55.1875
2678,64,36,53.9375
2679,65,25,55.354166666666664
2680,63,43,54.9375
2681,65,18,52.291666666666664
2682,65,38,52.5
2683,66,38,54.104166666666664
2684,68,41,54.145833333333336
2685,65,39,55.25
2686,65,20,53.125
2687,62,25,53.0625
2688,67,38,53.458333333333336
2689,63,41,53.375
2690,64,38,53.479166666666664
2691,68,27,52.020833333333336
2692,69,38,53.5625
2693,65,30,51.916666666666664
2694,66,42,54.729166666666664
2695,65,42,53.416666666666664
2696,64,31,53.0
2697,67,39,54.3125
2698,66,25,52.979166666666664
2699,65,32,52.8125
2700,64,21,52.4375
2701,66,29,52.791666666666664
2702,74,36,55.625
2703,63,33,54.375
2704,64,11,53.958333333333336
2705,67,35,53.854166666666664
2706,66,40,54.145833333333336
2707,64,24,51.208333333333336
2708,65,35,53.395833333333336
2709,65,35,54.416666666666664
2710,65,35,52.666666666666664
2711,69,25,54.895833333333336
2712,64,38,53.708333333333336
2713,66,34,53.520833333333336
2714,66,15,52.083333333333336
2715,68,40,54.4375
2716,65,10,51.916666666666664
2717,67,34,53.104166666666664
2718,69,19,54.166666666666664
2719,65,21,52.458333333333336
2720,65,35,54.083333333333336
2721,66,36,54.854166666666664
2722,65,32,53.416666666666664
2723,68,31,52.270833333333336
2724,66,32,52.354166666666664
2725,69,31,55.270833333333336
2726,66,46,55.229166666666664
2727,66,29,52.708333333333336
2728,71,37,55.520833333333336
2729,70,36,53.541666666666664
2730,65,35,54.375
2731,64,24,52.270833333333336
2732,67,29,52.729166666666664
2733,62,25,53.5
2734,68,35,52.604166666666664
2735,67,34,53.958333333333336
2736,64,42,55.3125
2737,66,36,54.9375
2738,69,33,54.4375
2739,71,29,53.75
2740,68,25,53.229166666666664
2741,65,24,54.9375
2742,66,38,55.270833333333336
2743,66,33,51.9375
2744,72,30,55.041666666666664
2745,64,20,51.208333333333336
2746,65,38,52.25
2747,65,23,50.854166666666664
2748,64,30,52.708333333333336
2749,65,30,52.770833333333336
2750,67,21,53.25
2751,67,26,52.104166666666664
2752,63,31,52.5625
2753,67,13,52.125
2754,67,38,53.979166666666664
2755,64,20,53.895833333333336
2756,67,33,54.4375
2757,70,16,55.020833333333336
2758,63,28,54.708333333333336
2759,67,27,55.458333333333336
2760,69,37,54.395833333333336
2761,65,29,54.416666666666664
2762,64,16,52.125
2763,63,39,53.729166666666664
2764,73,10,53.395833333333336
2765,75,27,52.583333333333336
2766,64,23,51.708333333333336
2767,63,28,52.416666666666664
2768,66,11,52.645833333333336
2769,68,31,54.895833333333336
2770,66,21,52.875
2771,70,25,54.291666666666664
2772,66,38,54.791666666666664
2773,70,39,54.479166666666664
2774,65,31,54.083333333333336
2775,70,32,54.125
2776,64,30,53.6875
2777,66,23,53.8125
2778,68,34,55.645833333333336
2779,66,31,55.8125
2780,64,12,51.770833333333336
2781,65,34,53.9375
2782,65,31,54.125
2783,66,24,54.0625
2784,73,44,54.9375
2785,72,26,53.75
2786,67,25,53.1875
2787,66,12,53.1875
2788,62,42,53.791666666666664
2789,65,40,53.75
2790,69,39,55.375
2791,65,11,52.0625
2792,68,42,56.104166666666664
2793,68,24,52.75
2794,64,33,52.458333333333336
2795,70,30,53.020833333333336
2796,71,38,54.708333333333336
2797,66,28,54.75
2798,69,22,53.875
2799,67,35,53.5625
2800,66,32,54.041666666666664
2801,68,28,55.333333333333336
2802,63,19,53.083333333333336
2803,66,32,55.8125
2804,66,10,54.020833333333336
2805,67,46,54.6875
2806,64,19,54.375
2807,66,40,53.020833333333336
2808,69,42,55.354166666666664
2809,68,32,54.895833333333336
2810,68,30,53.583333333333336
2811,64,30,53.145833333333336
2812,65,32,52.270833333333336
2813,70,10,51.1875
2814,70,32,54.1875
2815,65,40,54.145833333333336
2816,67,32,53.604166666666664
2817,64,33,53.916666666666664
2818,68,36,54.583333333333336
2819,68,27,53.75
2820,63,21,53.479166666666664
2821,66,45,54.625
2822,65,9,52.854166666666664
2823,64,34,53.4375
2824,67,30,52.6875
2825,62,29,52.395833333333336
2826,63,28,53.541666666666664
2827,68,36,56.0625
2828,65,9,52.8125
2829,67,28,53.375
2830,65,41,55.479166666666664
2831,66,25,54.083333333333336
2832,64,37,53.895833333333336
2833,66,5,54.770833333333336
2834,65,26,51.9375
2835,67,10,54.9375
2836,63,30,54.979166666666664
2837,68,29,53.645833333333336
2838,68,30,55.020833333333336
2839,70,29,54.708333333333336
2840,67,26,53.875
2841,68,40,54.020833333333336
2842,67,35,55.395833333333336
2843,65,34,53.625
2844,65,38,53.375
2845,66,32,53.6875
2846,64,24,52.833333333333336
2847,65,17,53.0625
2848,66,29,52.4375
2849,70,27,50.833333333333336
2850,67,22,52.125
2851,68,27,53.645833333333336
2852,67,38,53.479166666666664
2853,66,41,53.1875
2854,65,32,54.020833333333336
2855,66,24,54.583333333333336
2856,66,26,52.5
2857,62,15,52.520833333333336
2858,62,25,53.0
2859,69,41,55.895833333333336
2860,67,27,52.75
2861,64,33,53.583333333333336
2862,64,42,53.770833333333336
2863,63,25,52.354166666666664
2864,63,30,51.895833333333336
2865,68,37,54.375
2866,67,36,54.625
2867,65,38,54.3125
2868,65,18,54.020833333333336
2869,68,38,54.25
2870,69,42,55.395833333333336
2871,66,44,55.583333333333336
2872,66,35,54.666666666666664
2873,66,44,55.770833333333336
2874,64,34,54.833333333333336
2875,64,33,54.229166666666664
2876,65,33,54.083333333333336
2877,69,39,54.166666666666664
2878,67,37,53.916666666666664
2879,65,44,55.333333333333336
2880,68,43,54.958333333333336
2881,69,31,54.916666666666664
2882,65,34,54.979166666666664
2883,68,29,54.291666666666664
2884,67,27,54.895833333333336
2885,64,41,54.604166666666664
2886,66,33,52.145833333333336
2887,68,37,53.479166666666664
2888,65,40,55.145833333333336
2889,69,44,52.979166666666664
2890,65,36,53.583333333333336
2891,65,34,52.854166666666664
2892,67,29,54.729166666666664
2893,66,10,53.375
2894,64,26,52.791666666666664
2895,66,21,52.0625
2896,65,31,52.4375
2897,65,6,52.416666666666664
2898,64,30,53.4375
2899,66,45,55.979166666666664
2900,67,32,55.354166666666664
2901,65,16,54.354166666666664
2902,66,35,55.166666666666664
2903,69,31,54.104166666666664
2904,70,35,53.4375
2905,61,11,53.5
2906,65,20,54.770833333333336
2907,69,43,54.354166666666664
2908,64,6,53.1875
2909,64,41,53.395833333333336
2910,66,39,55.395833333333336
2911,66,38,53.583333333333336
2912,65,27,53.875
2913,64,42,53.854166666666664
2914,68,24,53.770833333333336
2915,65,19,54.25
2916,67,10,54.270833333333336
2917,67,41,54.916666666666664
2918,64,15,53.75
2919,64,41,53.604166666666664
2920,70,32,54.3125
2921,64,31,55.291666666666664
2922,64,34,54.583333333333336
2923,66,46,54.791666666666664
2924,66,13,53.5625
2925,73,32,55.854166666666664
2926,66,42,55.479166666666664
2927,65,19,54.354166666666664
2928,70,17,52.916666666666664
2929,64,30,54.208333333333336
2930,63,32,54.145833333333336
2931,65,33,55.0
2932,65,33,54.041666666666664
2933,66,22,53.5
2934,65,15,53.791666666666664
2935,67,40,52.375
2936,64,39,54.229166666666664
2937,64,43,53.875
2938,66,23,53.8125
2939,67,37,53.916666666666664
2940,64,30,53.083333333333336
2941,63,38,53.291666666666664
2942,65,39,54.354166666666664
2943,64,26,54.791666666666664
2944,68,33,54.541666666666664
2945,64,31,54.104166666666664
2946,63,11,53.729166666666664
2947,65,35,53.25
2948,66,27,53.458333333333336
2949,70,40,54.958333333333336
2950,68,40,54.583333333333336
2951,66,47,55.979166666666664
2952,68,19,53.8125
2953,66,39,54.395833333333336
2954,67,32,54.6875
2955,65,24,53.458333333333336
2956,68,24,53.520833333333336
2957,69,34,54.520833333333336
2958,72,41,53.208333333333336
2959,69,41,55.354166666666664
2960,69,37,55.041666666666664
2961,71,28,54.541666666666664
2962,63,45,54.458333333333336
2963,65,30,53.6875
2964,67,44,54.5
2965,64,40,55.229166666666664
2966,69,27,53.6875
2967,68,34,52.645833333333336
2968,67,40,54.104166666666664
2969,64,30,52.5625
2970,63,23,52.458333333333336
2971,64,35,53.0
2972,70,34,54.1875
2973,67,39,54.854166666666664
2974,71,37,54.3125
2975,66,23,55.0
2976,67,25,53.125
2977,69,33,54.333333333333336
2978,67,14,53.375
2979,67,36,53.8125
2980,65,39,53.541666666666664
2981,66,16,52.541666666666664
2982,64,35,54.041666666666664
2983,66,35,53.916666666666664
2984,63,18,52.354166666666664
2985,64,16,49.479166666666664
2986,65,30,52.166666666666664
2987,65,29,54.708333333333336
2988,63,31,52.229166666666664
2989,65,36,54.0625
2990,64,41,54.3125
2991,69,42,54.520833333333336
2992,65,30,53.583333333333336
2993,67,18,53.895833333333336
2994,67,7,53.5625
2995,65,20,53.541666666666664
2996,69,27,54.583333333333336
2997,70,8,52.479166666666664
2998,66,29,54.020833333333336
2999,66,34,53.729166666666664
3000,66,37,52.583333333333336
3001,66,29,52.729166666666664
3002,71,36,54.9375
3003,66,38,53.8125
3004,70,31,54.708333333333336
3005,69,21,53.520833333333336
3006,64,39,54.791666666666664
3007,65,30,54.520833333333336
3008,70,41,54.770833333333336
3009,64,24,53.020833333333336
3010,68,39,53.979166666666664
3011,68,34,54.625
3012,64,32,53.958333333333336
3013,65,33,53.645833333333336
3014,66,29,54.041666666666664
3015,70,39,55.5625
3016,68,45,55.916666666666664
3017,66,7,51.416666666666664
3018,63,37,54.770833333333336
3019,67,29,53.916666666666664
3020,65,33,55.5
3021,63,36,51.604166666666664
3022,64,29,53.5
3023,67,16,51.4375
3024,66,21,52.270833333333336
3025,65,38,54.166666666666664
3026,63,29,52.229166666666664
3027,69,34,53.479166666666664
3028,69,32,52.708333333333336
3029,67,24,54.229166666666664
3030,68,33,53.020833333333336
3031,67,28,52.520833333333336
3032,63,34,53.479166666666664
3033,66,32,52.791666666666664
3034,65,36,53.0
3035,65,34,53.583333333333336
3036,66,19,52.458333333333336
3037,66,30,53.458333333333336
3038,65,35,52.208333333333336
3039,66,32,52.083333333333336
3040,66,10,51.729166666666664
3041,68,27,55.479166666666664
3042,72,38,54.75
3043,70,36,52.645833333333336
3044,69,34,54.041666666666664
3045,64,9,51.395833333333336
3046,69,17,52.270833333333336
3047,68,29,52.104166666666664
3048,64,37,53.708333333333336
3049,63,22,52.708333333333336
3050,63,24,54.416666666666664
3051,68,31,54.583333333333336
3052,65,10,53.083333333333336
3053,63,14,52.791666666666664
3054,67,40,54.625
3055,64,27,54.395833333333336
3056,63,13,52.666666666666664
3057,67,47,54.291666666666664
3058,66,37,53.4375
3059,66,31,54.25
3060,65,40,54.0625
3061,63,38,51.708333333333336
3062,68,39,53.8125
3063,67,39,54.895833333333336
3064,62,41,54.083333333333336
3065,70,42,54.770833333333336
3066,70,18,54.0625
3067,67,38,54.291666666666664
3068,66,31,52.270833333333336
3069,63,34,53.458333333333336
3070,64,24,54.0
3071,65,36,51.916666666666664
3072,65,24,54.583333333333336
3073,63,38,53.916666666666664
3074,70,37,54.166666666666664
3075,67,20,49.770833333333336
3076,65,32,52.979166666666664
3077,65,7,53.0
3078,68,27,53.520833333333336
3079,65,42,54.645833333333336
3080,65,30,53.708333333333336
3081,67,39,53.541666666666664
3082,65,12,52.895833333333336
3083,65,27,52.5625
3084,70,34,54.666666666666664
3085,64,36,53.5625
3086,65,29,52.75
3087,68,24,54.75
3088,64,39,53.895833333333336
3089,63,16,52.8125
3090,67,41,54.8125
3091,66,31,52.291666666666664
3092,68,40,55.395833333333336
3093,72,30,54.125
3094,67,35,52.708333333333336
3095,65,40,54.75
3096,67,32,52.791666666666664
3097,66,30,52.854166666666664
3098,69,32,53.625
3099,68,21,52.1875
3100,66,27,52.583333333333336
3101,64,34,54.041666666666664
3102,69,39,54.8125
3103,67,19,53.333333333333336
3104,65,32,52.729166666666664
3105,67,28,54.354166666666664
3106,64,38,53.145833333333336
3107,67,37,53.75
3108,64,38,53.0625
3109,66,25,50.0
3110,68,39,54.791666666666664
3111,64,14,53.229166666666664
3112,66,25,54.8125
3113,67,40,54.8125
3114,65,35,54.833333333333336
3115,63,31,52.3125
3116,68,31,53.583333333333336
3117,65,23,50.395833333333336
3118,68,31,52.229166666666664
3119,66,6,51.833333333333336
3120,67,38,54.479166666666664
3121,66,38,54.166666666666664
3122,64,16,51.333333333333336
3123,68,33,52.958333333333336
3124,64,23,53.229166666666664
3125,70,26,54.3125
3126,64,32,53.291666666666664
3127,64,34,51.75
3128,66,15,52.854166666666664
3129,63,20,54.333333333333336
3130,63,20,52.0
3131,64,34,55.041666666666664
3132,65,38,55.166666666666664
3133,67,38,53.833333333333336
3134,70,40,54.854166666666664
3135,64,41,52.145833333333336
3136,67,30,53.458333333333336
3137,64,46,55.229166666666664
3138,67,10,54.541666666666664
3139,68,44,53.6875
3140,66,34,55.5
3141,65,32,53.270833333333336
3142,67,33,53.145833333333336
3143,69,33,53.270833333333336
3144,64,29,53.833333333333336
3145,68,21,54.3125
3146,66,18,52.833333333333336
3147,64,34,53.729166666666664
3148,66,31,53.0
3149,69,31,54.729166666666664
3150,69,42,54.541666666666664
3151,69,36,54.020833333333336
3152,65,21,52.270833333333336
3153,64,32,53.5
3154,66,20,53.270833333333336
3155,67,36,52.479166666666664
3156,70,43,55.9375
3157,69,35,53.354166666666664
3158,67,36,54.416666666666664
3159,66,25,51.875
3160,65,30,54.291666666666664
3161,66,35,53.708333333333336
3162,66,35,52.9375
3163,69,36,53.354166666666664
3164,64,39,53.958333333333336
3165,69,35,53.75
3166,66,34,54.375
3167,63,17,51.75
3168,67,31,54.208333333333336
3169,62,22,53.3125
3170,66,37,54.791666666666664
3171,67,21,53.479166666666664
3172,66,44,54.4375
3173,64,42,55.916666666666664
3174,69,43,55.354166666666664
3175,64,35,53.875
3176,65,8,53.729166666666664
3177,66,45,55.854166666666664
3178,68,38,55.854166666666664
3179,68,32,54.729166666666664
3180,68,36,54.791666666666664
3181,68,39,54.4375
3182,62,41,54.375
3183,67,33,55.270833333333336
3184,70,31,54.395833333333336
3185,62,33,53.625
3186,69,40,54.6875
3187,63,38,54.083333333333336
3188,66,41,55.520833333333336
3189,67,28,54.375
3190,66,22,55.5
3191,65,30,53.75
3192,64,37,54.875
3193,65,31,54.0625
3194,68,20,52.75
3195,65,9,49.854166666666664
3196,67,38,53.25
3197,67,17,53.75
3198,62,44,55.0
3199,65,38,55.5625
3200,65,37,53.833333333333336
3201,65,18,53.666666666666664
3202,64,42,55.0
3203,67,12,53.833333333333336
3204,66,37,52.916666666666664
3205,65,46,55.0625
3206,64,40,55.291666666666664
3207,65,21,52.833333333333336
3208,63,39,53.708333333333336
3209,66,27,54.3125
3210,66,8,52.354166666666664
3211,65,31,52.458333333333336
3212,65,38,53.375
3213,69,40,54.041666666666664
3214,64,43,54.708333333333336
3215,66,37,54.1875
3216,72,33,55.354166666666664
3217,66,37,54.791666666666664
3218,69,37,54.4375
3219,65,23,51.479166666666664
3220,66,32,54.979166666666664
3221,69,33,54.6875
3222,66,44,54.916666666666664
3223,66,21,55.020833333333336
3224,63,42,54.083333333333336
3225,66,16,54.083333333333336
3226,64,40,53.625
3227,68,45,54.0625
3228,66,37,52.833333333333336
3229,71,33,54.5
3230,69,35,53.729166666666664
3231,64,35,53.1875
3232,63,22,52.083333333333336
3233,65,33,51.854166666666664
3234,63,32,53.0
3235,68,38,55.6875
3236,66,27,52.979166666666664
3237,71,30,53.791666666666664
3238,65,24,52.229166666666664
3239,69,22,50.729166666666664
3240,63,31,53.541666666666664
3241,66,25,54.791666666666664
3242,67,34,54.875
3243,65,26,53.5
3244,66,25,52.729166666666664
3245,71,39,54.520833333333336
3246,66,28,54.416666666666664
3247,73,30,54.916666666666664
3248,64,28,53.125
3249,66,37,54.520833333333336
3250,64,27,51.5
3251,65,28,51.916666666666664
3252,66,33,51.5
3253,65,28,49.5625
3254,65,33,52.229166666666664
3255,64,38,53.104166666666664
3256,65,36,54.083333333333336
3257,67,24,53.041666666666664
3258,62,34,52.375
3259,66,34,52.25
3260,67,27,54.1875
3261,62,43,52.979166666666664
3262,68,20,52.729166666666664
3263,64,24,52.0625
3264,66,35,51.4375
3265,67,31,53.083333333333336
3266,66,29,52.125
3267,66,34,53.4375
3268,64,36,55.5625
3269,66,36,53.8125
3270,62,41,53.625
3271,66,37,53.854166666666664
3272,65,41,54.75
3273,68,30,54.729166666666664
3274,65,33,53.875
3275,63,35,54.5
3276,64,32,53.229166666666664
3277,65,20,53.875
3278,66,35,54.25
3279,66,30,53.229166666666664
3280,65,31,53.6875
3281,71,32,55.041666666666664
3282,70,36,57.041666666666664
3283,66,44,53.833333333333336
3284,67,28,51.8125
3285,66,45,55.666666666666664
3286,73,31,54.541666666666664
3287,64,33,53.333333333333336
3288,68,41,53.979166666666664
3289,63,26,51.833333333333336
3290,67,17,53.6875
3291,63,37,52.270833333333336
3292,65,40,54.458333333333336
3293,68,16,54.0625
3294,65,42,55.666666666666664
3295,66,30,52.416666666666664
3296,64,27,53.333333333333336
3297,67,33,55.104166666666664
3298,67,27,54.666666666666664
3299,69,43,55.458333333333336
3300,67,47,55.604166666666664
3301,64,12,52.0
3302,65,22,54.395833333333336
3303,63,36,52.979166666666664
3304,68,29,53.854166666666664
3305,66,45,56.208333333333336
3306,68,43,54.708333333333336
3307,68,30,54.1875
3308,64,41,54.770833333333336
3309,70,35,54.3125
3310,63,37,54.625
3311,62,40,54.520833333333336
3312,65,21,53.479166666666664
3313,67,44,54.708333333333336
3314,67,23,53.270833333333336
3315,63,28,52.854166666666664
3316,65,24,55.270833333333336
3317,64,32,55.541666666666664
3318,69,33,54.791666666666664
3319,66,45,54.083333333333336
3320,66,31,53.520833333333336
3321,65,37,53.604166666666664
3322,65,39,54.916666666666664
3323,69,27,53.895833333333336
3324,66,29,52.520833333333336
3325,70,38,55.604166666666664
3326,66,11,52.166666666666664
3327,66,42,53.729166666666664
3328,64,31,53.979166666666664
3329,67,42,54.666666666666664
3330,64,40,54.333333333333336
3331,65,41,53.895833333333336
3332,66,41,54.375
3333,64,41,53.104166666666664
3334,68,39,54.666666666666664
3335,68,27,53.354166666666664
3336,64,40,53.916666666666664
3337,67,38,54.145833333333336
3338,67,38,54.291666666666664
3339,64,33,53.895833333333336
3340,65,10,53.958333333333336
3341,69,38,53.25
3342,69,42,54.770833333333336
3343,64,22,53.9375
3344,66,43,55.6875
3345,66,25,54.770833333333336
3346,65,39,53.583333333333336
3347,66,26,53.4375
3348,69,45,56.729166666666664
3349,69,27,53.625
3350,69,32,54.0
3351,67,15,50.9375
3352,66,34,55.791666666666664
3353,69,30,52.666666666666664
3354,68,35,52.625
3355,63,22,52.208333333333336
3356,65,38,54.4375
3357,65,25,53.75
3358,64,34,53.5
3359,63,39,54.0
3360,65,33,54.166666666666664
3361,63,15,50.416666666666664
3362,64,32,52.770833333333336
3363,64,41,54.395833333333336
3364,68,35,54.541666666666664
3365,64,31,54.333333333333336
3366,66,30,53.333333333333336
3367,64,34,54.5
3368,64,28,52.583333333333336
3369,65,38,53.791666666666664
3370,65,31,54.0625
3371,67,23,52.25
3372,67,36,54.208333333333336
3373,64,44,55.333333333333336
3374,66,43,54.541666666666664
3375,65,32,53.708333333333336
3376,67,46,54.458333333333336
3377,69,37,53.270833333333336
3378,65,20,54.3125
3379,67,18,54.1875
3380,68,42,54.9375
3381,66,46,56.1875
3382,65,18,53.770833333333336
3383,70,40,56.166666666666664
3384,69,33,53.270833333333336
3385,68,18,53.083333333333336
3386,64,32,54.5625
3387,66,39,55.166666666666664
3388,66,16,54.229166666666664
3389,65,43,54.375
3390,62,15,53.270833333333336
3391,66,40,53.166666666666664
3392,64,30,52.5625
3393,68,35,53.729166666666664
3394,66,28,52.1875
3395,67,31,54.645833333333336
3396,64,47,54.395833333333336
3397,64,47,55.729166666666664
3398,64,26,53.145833333333336
3399,64,11,54.104166666666664
3400,67,37,52.958333333333336
3401,65,31,54.916666666666664
3402,63,45,54.666666666666664
3403,64,41,54.6875
3404,64,21,53.4375
3405,63,27,52.979166666666664
3406,66,12,52.125
3407,63,12,51.666666666666664
3408,66,35,54.229166666666664
3409,69,36,53.979166666666664
3410,64,28,53.541666666666664
3411,63,40,54.333333333333336
3412,63,35,53.4375
3413,68,33,56.0
3414,62,30,54.395833333333336
3415,66,24,53.875
3416,69,26,54.75
3417,65,25,54.541666666666664
3418,66,35,54.520833333333336
3419,72,44,55.9375
3420,62,38,54.854166666666664
3421,65,27,54.729166666666664
3422,66,25,54.229166666666664
3423,66,37,55.270833333333336
3424,67,26,53.583333333333336
3425,65,41,55.020833333333336
3426,65,33,54.875
3427,65,41,54.333333333333336
3428,62,36,52.1875
3429,68,38,53.645833333333336
3430,66,37,53.708333333333336
3431,65,7,52.833333333333336
3432,67,38,54.0
3433,68,10,52.791666666666664
3434,67,19,53.583333333333336
3435,71,38,54.875
3436,64,29,53.166666666666664
3437,67,29,54.354166666666664
3438,70,38,55.25
3439,65,39,54.4375
3440,69,38,54.375
3441,65,39,53.895833333333336
3442,66,38,56.625
3443,69,47,56.791666666666664
3444,65,41,55.854166666666664
3445,66,31,53.270833333333336
3446,70,31,51.833333333333336
3447,66,24,54.75
3448,64,30,52.3125
3449,63,26,54.479166666666664
3450,63,21,52.708333333333336
3451,64,30,54.166666666666664
3452,67,29,54.291666666666664
3453,67,28,53.416666666666664
3454,71,25,53.125
3455,66,35,52.541666666666664
3456,65,33,51.333333333333336
3457,62,29,52.729166666666664
3458,65,32,52.229166666666664
3459,66,37,53.6875
3460,69,34,54.208333333333336
3461,70,36,55.479166666666664
3462,70,38,53.229166666666664
3463,67,34,53.395833333333336
3464,63,35,52.3125
3465,68,25,53.083333333333336
3466,64,42,55.458333333333336
3467,67,42,55.208333333333336
3468,68,35,51.604166666666664
3469,66,26,54.895833333333336
3470,63,30,52.4375
3471,68,31,54.604166666666664
3472,66,19,53.0
3473,67,35,54.0
3474,68,30,53.416666666666664
3475,67,39,54.166666666666664
3476,69,17,52.291666666666664
3477,65,34,53.583333333333336
3478,64,35,53.791666666666664
3479,66,35,54.833333333333336
3480,67,43,55.8125
3481,66,37,53.208333333333336
3482,65,38,54.1875
3483,62,35,53.041666666666664
3484,68,8,54.354166666666664
3485,68,13,52.104166666666664
3486,68,21,52.895833333333336
3487,68,35,54.791666666666664
3488,63,38,52.9375
3489,63,42,53.958333333333336
3490,67,13,54.229166666666664
3491,65,38,55.770833333333336
3492,65,45,55.604166666666664
3493,66,41,55.333333333333336
3494,67,22,51.854166666666664
3495,64,32,54.333333333333336
3496,67,32,54.416666666666664
3497,63,31,52.104166666666664
3498,67,33,52.895833333333336
3499,67,36,52.270833333333336
3500,68,41,54.75
3501,63,28,53.354166666666664
3502,64,32,53.1875
3503,68,46,55.270833333333336
3504,68,46,56.6875
3505,69,34,53.833333333333336
3506,67,32,53.916666666666664
3507,67,38,55.708333333333336
3508,68,40,54.666666666666664
3509,68,30,54.166666666666664
3510,67,34,53.520833333333336
3511,65,37,52.041666666666664
3512,67,20,54.25
3513,66,29,54.8125
3514,68,28,53.479166666666664
3515,66,35,53.583333333333336
3516,69,42,54.916666666666664
3517,71,37,53.083333333333336
3518,69,25,54.4375
3519,64,23,54.083333333333336
3520,67,29,54.0
3521,70,31,53.104166666666664
3522,66,21,53.541666666666664
3523,70,34,53.854166666666664
3524,69,27,53.3125
3525,66,23,52.041666666666664
3526,62,41,53.833333333333336
3527,65,39,55.125
3528,64,43,54.583333333333336
3529,70,41,54.104166666666664
3530,64,24,53.104166666666664
3531,67,37,55.104166666666664
3532,65,44,55.208333333333336
3533,63,41,54.041666666666664
3534,70,37,54.916666666666664
3535,67,41,54.833333333333336
3536,65,34,54.104166666666664
3537,64,21,54.104166666666664
3538,71,28,53.75
3539,63,40,53.6875
3540,66,32,53.875
3541,67,25,53.875
3542,64,40,54.125
3543,69,28,53.958333333333336
3544,70,38,54.104166666666664
3545,66,40,55.583333333333336
3546,68,41,55.416666666666664
3547,67,40,55.9375
3548,68,20,53.5
3549,64,40,54.270833333333336
3550,67,44,56.3125
3551,65,31,53.8125
3552,65,37,55.041666666666664
3553,68,35,55.1875
3554,67,37,53.479166666666664
3555,66,28,53.104166666666664
3556,68,29,52.8125
3557,67,39,55.354166666666664
3558,68,40,54.291666666666664
3559,67,39,55.270833333333336
3560,64,33,51.854166666666664
3561,66,32,52.4375
3562,63,36,52.875
3563,65,40,52.375
3564,65,37,53.1875
3565,68,41,55.75
3566,69,34,53.729166666666664
3567,66,37,55.25
3568,65,31,53.333333333333336
3569,64,25,52.958333333333336
3570,65,38,55.1875
3571,67,31,53.416666666666664
3572,67,31,53.833333333333336
3573,63,38,53.479166666666664
3574,69,38,54.5625
3575,66,37,53.729166666666664
3576,68,21,53.3125
3577,68,13,52.854166666666664
3578,65,12,52.145833333333336
3579,66,34,54.1875
3580,65,32,53.5625
3581,67,29,54.5
3582,66,32,54.541666666666664
3583,68,47,56.75
3584,65,40,55.979166666666664
3585,66,21,53.458333333333336
3586,64,46,55.270833333333336
3587,68,33,53.604166666666664
3588,65,31,53.75
3589,62,43,53.583333333333336
3590,65,34,53.1875
3591,62,28,53.354166666666664
3592,68,39,55.458333333333336
3593,66,31,54.25
3594,69,11,53.708333333333336
3595,70,38,55.145833333333336
3596,65,23,53.270833333333336
3597,66,26,54.083333333333336
3598,67,43,54.895833333333336
3599,65,39,54.5625
3600,67,10,54.4375
3601,65,41,54.854166666666664
3602,70,19,55.104166666666664
3603,66,42,53.791666666666664
3604,65,28,53.020833333333336
3605,67,36,54.145833333333336
3606,68,35,55.041666666666664
3607,66,42,54.854166666666664
3608,69,31,56.458333333333336
3609,65,41,55.604166666666664
3610,65,41,54.6875
3611,61,44,53.916666666666664
3612,65,25,54.395833333333336
3613,71,43,55.479166666666664
3614,64,45,55.5
3615,67,30,55.229166666666664
3616,68,36,54.625
3617,69,27,56.104166666666664
3618,67,39,54.520833333333336
3619,65,23,53.208333333333336
3620,63,45,53.5625
3621,67,42,54.020833333333336
3622,65,43,53.958333333333336
3623,64,42,55.083333333333336
3624,70,39,54.0
3625,68,41,54.791666666666664
3626,69,29,55.979166666666664
3627,67,44,55.041666666666664
3628,67,38,54.25
3629,70,32,54.8125
3630,67,39,54.041666666666664
3631,68,31,54.583333333333336
3632,68,42,54.520833333333336
3633,66,37,54.041666666666664
3634,67,39,55.166666666666664
3635,65,19,53.645833333333336
3636,67,43,55.458333333333336
3637,64,21,53.604166666666664
3638,69,38,55.3125
3639,64,39,53.3125
3640,68,8,52.541666666666664
3641,66,38,55.729166666666664
3642,66,41,54.645833333333336
3643,66,32,56.020833333333336
3644,69,38,55.375
3645,68,40,54.458333333333336
3646,64,22,52.895833333333336
3647,65,29,55.0
3648,64,43,53.770833333333336
3649,71,33,54.333333333333336
3650,66,26,53.645833333333336
3651,66,35,53.9375
3652,63,43,54.416666666666664
3653,66,39,55.833333333333336
3654,71,25,55.583333333333336
3655,65,41,55.291666666666664
3656,66,39,54.541666666666664
3657,68,30,54.708333333333336
3658,71,46,56.229166666666664
3659,68,35,54.416666666666664
3660,67,12,54.395833333333336
3661,67,24,52.041666666666664
3662,63,22,53.541666666666664
3663,67,35,56.208333333333336
3664,68,40,55.895833333333336
3665,62,18,52.729166666666664
3666,68,33,53.5625
3667,70,41,55.270833333333336
3668,70,41,55.6875
3669,68,31,54.416666666666664
3670,66,41,55.083333333333336
3671,67,40,55.020833333333336
3672,69,35,56.208333333333336
3673,64,30,54.9375
3674,68,28,53.604166666666664
3675,69,30,54.125
3676,67,31,54.416666666666664
3677,66,26,54.0
3678,68,38,55.4375
3679,65,46,55.895833333333336
3680,66,35,53.416666666666664
3681,64,33,53.041666666666664
3682,70,21,53.208333333333336
3683,62,37,53.5
3684,64,31,54.708333333333336
3685,64,21,54.020833333333336
3686,67,41,54.583333333333336
3687,62,29,52.625
3688,65,31,54.9375
3689,68,35,53.0625
3690,65,43,55.583333333333336
3691,71,45,56.625
3692,67,38,53.645833333333336
3693,67,40,55.083333333333336
3694,63,28,53.0
3695,67,39,53.145833333333336
3696,68,38,54.5625
3697,67,38,56.479166666666664
3698,68,26,52.645833333333336
3699,65,34,54.104166666666664
3700,64,40,54.270833333333336
3701,67,41,54.854166666666664
3702,70,18,52.75
3703,68,33,55.020833333333336
3704,70,40,56.0
3705,64,43,54.583333333333336
3706,69,36,54.979166666666664
3707,63,31,52.895833333333336
3708,69,35,55.208333333333336
3709,64,34,54.375
3710,66,43,55.9375
3711,65,47,55.708333333333336
3712,64,39,52.729166666666664
3713,66,42,54.8125
3714,65,32,54.4375
3715,69,40,54.25
3716,66,20,54.458333333333336
3717,67,10,52.541666666666664
3718,65,43,55.3125
3719,68,34,55.0625
3720,65,25,53.3125
3721,64,38,53.875
3722,67,36,54.104166666666664
3723,62,41,52.979166666666664
3724,65,40,55.854166666666664
3725,67,37,55.25
3726,66,29,54.229166666666664
3727,64,36,54.708333333333336
3728,65,28,54.208333333333336
3729,66,34,54.125
3730,66,42,54.5
3731,64,29,53.041666666666664
3732,65,41,54.625
3733,65,45,55.145833333333336
3734,63,23,53.729166666666664
3735,64,41,54.125
3736,65,16,52.958333333333336
3737,66,22,54.916666666666664
3738,69,38,54.1875
3739,70,32,56.208333333333336
3740,65,39,54.895833333333336
3741,67,43,55.0
3742,64,39,56.0625
3743,64,44,55.166666666666664
3744,71,38,55.979166666666664
3745,66,36,53.770833333333336
3746,75,32,54.5
3747,66,32,54.645833333333336
3748,66,37,53.104166666666664
3749,67,39,54.541666666666664
3750,64,27,54.104166666666664
3751,66,34,56.208333333333336
3752,67,38,53.354166666666664
3753,68,39,54.708333333333336
3754,66,41,54.083333333333336
3755,66,36,53.729166666666664
3756,64,43,54.916666666666664
3757,65,43,54.729166666666664
3758,62,32,51.979166666666664
3759,67,37,54.041666666666664
3760,66,33,54.145833333333336
3761,67,23,53.25
3762,65,37,55.291666666666664
3763,67,45,55.0
3764,67,33,54.5
3765,65,38,54.041666666666664
3766,64,33,53.895833333333336
3767,65,41,54.708333333333336
3768,69,44,55.479166666666664
3769,70,34,53.3125
3770,66,36,54.979166666666664
3771,66,32,53.291666666666664
3772,69,27,54.041666666666664
3773,70,42,54.770833333333336
3774,65,43,54.395833333333336
3775,70,24,54.583333333333336
3776,64,37,54.666666666666664
3777,66,45,55.4375
3778,66,40,54.5625
3779,65,34,54.520833333333336
3780,67,45,55.625
3781,64,39,55.208333333333336
3782,71,30,54.604166666666664
3783,63,33,53.895833333333336
3784,68,31,54.770833333333336
3785,66,14,53.666666666666664
3786,65,41,54.6875
3787,68,19,54.916666666666664
3788,62,38,53.375
3789,66,40,55.1875
3790,64,42,53.854166666666664
3791,66,40,53.8125
3792,64,35,53.270833333333336
3793,66,35,55.291666666666664
3794,66,45,55.416666666666664
3795,64,9,52.9375
3796,63,33,53.625
3797,63,35,55.083333333333336
3798,72,32,54.583333333333336
3799,66,28,53.729166666666664
3800,65,29,53.333333333333336
3801,67,37,55.583333333333336
3802,69,44,55.520833333333336
3803,69,43,54.708333333333336
3804,68,46,55.9375
3805,65,27,53.583333333333336
3806,70,25,53.041666666666664
3807,68,39,55.083333333333336
3808,71,35,54.604166666666664
3809,65,42,54.145833333333336
3810,69,31,54.875
3811,66,34,54.479166666666664
3812,69,29,53.791666666666664
3813,68,39,56.041666666666664
3814,68,36,54.3125
3815,65,41,54.458333333333336
3816,68,38,54.5625
3817,68,37,55.208333333333336
3818,68,37,55.520833333333336
3819,67,33,54.270833333333336
3820,67,43,54.916666666666664
3821,65,39,55.1875
3822,67,31,53.791666666666664
3823,67,37,54.604166666666664
3824,65,35,54.625
3825,64,43,53.729166666666664
3826,64,41,54.5625
3827,65,34,53.5
3828,65,12,54.770833333333336
3829,66,35,53.375
3830,64,38,54.979166666666664
3831,68,41,55.1875
3832,63,46,55.333333333333336
3833,66,41,54.416666666666664
3834,64,32,53.395833333333336
3835,64,40,53.9375
3836,67,42,55.5
3837,63,27,54.4375
3838,65,31,53.020833333333336
3839,64,31,52.979166666666664
3840,63,38,54.375
3841,69,29,53.604166666666664
3842,65,36,52.583333333333336
3843,65,32,53.0625
3844,67,38,54.166666666666664
3845,68,24,53.625
3846,68,42,55.375
3847,64,43,55.3125
3848,63,41,55.1875
3849,66,37,54.4375
3850,65,34,53.166666666666664
3851,65,34,52.520833333333336
3852,68,35,53.333333333333336
3853,64,36,54.6875
3854,69,30,55.416666666666664
3855,65,36,54.75
3856,68,40,55.479166666666664
3857,65,48,56.104166666666664
3858,63,39,53.6875
3859,64,10,53.75
3860,65,11,51.354166666666664
3861,67,37,54.708333333333336
3862,65,38,53.625
3863,67,34,54.0625
3864,64,45,55.270833333333336
3865,65,29,52.458333333333336
3866,67,38,54.791666666666664
3867,66,38,53.958333333333336
3868,64,41,54.479166666666664
3869,69,25,55.3125
3870,64,43,54.166666666666664
3871,66,38,54.208333333333336
3872,67,43,55.375
3873,67,38,54.666666666666664
3874,64,28,54.375
3875,63,19,54.3125
3876,70,32,52.9375
3877,68,36,54.666666666666664
3878,65,33,53.104166666666664
3879,66,41,55.5
3880,65,33,54.270833333333336
3881,67,45,55.520833333333336
3882,70,33,55.166666666666664
3883,65,29,52.9375
3884,67,36,54.458333333333336
3885,69,42,55.770833333333336
3886,69,42,55.395833333333336
3887,71,34,54.5625
3888,69,36,53.729166666666664
3889,65,30,53.1875
3890,68,42,56.375
3891,65,34,52.979166666666664
3892,69,24,53.854166666666664
3893,66,44,55.416666666666664
3894,67,26,53.020833333333336
3895,72,12,54.3125
3896,66,36,55.645833333333336
3897,68,41,55.5
3898,65,46,55.375
3899,66,42,54.229166666666664
3900,69,38,54.333333333333336
3901,68,22,53.666666666666664
3902,69,32,52.875
3903,63,32,54.604166666666664
3904,65,28,55.5
3905,64,19,52.75
3906,65,25,53.895833333333336
3907,65,35,55.104166666666664
3908,63,40,54.375
3909,68,45,55.666666666666664
3910,65,41,55.291666666666664
3911,66,44,55.708333333333336
3912,66,37,54.4375
3913,67,43,54.5
3914,69,31,55.9375
3915,68,38,55.0625
3916,65,41,56.083333333333336
3917,67,11,52.208333333333336
3918,65,35,53.354166666666664
3919,65,44,54.9375
3920,66,39,56.416666666666664
3921,71,40,54.020833333333336
3922,71,29,54.291666666666664
3923,65,31,54.0
3924,64,45,54.020833333333336
3925,70,36,54.729166666666664
3926,66,30,52.1875
3927,65,40,54.083333333333336
3928,65,36,53.604166666666664
3929,74,36,54.020833333333336
3930,65,25,53.770833333333336
3931,64,30,52.479166666666664
3932,69,42,55.0
3933,67,41,55.145833333333336
3934,66,31,54.145833333333336
3935,65,40,54.604166666666664
3936,66,39,55.25
3937,65,30,53.208333333333336
3938,63,22,52.4375
3939,69,37,53.25
3940,69,32,54.979166666666664
3941,69,32,52.729166666666664
3942,66,31,53.625
3943,70,28,55.375
3944,66,27,52.270833333333336
3945,65,41,53.833333333333336
3946,68,27,53.8125
3947,67,41,55.375
3948,70,35,55.6875
3949,63,32,53.041666666666664
3950,64,42,54.75
3951,66,39,54.145833333333336
3952,65,44,55.541666666666664
3953,74,43,55.0625
3954,66,14,52.895833333333336
3955,69,27,54.5
3956,65,35,53.9375
3957,65,30,52.458333333333336
3958,65,26,52.833333333333336
3959,66,13,54.208333333333336
3960,66,25,56.416666666666664
3961,66,36,55.583333333333336
3962,65,27,53.916666666666664
3963,65,34,56.541666666666664
3964,68,37,54.458333333333336
3965,63,47,55.520833333333336
3966,65,31,54.125
3967,64,34,54.0625
3968,64,20,50.833333333333336
3969,68,33,54.291666666666664
3970,62,36,52.3125
3971,67,37,55.75
3972,67,34,55.5
3973,68,35,55.583333333333336
3974,65,37,52.8125
3975,67,8,52.833333333333336
3976,66,39,54.8125
3977,64,43,53.958333333333336
3978,66,27,53.395833333333336
3979,65,27,52.354166666666664
3980,66,32,54.083333333333336
3981,68,33,53.791666666666664
3982,64,37,55.3125
3983,62,42,53.854166666666664
3984,73,30,53.333333333333336
3985,68,24,53.625
3986,68,43,54.75
3987,63,34,52.395833333333336
3988,71,42,54.9375
3989,64,30,54.354166666666664
3990,66,38,53.229166666666664
3991,65,47,55.458333333333336
3992,70,39,54.979166666666664
3993,66,37,55.041666666666664
3994,63,33,52.916666666666664
3995,71,47,56.9375
3996,67,42,55.708333333333336
3997,66,40,55.145833333333336
3998,67,39,53.604166666666664
3999,66,39,54.729166666666664
4000,65,28,52.145833333333336
4001,64,41,54.625
4002,65,36,54.4375
4003,67,18,50.541666666666664
4004,63,31,55.3125
4005,67,35,54.895833333333336
4006,62,41,53.083333333333336
4007,64,32,54.104166666666664
4008,70,23,54.770833333333336
4009,69,41,56.166666666666664
4010,65,44,56.208333333333336
4011,67,41,53.1875
4012,68,45,55.5625
4013,66,38,54.229166666666664
4014,64,47,54.479166666666664
4015,64,41,54.020833333333336
4016,69,33,55.1875
4017,68,36,54.75
4018,65,41,54.333333333333336
4019,68,42,55.354166666666664
4020,65,39,55.104166666666664
4021,66,37,54.1875
4022,64,6,53.1875
4023,64,33,53.875
4024,64,19,51.145833333333336
4025,65,22,54.083333333333336
4026,70,44,54.25
4027,65,41,54.729166666666664
4028,67,43,54.479166666666664
4029,65,44,54.583333333333336
4030,69,32,54.791666666666664
4031,66,11,53.875
4032,72,38,55.416666666666664
4033,65,37,53.583333333333336
4034,67,33,54.166666666666664
4035,65,40,56.0625
4036,68,36,54.791666666666664
4037,67,44,56.520833333333336
4038,64,25,54.395833333333336
4039,67,23,55.0
4040,67,33,55.25
4041,63,43,55.9375
4042,65,20,53.625
4043,69,40,54.25
4044,66,35,53.895833333333336
4045,65,24,55.333333333333336
4046,70,44,56.229166666666664
4047,70,35,53.0
4048,66,12,54.333333333333336
4049,72,40,55.270833333333336
4050,65,45,53.583333333333336
4051,67,44,54.791666666666664
4052,72,42,55.958333333333336
4053,68,45,55.083333333333336
4054,65,28,54.395833333333336
4055,64,14,54.416666666666664
4056,66,38,55.354166666666664
4057,70,41,55.416666666666664
4058,66,4,53.166666666666664
4059,67,40,55.208333333333336
4060,67,25,52.354166666666664
4061,66,29,54.229166666666664
4062,64,39,54.9375
4063,69,35,54.833333333333336
4064,65,45,55.9375
4065,67,39,55.208333333333336
4066,68,41,54.041666666666664
4067,68,23,54.229166666666664
4068,66,44,55.729166666666664
4069,67,39,53.770833333333336
4070,67,41,54.8125
4071,64,39,53.354166666666664
4072,69,32,53.6875
4073,74,28,53.458333333333336
4074,66,37,54.875
4075,67,24,51.916666666666664
4076,68,40,52.979166666666664
4077,66,38,54.75
4078,63,33,53.833333333333336
4079,69,31,51.5
4080,64,19,53.916666666666664
4081,65,41,55.520833333333336
4082,65,19,54.0
4083,67,24,53.541666666666664
4084,66,29,52.145833333333336
4085,65,43,55.875
4086,66,39,54.208333333333336
4087,66,34,54.395833333333336
4088,69,36,54.020833333333336
4089,67,38,54.3125
4090,66,24,54.583333333333336
4091,66,20,55.125
4092,66,44,54.458333333333336
4093,67,40,54.1875
4094,66,25,53.541666666666664
4095,69,33,54.270833333333336
4096,69,43,54.4375
4097,69,36,55.958333333333336
4098,65,41,54.854166666666664
4099,68,45,55.395833333333336
4100,65,41,54.833333333333336
4101,63,40,53.5625
4102,69,21,54.229166666666664
4103,67,22,52.9375
4104,65,40,54.0
4105,68,34,53.875
4106,66,24,53.270833333333336
4107,67,18,53.354166666666664
4108,64,41,55.041666666666664
4109,69,21,52.479166666666664
4110,65,35,53.833333333333336
4111,65,32,52.3125
4112,72,32,54.583333333333336
4113,63,40,54.5
4114,65,28,53.791666666666664
4115,66,40,55.145833333333336
4116,65,27,55.729166666666664
4117,66,28,54.0625
4118,67,27,54.041666666666664
4119,68,37,55.0
4120,66,29,54.020833333333336
4121,69,33,52.354166666666664
4122,64,22,53.145833333333336
4123,68,36,54.708333333333336
4124,64,17,53.041666666666664
4125,66,37,54.791666666666664
4126,65,36,53.479166666666664
4127,66,39,54.041666666666664
4128,67,31,54.104166666666664
4129,71,42,55.791666666666664
4130,64,41,54.083333333333336
4131,66,18,54.583333333333336
4132,64,39,54.25
4133,63,40,54.9375
4134,63,44,55.083333333333336
4135,67,19,53.833333333333336
4136,67,5,52.895833333333336
4137,67,42,56.208333333333336
4138,64,33,54.604166666666664
4139,68,41,54.770833333333336
4140,66,45,55.020833333333336
4141,68,46,55.083333333333336
4142,66,45,54.916666666666664
4143,64,33,52.895833333333336
4144,69,39,54.395833333333336
4145,64,41,53.791666666666664
4146,65,46,56.4375
4147,66,31,54.645833333333336
4148,66,29,54.916666666666664
4149,65,40,53.041666666666664
4150,65,39,54.125
4151,66,43,54.770833333333336
4152,66,24,54.270833333333336
4153,67,36,54.4375
4154,66,8,53.5
4155,65,45,55.604166666666664
4156,63,42,55.354166666666664
4157,65,40,53.645833333333336
4158,65,39,55.583333333333336
4159,66,43,54.166666666666664
4160,71,26,54.4375
4161,69,48,55.104166666666664
4162,63,42,54.770833333333336
4163,67,43,55.833333333333336
4164,68,41,55.020833333333336
4165,66,36,54.791666666666664
4166,65,29,55.291666666666664
4167,66,35,53.354166666666664
4168,64,33,54.104166666666664
4169,68,41,54.854166666666664
4170,65,36,54.666666666666664
4171,70,24,54.333333333333336
4172,67,32,54.354166666666664
4173,65,43,54.5
4174,68,43,55.729166666666664
4175,65,38,54.979166666666664
4176,67,27,52.8125
4177,72,39,55.5625
4178,67,32,54.083333333333336
4179,69,36,54.895833333333336
4180,67,19,53.895833333333336
4181,66,18,53.020833333333336
4182,69,46,55.291666666666664
4183,68,21,54.5
4184,65,42,54.791666666666664
4185,64,29,55.770833333333336
4186,68,44,56.645833333333336
4187,66,42,54.625
4188,66,39,55.145833333333336
4189,67,37,54.25
4190,65,34,55.25
4191,65,47,55.895833333333336
4192,63,37,53.958333333333336
4193,66,34,53.8125
4194,66,23,54.979166666666664
4195,67,6,54.333333333333336
4196,64,37,55.541666666666664
4197,66,40,54.4375
4198,66,26,54.583333333333336
4199,65,36,53.6875
4200,65,28,53.854166666666664
4201,66,38,54.604166666666664
4202,65,26,53.0625
4203,64,43,55.770833333333336
4204,61,40,52.625
4205,69,41,55.041666666666664
4206,70,37,54.291666666666664
4207,65,39,54.6875
4208,66,36,54.770833333333336
4209,72,26,54.0
4210,66,38,53.8125
4211,68,37,53.979166666666664
4212,68,36,54.1875
4213,66,38,55.125
4214,69,31,53.5625
4215,67,31,52.416666666666664
4216,64,39,54.5625
4217,72,41,54.854166666666664
4218,69,35,53.8125
4219,64,35,54.4375
4220,65,37,52.9375
4221,67,37,54.520833333333336
4222,69,40,54.708333333333336
4223,66,41,57.270833333333336
4224,66,32,53.229166666666664
4225,71,40,54.791666666666664
4226,68,32,53.958333333333336
4227,65,35,53.125
4228,63,40,52.291666666666664
4229,66,33,53.416666666666664
4230,62,18,54.125
4231,63,30,53.416666666666664
4232,66,38,54.604166666666664
4233,63,27,54.5625
4234,65,40,54.791666666666664
4235,64,41,54.458333333333336
4236,67,37,54.75
4237,67,33,54.020833333333336
4238,66,40,53.854166666666664
4239,69,31,54.395833333333336
4240,66,34,54.291666666666664
4241,64,39,54.9375
4242,69,39,55.1875
4243,67,33,54.6875
4244,64,37,55.395833333333336
4245,67,39,54.875
4246,68,39,55.541666666666664
4247,65,32,52.520833333333336
4248,64,40,54.770833333333336
4249,66,39,55.583333333333336
4250,64,41,53.208333333333336
4251,65,36,53.75
4252,65,27,53.9375
4253,64,38,55.333333333333336
4254,69,39,54.979166666666664
4255,66,24,52.9375
4256,68,34,54.1875
4257,68,43,54.270833333333336
4258,66,28,52.916666666666664
4259,68,29,54.229166666666664
4260,68,34,53.083333333333336
4261,67,38,53.0625
4262,65,30,54.0
4263,67,33,54.416666666666664
4264,67,35,56.125
4265,64,41,54.354166666666664
4266,70,20,54.041666666666664
4267,67,16,53.416666666666664
4268,67,28,53.4375
4269,68,43,55.854166666666664
4270,67,39,52.75
4271,68,33,53.5625
4272,67,34,54.395833333333336
4273,68,31,54.5
4274,63,26,53.833333333333336
4275,64,26,53.9375
4276,75,31,53.541666666666664
4277,68,27,55.0
4278,65,33,53.458333333333336
4279,66,42,54.729166666666664
4280,65,32,52.395833333333336
4281,70,43,55.1875
4282,68,34,56.666666666666664
4283,68,30,55.166666666666664
4284,66,9,53.229166666666664
4285,64,38,54.083333333333336
4286,71,26,53.041666666666664
4287,64,30,54.895833333333336
4288,66,35,54.333333333333336
4289,64,41,54.083333333333336
4290,64,37,55.041666666666664
4291,64,21,53.520833333333336
4292,66,31,53.833333333333336
4293,64,40,54.125
4294,64,33,54.1875
4295,67,38,54.75
4296,65,34,53.4375
4297,65,33,55.125
4298,64,35,52.895833333333336
4299,65,33,54.041666666666664
4300,63,29,52.5
4301,64,18,51.791666666666664
4302,69,30,54.125
4303,63,42,55.166666666666664
4304,66,43,54.208333333333336
4305,64,40,54.083333333333336
4306,69,36,54.708333333333336
4307,69,18,53.4375
4308,66,30,53.6875
4309,67,39,55.5
4310,65,43,54.8125
4311,64,41,54.729166666666664
4312,68,32,53.645833333333336
4313,70,45,55.125
4314,62,47,55.5625
4315,67,41,56.25
4316,68,44,56.229166666666664
4317,68,41,55.125
4318,68,46,55.9375
4319,66,41,54.229166666666664
4320,66,38,54.645833333333336
4321,65,41,54.270833333333336
4322,64,35,54.166666666666664
4323,66,16,52.583333333333336
4324,65,45,54.729166666666664
4325,71,35,54.104166666666664
4326,67,34,54.708333333333336
4327,67,25,53.8125
4328,68,39,53.9375
4329,69,35,53.6875
4330,66,38,54.041666666666664
4331,62,35,52.6875
4332,62,42,53.604166666666664
4333,65,35,53.395833333333336
4334,64,27,53.291666666666664
4335,65,35,53.875
4336,66,37,54.3125
4337,65,25,55.083333333333336
4338,67,34,53.625
4339,67,32,54.958333333333336
4340,64,42,55.895833333333336
4341,66,39,54.208333333333336
4342,68,40,54.416666666666664
4343,64,34,53.229166666666664
4344,65,33,54.75
4345,70,33,53.25
4346,66,40,53.75
4347,63,42,54.9375
4348,66,31,53.604166666666664
4349,64,28,52.916666666666664
4350,65,38,52.1875
4351,64,38,55.104166666666664
4352,65,27,52.583333333333336
4353,66,37,55.520833333333336
4354,65,23,53.625
4355,68,34,53.625
4356,64,37,54.083333333333336
4357,68,37,53.479166666666664
4358,64,39,54.479166666666664
4359,65,32,52.833333333333336
4360,65,37,52.770833333333336
4361,66,32,53.125
4362,65,26,52.583333333333336
4363,62,34,53.166666666666664
4364,65,41,52.145833333333336
4365,65,39,55.458333333333336
4366,66,38,54.25
4367,68,40,53.354166666666664
4368,70,38,53.729166666666664
4369,68,37,54.6875
4370,66,40,54.4375
4371,71,32,53.6875
4372,65,40,54.020833333333336
4373,66,31,53.583333333333336
4374,66,36,53.604166666666664
4375,63,43,55.166666666666664
4376,65,38,54.270833333333336
4377,68,16,54.25
4378,66,40,55.208333333333336
4379,67,42,54.9375
4380,62,41,53.958333333333336
4381,67,30,53.645833333333336
4382,67,44,54.979166666666664
4383,69,34,55.770833333333336
4384,67,44,54.854166666666664
4385,68,34,55.270833333333336
4386,64,42,54.9375
4387,67,41,54.416666666666664
4388,66,38,55.166666666666664
4389,64,31,53.625
4390,64,40,54.625
4391,68,38,54.145833333333336
4392,71,37,55.5625
4393,67,35,53.583333333333336
4394,63,40,54.458333333333336
4395,67,32,53.5
4396,67,42,55.4375
4397,66,42,55.625
4398,67,24,53.666666666666664
4399,68,18,54.25
4400,67,42,54.458333333333336
4401,66,42,55.75
4402,67,32,54.083333333333336
4403,63,25,53.4375
4404,63,36,52.604166666666664
4405,65,34,55.6875
4406,67,22,54.0625
4407,67,37,52.916666666666664
4408,67,39,53.833333333333336
4409,65,47,55.9375
4410,65,28,55.333333333333336
4411,66,31,53.854166666666664
4412,66,37,55.479166666666664
4413,65,35,55.5
4414,67,39,55.541666666666664
4415,65,40,54.979166666666664
4416,68,48,55.708333333333336
4417,68,37,54.208333333333336
4418,68,26,55.020833333333336
4419,68,42,56.0
4420,65,35,55.645833333333336
4421,70,42,56.541666666666664
4422,65,40,54.791666666666664
4423,63,33,53.520833333333336
4424,68,44,55.0
4425,66,36,55.270833333333336
4426,68,26,55.0
4427,72,15,55.770833333333336
4428,70,41,54.958333333333336
4429,66,41,53.291666666666664
4430,69,36,54.916666666666664
4431,67,42,54.583333333333336
4432,69,35,56.020833333333336
4433,65,35,52.958333333333336
4434,66,39,55.458333333333336
4435,65,36,56.833333333333336
4436,69,40,54.333333333333336
4437,68,42,55.333333333333336
4438,71,31,54.125
4439,63,26,51.645833333333336
4440,69,32,54.291666666666664
4441,66,43,55.375
4442,63,38,54.333333333333336
4443,66,38,54.666666666666664
4444,73,35,55.145833333333336
4445,65,34,53.166666666666664
4446,67,35,53.5
4447,64,25,52.1875
4448,66,27,54.083333333333336
4449,67,35,52.145833333333336
4450,66,26,53.479166666666664
4451,64,29,54.1875
4452,66,46,54.833333333333336
4453,72,37,54.75
4454,65,27,54.3125
4455,69,35,53.833333333333336
4456,65,35,53.6875
4457,63,41,53.958333333333336
4458,65,23,53.479166666666664
4459,67,38,55.020833333333336
4460,63,44,54.270833333333336
4461,67,37,54.1875
4462,65,36,53.8125
4463,67,46,54.958333333333336
4464,66,31,53.541666666666664
4465,65,47,54.708333333333336
4466,64,38,53.9375
4467,66,36,55.166666666666664
4468,66,23,53.645833333333336
4469,71,39,53.8125
4470,65,32,53.041666666666664
4471,64,36,53.541666666666664
4472,68,38,54.895833333333336
4473,70,42,55.666666666666664
4474,66,23,54.5625
4475,68,38,53.979166666666664
4476,67,32,54.041666666666664
4477,63,42,54.416666666666664
4478,68,34,55.270833333333336
4479,67,46,55.875
4480,64,46,55.083333333333336
4481,67,41,54.25
4482,67,41,55.4375
4483,66,42,55.25
4484,66,12,53.75
4485,67,35,54.520833333333336
4486,62,38,54.333333333333336
4487,65,37,54.3125
4488,68,39,54.1875
4489,66,45,56.041666666666664
4490,68,39,54.875
4491,66,42,55.979166666666664
4492,67,36,55.145833333333336
4493,63,43,55.0
4494,65,43,56.291666666666664
4495,69,36,54.354166666666664
4496,66,35,52.708333333333336
4497,67,43,54.020833333333336
4498,68,18,53.604166666666664
4499,68,40,54.208333333333336
4500,71,36,55.604166666666664
4501,74,42,57.291666666666664
4502,63,33,52.375
4503,66,45,54.916666666666664
4504,67,36,55.5
4505,65,23,51.0625
4506,66,14,52.270833333333336
4507,69,28,55.875
4508,73,30,56.041666666666664
4509,63,35,54.645833333333336
4510,66,39,55.3125
4511,65,38,53.854166666666664
4512,68,34,56.0
4513,65,26,54.270833333333336
4514,65,40,55.208333333333336
4515,66,39,53.6875
4516,66,37,53.6875
4517,73,38,54.895833333333336
4518,68,35,54.354166666666664
4519,65,30,52.604166666666664
4520,66,32,53.8125
4521,65,11,53.395833333333336
4522,66,38,53.541666666666664
4523,67,18,53.666666666666664
4524,65,32,54.1875
4525,65,35,53.1875
4526,69,29,54.895833333333336
4527,65,38,53.375
4528,65,29,52.645833333333336
4529,66,38,55.5
4530,66,27,54.458333333333336
4531,68,34,54.979166666666664
4532,65,28,54.895833333333336
4533,66,32,54.083333333333336
4534,66,32,54.5
4535,63,40,54.104166666666664
4536,66,42,55.270833333333336
4537,68,33,54.020833333333336
4538,66,41,55.25
4539,66,21,54.395833333333336
4540,65,25,52.291666666666664
4541,65,38,54.854166666666664
4542,66,35,53.354166666666664
4543,67,38,54.541666666666664
4544,66,40,55.25
4545,64,46,54.8125
4546,69,34,54.5
4547,65,39,54.666666666666664
4548,64,21,53.333333333333336
4549,68,40,54.354166666666664
4550,64,31,54.333333333333336
4551,69,33,55.666666666666664
4552,66,43,55.875
4553,66,45,55.1875
4554,65,28,52.666666666666664
4555,68,34,54.9375
4556,67,45,56.479166666666664
4557,67,30,54.75
4558,69,36,53.541666666666664
4559,64,40,53.854166666666664
4560,65,35,56.020833333333336
4561,70,41,55.479166666666664
4562,65,42,54.916666666666664
4563,66,46,55.3125
4564,66,42,54.979166666666664
4565,65,27,55.0
4566,67,36,54.333333333333336
4567,65,37,53.8125
4568,64,39,55.041666666666664
4569,66,36,53.291666666666664
4570,65,42,54.708333333333336
4571,68,29,54.0625
4572,66,19,53.5625
4573,64,39,54.0
4574,62,40,54.4375
4575,71,38,54.791666666666664
4576,68,20,54.895833333333336
4577,67,43,54.708333333333336
4578,65,37,53.9375
4579,64,43,54.729166666666664
4580,66,43,54.625
4581,67,35,53.083333333333336
4582,66,37,55.166666666666664
4583,66,29,53.333333333333336
4584,69,45,57.291666666666664
4585,68,39,54.125
4586,64,32,54.5
4587,67,36,54.479166666666664
4588,65,42,55.145833333333336
4589,67,34,55.708333333333336
4590,68,33,51.958333333333336
4591,69,42,55.25
4592,68,37,54.291666666666664
4593,65,37,55.020833333333336
4594,68,43,54.958333333333336
4595,65,44,56.145833333333336
4596,67,24,55.5
4597,65,43,54.875
4598,66,30,53.895833333333336
4599,66,35,52.875
4600,66,41,53.833333333333336
4601,68,41,54.5
4602,70,9,51.979166666666664
4603,68,42,54.916666666666664
4604,66,43,55.291666666666664
4605,65,43,55.583333333333336
4606,67,42,55.0
4607,68,43,54.541666666666664
4608,68,30,53.583333333333336
4609,67,43,55.375
4610,66,31,54.6875
4611,64,31,53.479166666666664
4612,65,31,52.854166666666664
4613,73,42,56.083333333333336
4614,64,36,52.958333333333336
4615,64,39,54.145833333333336
4616,67,42,54.104166666666664
4617,68,39,54.3125
4618,65,29,53.145833333333336
4619,70,28,52.875
4620,66,23,54.5625
4621,66,34,54.979166666666664
4622,65,37,54.979166666666664
4623,67,37,54.458333333333336
4624,66,43,54.729166666666664
4625,68,44,54.1875
4626,66,39,53.854166666666664
4627,66,42,55.375
4628,64,30,54.291666666666664
4629,68,41,56.125
4630,64,39,52.875
4631,67,36,55.375
4632,67,31,53.958333333333336
4633,70,41,53.8125
4634,65,41,54.604166666666664
4635,63,35,53.229166666666664
4636,66,28,54.229166666666664
4637,62,34,52.3125
4638,67,37,54.645833333333336
4639,70,40,53.541666666666664
4640,65,33,54.083333333333336
4641,67,40,54.0
4642,65,24,52.333333333333336
4643,65,27,52.645833333333336
4644,66,28,52.6875
4645,65,38,53.666666666666664
4646,71,25,52.75
4647,64,36,53.333333333333336
4648,64,31,55.145833333333336
4649,69,41,55.166666666666664
4650,65,25,54.0625
4651,67,28,53.4375
4652,66,26,53.75
4653,67,34,52.8125
4654,66,43,56.5
4655,69,39,54.9375
4656,67,35,54.708333333333336
4657,66,27,53.125
4658,68,25,53.6875
4659,65,30,51.166666666666664
4660,68,28,53.666666666666664
4661,64,41,54.0625
4662,64,39,53.5
4663,69,21,54.604166666666664
4664,62,40,54.604166666666664
4665,68,43,55.6875
4666,64,32,53.229166666666664
4667,64,35,54.0625
4668,69,28,54.020833333333336
4669,62,23,52.791666666666664
4670,65,36,54.354166666666664
4671,68,47,55.895833333333336
4672,67,32,55.208333333333336
4673,64,34,54.8125
4674,67,34,54.4375
4675,74,32,53.3125
4676,65,36,55.145833333333336
4677,65,26,52.354166666666664
4678,66,45,55.9375
4679,66,34,56.020833333333336
4680,68,31,53.875
4681,65,16,53.020833333333336
4682,70,34,54.333333333333336
4683,67,27,52.75
4684,68,25,54.0
4685,67,33,55.708333333333336
4686,66,38,53.291666666666664
4687,68,33,55.375
4688,70,39,54.895833333333336
4689,64,41,54.458333333333336
4690,67,31,52.625
4691,65,46,55.520833333333336
4692,65,43,56.083333333333336
4693,66,41,54.625
4694,64,31,54.083333333333336
4695,65,38,54.6875
4696,69,32,53.479166666666664
4697,66,37,55.125
4698,69,29,54.854166666666664
4699,72,30,53.958333333333336
4700,66,46,55.291666666666664
4701,64,30,53.208333333333336
4702,67,34,52.979166666666664
4703,64,41,55.583333333333336
4704,64,31,53.979166666666664
4705,71,29,53.166666666666664
4706,65,36,54.541666666666664
4707,67,17,52.520833333333336
4708,65,38,53.8125
4709,65,37,54.0625
4710,68,40,54.520833333333336
4711,72,42,55.4375
4712,70,44,56.479166666666664
4713,70,36,54.666666666666664
4714,67,32,53.875
4715,64,35,53.875
4716,64,27,53.8125
4717,68,34,53.4375
4718,69,28,54.104166666666664
4719,69,36,54.041666666666664
4720,69,18,53.145833333333336
4721,63,36,52.25
4722,68,23,53.416666666666664
4723,67,41,55.166666666666664
4724,66,35,53.333333333333336
4725,67,41,54.479166666666664
4726,71,40,54.8125
4727,65,43,54.604166666666664
4728,68,41,55.833333333333336
4729,64,18,53.0625
4730,68,27,55.25
4731,65,36,54.020833333333336
4732,64,37,53.958333333333336
4733,66,35,53.333333333333336
4734,66,38,54.208333333333336
4735,64,27,52.770833333333336
4736,67,35,54.416666666666664
4737,66,30,54.895833333333336
4738,64,30,54.416666666666664
4739,68,39,54.208333333333336
4740,70,42,55.5
4741,67,36,56.5625
4742,66,46,56.104166666666664
4743,69,32,55.5
4744,65,41,55.083333333333336
4745,65,36,54.395833333333336
4746,68,45,55.8125
4747,67,47,56.25
4748,65,13,52.75
4749,64,26,52.916666666666664
4750,68,15,54.791666666666664
4751,66,42,55.895833333333336
4752,68,42,55.666666666666664
4753,65,42,54.479166666666664
4754,65,30,54.25
4755,65,45,55.875
4756,69,41,54.541666666666664
4757,62,41,54.166666666666664
4758,64,40,54.125
4759,64,26,54.0625
4760,65,18,53.3125
4761,70,39,53.8125
4762,74,46,55.395833333333336
4763,68,29,54.333333333333336
4764,66,37,54.625
4765,67,28,54.354166666666664
4766,65,23,53.541666666666664
4767,67,30,54.25
4768,64,29,53.625
4769,71,40,54.666666666666664
4770,68,29,52.354166666666664
4771,67,40,55.4375
4772,68,24,52.229166666666664
4773,67,30,54.1875
4774,66,40,54.5
4775,65,45,55.125
4776,63,31,54.041666666666664
4777,65,40,54.291666666666664
4778,67,37,54.833333333333336
4779,65,37,54.125
4780,63,33,52.9375
4781,69,36,54.020833333333336
4782,66,25,52.729166666666664
4783,66,30,53.333333333333336
4784,66,41,53.979166666666664
4785,69,36,54.020833333333336
4786,63,40,55.916666666666664
4787,65,33,54.125
4788,68,36,56.041666666666664
4789,64,25,53.645833333333336
4790,66,32,53.666666666666664
4791,68,39,55.041666666666664
4792,63,20,49.520833333333336
4793,68,29,53.208333333333336
4794,64,37,53.25
4795,65,41,55.666666666666664
4796,65,23,52.791666666666664
4797,64,31,53.270833333333336
4798,64,28,54.958333333333336
4799,66,38,54.020833333333336
4800,74,17,52.5625
4801,62,24,52.145833333333336
4802,64,27,53.1875
4803,64,28,52.8125
4804,66,41,55.5625
4805,66,40,54.5
4806,62,23,53.083333333333336
4807,72,9,52.708333333333336
4808,64,45,54.1875
4809,69,38,55.770833333333336
4810,68,36,54.270833333333336
4811,66,43,54.875
4812,66,34,53.75
4813,64,36,54.75
4814,61,30,52.895833333333336
4815,70,31,52.604166666666664
4816,66,21,53.083333333333336
4817,69,37,54.5
4818,67,35,54.395833333333336
4819,71,33,54.3125
4820,65,34,53.625
4821,66,32,52.583333333333336
4822,66,40,53.875
4823,64,42,54.041666666666664
4824,66,33,55.875
4825,67,42,55.625
4826,67,24,53.645833333333336
4827,69,30,53.479166666666664
4828,64,40,54.520833333333336
4829,70,32,54.166666666666664
4830,67,44,55.020833333333336
4831,70,41,55.416666666666664
4832,63,42,54.791666666666664
4833,67,34,54.916666666666664
4834,69,33,54.666666666666664
4835,67,47,56.479166666666664
4836,68,37,54.75
4837,66,42,55.270833333333336
4838,69,44,55.020833333333336
4839,65,32,54.833333333333336
4840,67,44,55.916666666666664
4841,70,43,55.416666666666664
4842,65,37,54.375
4843,68,23,54.9375
4844,65,47,55.458333333333336
4845,72,41,55.916666666666664
4846,65,46,55.833333333333336
4847,66,39,54.145833333333336
4848,65,26,54.270833333333336
4849,66,31,54.479166666666664
4850,67,41,55.479166666666664
4851,66,40,54.333333333333336
4852,68,37,54.291666666666664
4853,64,44,55.354166666666664
4854,65,42,54.833333333333336
4855,64,42,53.645833333333336
4856,67,37,54.083333333333336
4857,69,22,53.395833333333336
4858,69,43,55.791666666666664
4859,70,36,55.354166666666664
4860,63,24,54.354166666666664
4861,66,37,55.166666666666664
4862,67,32,53.854166666666664
4863,66,38,54.166666666666664
4864,68,38,53.9375
4865,66,42,54.958333333333336
4866,68,41,55.104166666666664
4867,64,46,54.875
4868,66,35,53.854166666666664
4869,69,25,54.5
4870,68,38,54.645833333333336
4871,66,37,53.229166666666664
4872,64,29,54.416666666666664
4873,68,43,55.270833333333336
4874,68,42,56.166666666666664
4875,68,33,54.291666666666664
4876,64,42,54.0
4877,66,40,54.979166666666664
4878,67,35,54.208333333333336
4879,64,38,53.4375
4880,65,38,54.458333333333336
4881,67,43,55.041666666666664
4882,67,32,54.229166666666664
4883,64,30,54.666666666666664
4884,67,36,54.645833333333336
4885,66,34,54.375
4886,67,39,53.9375
4887,67,39,55.020833333333336
4888,67,42,55.958333333333336
4889,64,37,53.3125
4890,68,40,55.166666666666664
4891,67,34,54.5
4892,67,45,55.479166666666664
4893,68,43,54.6875
4894,63,36,54.458333333333336
4895,66,42,55.145833333333336
4896,64,43,55.166666666666664
4897,68,37,55.979166666666664
4898,64,40,54.8125
4899,73,36,54.208333333333336
4900,68,34,54.208333333333336
4901,66,35,53.729166666666664
4902,68,36,54.6875
4903,73,41,55.020833333333336
4904,68,34,54.208333333333336
4905,64,20,53.895833333333336
4906,68,26,54.0625
4907,66,33,54.166666666666664
4908,66,12,53.395833333333336
4909,63,31,52.083333333333336
4910,65,34,54.145833333333336
4911,66,36,54.354166666666664
4912,67,33,55.208333333333336
4913,66,37,54.229166666666664
4914,65,32,53.5
4915,66,40,56.333333333333336
4916,66,26,54.104166666666664
4917,61,24,52.395833333333336
4918,65,28,52.229166666666664
4919,66,37,52.666666666666664
4920,69,28,55.083333333333336
4921,67,33,54.041666666666664
4922,63,33,53.75
4923,64,36,53.770833333333336
4924,68,27,53.583333333333336
4925,68,29,52.75
4926,64,30,53.270833333333336
4927,65,34,53.75
4928,66,42,54.291666666666664
4929,69,38,53.9375
4930,70,37,54.604166666666664
4931,69,38,55.083333333333336
4932,68,45,56.125
4933,63,32,53.041666666666664
4934,67,39,55.208333333333336
4935,65,33,54.520833333333336
4936,67,29,53.770833333333336
4937,63,27,51.645833333333336
4938,64,42,54.625
4939,67,32,54.375
4940,65,30,53.333333333333336
4941,65,43,55.166666666666664
4942,67,42,55.9375
4943,65,34,54.270833333333336
4944,70,35,55.854166666666664
4945,67,44,55.666666666666664
4946,67,31,53.833333333333336
4947,63,38,53.104166666666664
4948,66,42,53.479166666666664
4949,65,41,54.708333333333336
4950,66,42,55.0625
4951,65,36,54.729166666666664
4952,65,32,54.4375
4953,67,38,56.416666666666664
4954,65,13,55.020833333333336
4955,66,44,55.854166666666664
4956,69,44,55.354166666666664
4957,66,40,54.375
4958,67,42,54.291666666666664
4959,69,38,55.708333333333336
4960,69,41,54.229166666666664
4961,63,38,53.583333333333336
4962,65,40,55.458333333333336
4963,66,38,55.4375
4964,64,38,54.291666666666664
4965,66,42,56.041666666666664
4966,64,41,54.6875
4967,66,46,55.625
4968,66,22,53.75
4969,65,41,53.354166666666664
4970,67,39,55.458333333333336
4971,66,42,53.979166666666664
4972,64,39,54.25
4973,67,36,54.479166666666664
4974,68,37,56.333333333333336
4975,65,45,56.375
4976,65,35,54.25
4977,65,42,55.145833333333336
4978,68,34,53.770833333333336
4979,68,38,53.979166666666664
4980,69,33,53.875
4981,62,39,53.770833333333336
4982,65,44,55.666666666666664
4983,67,36,53.645833333333336
4984,65,43,56.270833333333336
4985,65,44,54.020833333333336
4986,62,38,53.520833333333336
4987,70,37,54.458333333333336
4988,62,40,53.916666666666664
4989,66,34,52.145833333333336
4990,66,41,54.229166666666664
4991,62,40,53.270833333333336
4992,69,31,53.979166666666664
4993,66,34,54.770833333333336
4994,71,38,55.375
4995,67,30,53.291666666666664
4996,65,48,56.479166666666664
4997,65,30,53.6875
4998,71,28,54.041666666666664
4999,64,42,54.416666666666664
5000,67,42,55.5
5001,64,27,53.8125
5002,65,42,54.645833333333336
5003,64,41,53.333333333333336
5004,66,26,54.708333333333336
5005,69,30,55.083333333333336
5006,64,43,54.395833333333336
5007,69,47,55.1875
5008,63,41,53.104166666666664
5009,65,42,55.8125
5010,64,41,55.1875
5011,70,29,53.458333333333336
5012,65,29,54.625
5013,65,42,55.125
5014,68,38,53.875
5015,66,40,54.291666666666664
5016,70,43,54.458333333333336
5017,67,25,55.520833333333336
5018,66,41,55.291666666666664
5019,66,31,53.395833333333336
5020,71,32,54.520833333333336
5021,63,36,54.604166666666664
5022,66,37,55.5625
5023,68,34,55.0625
5024,70,34,55.958333333333336
5025,67,36,54.354166666666664
5026,63,45,55.4375
5027,67,38,54.125
5028,63,45,54.9375
5029,67,38,54.583333333333336
5030,65,35,53.833333333333336
5031,66,40,54.229166666666664
5032,64,46,53.833333333333336
5033,68,34,52.854166666666664
5034,70,32,53.854166666666664
5035,65,37,55.354166666666664
5036,65,37,55.75
5037,65,29,52.979166666666664
5038,64,29,52.791666666666664
5039,66,29,53.416666666666664
5040,69,24,55.541666666666664
5041,66,39,54.645833333333336
5042,65,37,53.979166666666664
5043,70,29,54.354166666666664
5044,65,42,54.145833333333336
5045,68,34,53.958333333333336
5046,65,38,55.708333333333336
5047,67,42,56.479166666666664
5048,63,39,54.125
5049,68,48,55.5625
5050,63,45,54.916666666666664
5051,64,41,55.104166666666664
5052,64,39,54.958333333333336
5053,66,29,54.5
5054,69,43,55.458333333333336
5055,71,38,56.104166666666664
5056,65,45,56.270833333333336
5057,69,38,55.708333333333336
5058,70,32,54.458333333333336
5059,65,40,55.041666666666664
5060,63,43,54.25
5061,69,41,54.9375
5062,65,42,55.25
5063,68,29,54.979166666666664
5064,69,35,55.229166666666664
5065,65,45,55.5
5066,65,46,56.208333333333336
5067,68,46,57.020833333333336
5068,69,36,54.770833333333336
5069,64,30,53.958333333333336
5070,66,45,56.916666666666664
5071,66,45,55.729166666666664
5072,63,44,55.583333333333336
5073,67,46,55.395833333333336
5074,65,32,54.333333333333336
5075,65,41,55.375
5076,65,22,54.208333333333336
5077,66,47,55.6875
5078,65,43,55.041666666666664
5079,64,48,56.208333333333336
5080,63,45,54.729166666666664
5081,67,42,55.5
5082,71,42,54.958333333333336
5083,67,39,55.354166666666664
5084,66,42,55.395833333333336
5085,64,30,54.166666666666664
5086,66,27,54.25
5087,68,37,55.145833333333336
5088,64,39,54.083333333333336
5089,64,38,54.3125
5090,73,39,55.833333333333336
5091,64,42,54.0625
5092,63,37,55.270833333333336
5093,66,40,55.3125
5094,65,40,53.916666666666664
5095,65,38,54.479166666666664
5096,67,45,53.354166666666664
5097,68,39,53.333333333333336
5098,66,20,53.479166666666664
5099,65,40,55.125
5100,67,33,53.875
5101,64,38,53.125
5102,68,42,55.020833333333336
5103,67,34,54.145833333333336
5104,64,40,53.583333333333336
5105,67,41,55.270833333333336
5106,66,40,55.083333333333336
5107,66,34,54.770833333333336
5108,68,37,55.270833333333336
5109,77,27,56.208333333333336
5110,67,42,55.645833333333336
5111,66,23,52.166666666666664
5112,69,37,54.270833333333336
5113,68,32,55.041666666666664
5114,67,28,54.25
5115,67,45,55.75
5116,62,27,53.854166666666664
5117,66,16,53.25
5118,64,43,53.458333333333336
5119,63,36,54.125
5120,64,44,54.645833333333336
5121,64,29,52.9375
5122,65,31,53.4375
5123,65,37,54.8125
5124,63,38,53.9375
5125,70,29,53.458333333333336
5126,71,39,54.8125
5127,67,35,54.0
5128,69,30,54.604166666666664
5129,63,34,52.479166666666664
5130,67,41,55.291666666666664
5131,74,33,54.125
5132,68,40,54.020833333333336
5133,71,32,54.270833333333336
5134,68,36,55.479166666666664
5135,70,41,55.270833333333336
5136,65,31,54.708333333333336
5137,66,46,55.833333333333336
5138,66,19,54.645833333333336
5139,66,40,54.5
5140,69,31,54.354166666666664
5141,63,23,52.833333333333336
5142,66,36,54.166666666666664
5143,64,38,53.479166666666664
5144,67,41,54.75
5145,64,22,53.9375
5146,65,42,55.229166666666664
5147,66,36,54.854166666666664
5148,66,34,53.5
5149,65,38,54.3125
5150,72,42,55.625
5151,64,33,54.833333333333336
5152,67,39,53.583333333333336
5153,63,30,53.375
5154,68,34,55.1875
5155,65,33,53.770833333333336
5156,66,29,54.833333333333336
5157,66,45,55.979166666666664
5158,67,27,53.6875
5159,64,36,53.020833333333336
5160,66,41,55.0
5161,64,41,55.208333333333336
5162,65,33,53.416666666666664
5163,64,43,55.479166666666664
5164,71,47,56.354166666666664
5165,68,30,54.520833333333336
5166,70,38,55.354166666666664
5167,65,44,55.979166666666664
5168,67,37,56.270833333333336
5169,66,40,55.666666666666664
5170,65,34,55.1875
5171,66,43,55.375
5172,65,39,55.583333333333336
5173,71,37,54.166666666666664
5174,65,41,54.875
5175,66,33,54.375
5176,64,34,54.083333333333336
5177,67,29,53.666666666666664
5178,65,30,53.166666666666664
5179,65,41,55.520833333333336
5180,65,42,54.4375
5181,65,33,53.729166666666664
5182,67,43,56.1875
5183,67,40,55.4375
5184,65,29,54.416666666666664
5185,68,46,56.125
5186,65,37,55.6875
5187,66,41,55.291666666666664
5188,67,28,55.1875
5189,64,28,53.5
5190,65,42,53.708333333333336
5191,66,39,53.4375
5192,67,45,55.5625
5193,66,39,54.3125
5194,67,43,54.5625
5195,65,42,54.958333333333336
5196,65,39,54.520833333333336
5197,62,40,53.8125
5198,63,31,53.833333333333336
5199,69,17,54.75
5200,64,33,53.645833333333336
5201,68,39,56.208333333333336
5202,65,37,53.354166666666664
5203,69,38,54.604166666666664
5204,65,20,53.875
5205,67,42,54.416666666666664
5206,65,33,55.270833333333336
5207,68,32,53.5625
5208,69,43,54.270833333333336
5209,68,41,56.0
5210,64,43,53.729166666666664
5211,64,36,54.520833333333336
5212,69,22,54.833333333333336
5213,64,38,54.645833333333336
5214,65,31,54.6875
5215,65,29,53.770833333333336
5216,62,36,53.291666666666664
5217,66,40,53.666666666666664
5218,67,40,53.0625
5219,69,40,54.125
5220,63,39,54.291666666666664
5221,67,42,55.854166666666664
5222,64,43,55.833333333333336
5223,69,32,54.5625
5224,66,47,56.666666666666664
5225,61,47,54.625
5226,64,19,52.75
5227,69,40,53.0625
5228,66,43,55.395833333333336
5229,71,35,54.270833333333336
5230,68,42,54.416666666666664
5231,69,32,54.5625
5232,65,29,52.5625
5233,64,38,54.6875
5234,67,35,56.104166666666664
5235,69,42,55.375
5236,70,24,55.791666666666664
5237,67,26,55.0
5238,66,41,54.291666666666664
5239,69,28,53.416666666666664
5240,69,29,53.5
5241,69,28,53.770833333333336
5242,65,38,54.104166666666664
5243,66,39,53.666666666666664
5244,66,39,53.395833333333336
5245,68,33,55.645833333333336
5246,66,32,56.291666666666664
5247,66,45,56.333333333333336
5248,68,21,54.979166666666664
5249,65,37,54.854166666666664
5250,66,33,55.083333333333336
5251,67,44,53.208333333333336
5252,61,45,54.833333333333336
5253,66,33,55.583333333333336
5254,67,27,53.833333333333336
5255,67,38,55.3125
5256,67,31,54.375
5257,70,40,54.520833333333336
5258,64,42,54.666666666666664
5259,65,39,53.875
5260,66,36,54.166666666666664
5261,68,40,55.5
5262,65,36,54.416666666666664
5263,68,45,55.6875
5264,68,46,56.0625
5265,69,31,54.3125
5266,70,33,54.708333333333336
5267,67,45,55.9375
5268,68,27,54.020833333333336
5269,67,23,53.729166666666664
5270,70,41,55.0
5271,67,42,54.354166666666664
5272,65,44,54.125
5273,69,38,55.208333333333336
5274,68,37,54.708333333333336
5275,64,29,54.854166666666664
5276,64,28,54.895833333333336
5277,64,42,53.729166666666664
5278,64,41,55.458333333333336
5279,65,38,55.1875
5280,63,34,52.729166666666664
5281,69,43,55.520833333333336
5282,63,42,54.75
5283,68,45,54.270833333333336
5284,68,39,55.145833333333336
5285,66,26,52.958333333333336
5286,70,43,54.145833333333336
5287,69,37,53.854166666666664
5288,67,36,53.708333333333336
5289,63,38,54.6875
5290,68,34,54.3125
5291,67,45,55.270833333333336
5292,71,40,55.8125
5293,69,44,54.229166666666664
5294,65,36,53.5
5295,67,34,54.166666666666664
5296,67,40,54.458333333333336
5297,72,38,53.708333333333336
5298,66,37,54.75
5299,66,44,55.354166666666664
5300,65,24,54.479166666666664
5301,67,43,55.395833333333336
5302,71,45,55.041666666666664
5303,65,38,54.375
5304,66,40,55.291666666666664
5305,66,36,53.583333333333336
5306,70,43,54.979166666666664
5307,68,42,54.791666666666664
5308,65,33,54.166666666666664
5309,67,45,54.5625
5310,69,40,53.875
5311,66,38,54.479166666666664
5312,67,29,54.041666666666664
5313,68,39,54.625
5314,67,25,53.416666666666664
5315,67,44,56.354166666666664
5316,64,34,53.0
5317,65,35,53.375
5318,66,43,54.145833333333336
5319,64,36,55.5
5320,67,45,55.770833333333336
5321,64,37,54.958333333333336
5322,69,44,54.520833333333336
5323,63,32,52.291666666666664
5324,67,34,53.520833333333336
5325,69,47,55.1875
5326,69,43,56.229166666666664
5327,67,21,52.916666666666664
5328,66,39,56.3125
5329,65,36,54.604166666666664
5330,67,23,54.354166666666664
5331,66,40,53.9375
5332,68,27,55.041666666666664
5333,65,36,54.4375
5334,68,43,56.0625
5335,67,48,57.208333333333336
5336,69,27,53.041666666666664
5337,64,28,53.0625
5338,67,39,54.583333333333336
5339,64,19,51.229166666666664
5340,70,34,52.75
5341,67,31,53.5625
5342,65,14,54.354166666666664
5343,65,37,52.416666666666664
5344,64,44,55.770833333333336
5345,65,20,55.041666666666664
5346,66,15,53.666666666666664
5347,68,28,53.770833333333336
5348,65,33,54.6875
5349,68,32,54.104166666666664
5350,69,42,55.875
5351,66,40,54.979166666666664
5352,66,39,55.270833333333336
5353,65,42,55.291666666666664
5354,69,30,54.1875
5355,65,31,54.6875
5356,65,38,54.875
5357,66,33,54.666666666666664
5358,66,33,55.416666666666664
5359,64,36,55.541666666666664
5360,66,39,54.729166666666664
5361,65,46,55.0625
5362,69,39,53.75
5363,68,42,55.5
5364,68,31,53.625
5365,68,38,54.916666666666664
5366,67,39,54.6875
5367,66,39,54.854166666666664
5368,64,29,53.208333333333336
5369,73,36,53.854166666666664
5370,67,46,55.208333333333336
5371,63,36,53.625
5372,67,32,54.083333333333336
5373,65,37,52.875
5374,69,38,53.5625
5375,68,29,52.729166666666664
5376,66,32,55.229166666666664
5377,68,30,53.875
5378,63,31,52.583333333333336
5379,64,40,54.895833333333336
5380,70,42,54.9375
5381,67,26,54.854166666666664
5382,68,28,54.541666666666664
5383,66,23,53.479166666666664
5384,68,40,54.9375
5385,67,33,55.333333333333336
5386,67,35,53.208333333333336
5387,68,38,52.104166666666664
5388,76,38,54.5
5389,68,27,54.854166666666664
5390,68,29,53.541666666666664
5391,69,44,57.0625
5392,65,33,55.125
5393,67,28,52.6875
5394,64,24,51.875
5395,68,39,55.583333333333336
5396,68,23,55.0
5397,65,39,54.333333333333336
5398,68,21,52.5625
5399,67,36,55.395833333333336
5400,62,39,53.1875
5401,65,43,55.270833333333336
5402,66,27,53.625
5403,64,10,54.729166666666664
5404,66,33,52.104166666666664
5405,64,23,53.458333333333336
5406,68,33,54.354166666666664
5407,64,11,54.0625
5408,67,34,54.916666666666664
5409,65,28,54.3125
5410,64,39,53.791666666666664
5411,67,31,54.395833333333336
5412,66,36,55.9375
5413,64,38,54.041666666666664
5414,67,40,54.541666666666664
5415,67,34,54.208333333333336
5416,66,22,54.416666666666664
5417,67,28,53.291666666666664
5418,69,38,54.729166666666664
5419,64,25,51.729166666666664
5420,65,16,54.020833333333336
5421,64,34,52.833333333333336
5422,65,26,53.3125
5423,73,20,54.125
5424,67,35,54.625
5425,62,36,53.1875
5426,66,37,55.354166666666664
5427,65,37,54.9375
5428,68,41,55.166666666666664
5429,65,27,53.1875
5430,65,41,55.229166666666664
5431,64,29,54.958333333333336
5432,66,36,54.333333333333336
5433,70,42,55.4375
5434,67,26,54.270833333333336
5435,68,36,54.1875
5436,75,43,54.875
5437,63,39,54.0
5438,64,18,53.833333333333336
5439,65,47,55.625
5440,67,45,56.229166666666664
5441,69,35,54.395833333333336
5442,65,33,54.979166666666664
5443,73,46,55.333333333333336
5444,66,43,54.6875
5445,67,36,54.229166666666664
5446,64,44,54.208333333333336
5447,69,42,55.354166666666664
5448,64,31,54.333333333333336
5449,66,5,54.333333333333336
5450,65,44,54.041666666666664
5451,67,22,54.25
5452,63,26,53.5625
5453,64,33,54.083333333333336
5454,66,45,55.395833333333336
5455,66,40,54.9375
5456,68,19,52.729166666666664
5457,65,35,55.291666666666664
5458,68,46,55.791666666666664
5459,66,32,54.104166666666664
5460,67,46,56.166666666666664
5461,67,41,54.583333333333336
5462,69,43,55.0625
5463,67,35,54.666666666666664
5464,65,48,55.958333333333336
5465,66,40,54.604166666666664
5466,66,44,54.083333333333336
5467,66,47,55.3125
5468,69,43,55.4375
5469,65,39,53.3125
5470,68,39,55.4375
5471,68,38,55.1875
5472,64,25,55.3125
5473,68,42,54.625
5474,66,34,54.0
5475,65,31,53.5
5476,65,38,54.0625
5477,72,19,54.583333333333336
5478,67,28,54.5625
5479,69,20,53.645833333333336
5480,68,18,53.979166666666664
5481,68,31,54.541666666666664
5482,69,33,56.104166666666664
5483,72,44,53.229166666666664
5484,64,34,55.354166666666664
5485,67,40,54.520833333333336
5486,68,25,53.583333333333336
5487,68,44,55.25
5488,64,32,53.958333333333336
5489,62,40,53.020833333333336
5490,67,31,52.541666666666664
5491,71,36,53.708333333333336
5492,66,37,55.3125
5493,69,36,55.229166666666664
5494,69,39,54.416666666666664
5495,71,41,55.479166666666664
5496,64,33,53.458333333333336
5497,66,39,53.4375
5498,65,28,51.583333333333336
5499,65,32,54.333333333333336
5500,66,32,54.854166666666664
5501,67,36,55.166666666666664
5502,66,41,54.708333333333336
5503,64,39,54.541666666666664
5504,65,36,52.854166666666664
5505,69,38,54.604166666666664
5506,64,40,53.833333333333336
5507,64,37,55.395833333333336
5508,67,38,55.791666666666664
5509,66,31,52.3125
5510,66,27,53.666666666666664
5511,65,36,55.3125
5512,67,43,55.5
5513,61,26,52.354166666666664
5514,68,43,55.854166666666664
5515,65,35,53.5625
5516,65,31,53.3125
5517,65,36,53.166666666666664
5518,65,43,54.916666666666664
5519,64,42,54.458333333333336
5520,64,41,55.416666666666664
5521,66,27,54.958333333333336
5522,66,31,55.291666666666664
5523,65,37,56.104166666666664
5524,66,31,55.833333333333336
5525,63,38,52.979166666666664
5526,67,39,54.1875
5527,64,37,53.625
5528,67,47,54.854166666666664
5529,63,39,54.041666666666664
5530,71,30,55.020833333333336
5531,67,41,55.666666666666664
5532,64,44,54.5
5533,68,23,54.229166666666664
5534,65,41,54.666666666666664
5535,68,42,55.083333333333336
5536,64,26,54.895833333333336
5537,67,26,55.354166666666664
5538,68,45,55.0
5539,66,33,54.333333333333336
5540,67,29,54.166666666666664
5541,65,45,55.354166666666664
5542,68,38,55.9375
5543,67,44,56.708333333333336
5544,65,41,54.375
5545,65,43,54.125
5546,70,38,54.6875
5547,65,39,54.229166666666664
5548,63,35,53.645833333333336
5549,69,45,56.291666666666664
5550,65,23,52.458333333333336
5551,66,33,54.708333333333336
5552,64,43,55.083333333333336
5553,68,33,55.395833333333336
5554,67,41,56.395833333333336
5555,67,44,56.666666666666664
5556,65,17,55.208333333333336
5557,68,37,54.75
5558,64,38,55.270833333333336
5559,66,44,55.791666666666664
5560,68,38,55.458333333333336
5561,65,38,54.083333333333336
5562,68,47,55.0625
5563,66,27,54.020833333333336
5564,64,45,54.833333333333336
5565,67,17,53.875
5566,67,33,54.104166666666664
5567,70,42,55.666666666666664
5568,64,46,55.979166666666664
5569,65,48,55.041666666666664
5570,66,34,55.729166666666664
5571,64,38,54.416666666666664
5572,67,40,54.916666666666664
5573,68,41,55.520833333333336
5574,66,39,53.375
5575,67,43,55.833333333333336
5576,67,37,54.375
5577,63,24,52.916666666666664
5578,68,37,53.958333333333336
5579,67,33,55.083333333333336
5580,66,32,54.020833333333336
5581,64,35,54.0625
5582,64,47,56.125
5583,68,41,57.145833333333336
5584,68,31,55.333333333333336
5585,66,42,55.020833333333336
5586,67,30,55.1875
5587,66,40,55.9375
5588,72,35,55.083333333333336
5589,65,44,54.666666666666664
5590,68,48,55.520833333333336
5591,65,47,54.645833333333336
5592,64,47,57.3125
5593,64,39,54.333333333333336
5594,66,17,55.666666666666664
5595,69,47,55.458333333333336
5596,66,43,55.791666666666664
5597,70,39,55.145833333333336
5598,67,45,55.0625
5599,67,35,52.708333333333336
5600,65,33,54.041666666666664
5601,67,33,55.3125
5602,67,34,54.375
5603,65,43,55.333333333333336
5604,68,38,53.895833333333336
5605,67,44,56.270833333333336
5606,66,30,55.395833333333336
5607,69,35,54.104166666666664
5608,66,45,57.0
5609,65,42,55.833333333333336
5610,67,16,53.583333333333336
5611,65,22,53.8125
5612,66,43,55.229166666666664
5613,66,40,54.8125
5614,69,38,53.4375
5615,66,41,55.166666666666664
5616,64,43,55.770833333333336
5617,66,43,55.104166666666664
5618,65,36,55.729166666666664
5619,65,44,55.1875
5620,69,46,56.416666666666664
5621,68,39,54.645833333333336
5622,62,39,52.916666666666664
5623,69,43,55.1875
5624,64,18,53.854166666666664
5625,65,46,55.833333333333336
5626,67,38,54.604166666666664
5627,64,44,56.125
5628,68,42,55.6875
5629,65,36,53.3125
5630,67,29,55.291666666666664
5631,68,30,54.729166666666664
5632,70,37,54.270833333333336
5633,64,33,54.9375
5634,63,42,54.291666666666664
5635,70,33,55.604166666666664
5636,70,43,55.75
5637,68,18,54.020833333333336
5638,66,31,54.104166666666664
5639,71,38,55.208333333333336
5640,65,42,56.083333333333336
5641,67,24,54.770833333333336
5642,65,36,53.916666666666664
5643,64,35,54.270833333333336
5644,65,14,52.666666666666664
5645,71,40,56.104166666666664
5646,66,40,54.333333333333336
5647,67,47,56.1875
5648,64,40,53.875
5649,67,27,53.8125
5650,72,36,55.3125
5651,67,41,55.125
5652,67,40,55.166666666666664
5653,69,32,54.520833333333336
5654,62,45,53.8125
5655,66,37,54.583333333333336
5656,61,37,54.229166666666664
5657,66,35,54.5625
5658,65,47,57.3125
5659,70,44,56.5
5660,62,37,53.958333333333336
5661,66,18,54.708333333333336
5662,67,30,55.1875
5663,63,41,55.020833333333336
5664,64,39,56.0
5665,65,42,55.0625
5666,68,36,56.145833333333336
5667,66,22,54.145833333333336
5668,66,44,57.791666666666664
5669,67,33,54.708333333333336
5670,69,17,52.791666666666664
5671,69,29,53.958333333333336
5672,63,14,52.8125
5673,65,31,55.291666666666664
5674,66,31,53.770833333333336
5675,68,36,54.520833333333336
5676,67,32,54.083333333333336
5677,68,30,54.770833333333336
5678,65,16,53.979166666666664
5679,64,22,53.75
5680,69,38,54.791666666666664
5681,65,39,54.5625
5682,72,43,55.645833333333336
5683,68,44,55.833333333333336
5684,68,41,56.125
5685,65,45,55.75
5686,69,50,57.020833333333336
5687,66,38,55.354166666666664
5688,65,34,54.5
5689,71,48,57.333333333333336
5690,68,38,56.25
5691,66,45,56.395833333333336
5692,67,44,54.416666666666664
5693,67,44,54.625
5694,67,46,55.333333333333336
5695,66,47,55.479166666666664
5696,67,38,55.395833333333336
5697,67,44,56.083333333333336
5698,72,34,55.083333333333336
5699,66,48,56.895833333333336
5700,66,43,54.583333333333336
5701,67,41,55.125
5702,67,44,55.375
5703,66,44,55.479166666666664
5704,66,44,55.041666666666664
5705,64,32,54.020833333333336
5706,69,38,55.291666666666664
5707,66,19,52.3125
5708,65,38,53.770833333333336
5709,66,40,56.0625
5710,67,44,55.145833333333336
5711,65,42,54.4375
5712,67,46,54.833333333333336
5713,66,33,54.791666666666664
5714,66,32,55.291666666666664
5715,65,45,55.395833333333336
5716,69,38,56.041666666666664
5717,71,33,55.166666666666664
5718,68,39,55.833333333333336
5719,65,39,56.104166666666664
5720,68,43,55.166666666666664
5721,70,45,54.625
5722,69,23,52.1875
5723,66,39,55.666666666666664
5724,67,25,55.395833333333336
5725,73,39,54.770833333333336
5726,64,39,56.041666666666664
5727,72,37,55.854166666666664
5728,66,34,53.833333333333336
5729,65,37,54.645833333333336
5730,65,48,55.958333333333336
5731,67,40,53.979166666666664
5732,65,27,53.9375
5733,70,33,54.479166666666664
5734,66,37,54.791666666666664
5735,70,25,53.583333333333336
5736,64,45,54.6875
5737,68,43,55.0625
5738,67,42,54.625
5739,67,36,55.25
5740,65,32,54.104166666666664
5741,64,35,54.479166666666664
5742,64,39,53.916666666666664
5743,67,12,52.729166666666664
5744,64,24,53.0625
5745,64,29,53.1875
5746,64,35,54.729166666666664
5747,69,36,53.4375
5748,66,44,54.125
5749,70,28,55.541666666666664
5750,68,33,55.166666666666664
5751,71,42,55.0625
5752,69,40,53.875
5753,63,40,54.041666666666664
5754,69,39,55.479166666666664
5755,66,44,55.208333333333336
5756,65,37,54.479166666666664
5757,66,41,55.416666666666664
5758,65,44,55.583333333333336
5759,65,32,53.5625
5760,68,42,53.833333333333336
5761,65,35,53.604166666666664
5762,70,32,54.75
5763,70,42,54.916666666666664
5764,62,35,53.4375
5765,65,37,55.208333333333336
5766,68,39,54.4375
5767,66,44,54.9375
5768,64,40,54.083333333333336
5769,67,38,54.5
5770,63,9,53.270833333333336
5771,64,37,53.583333333333336
5772,69,40,55.791666666666664
5773,66,33,55.583333333333336
5774,65,37,54.125
5775,63,41,54.3125
5776,64,31,52.458333333333336
5777,67,40,56.375
5778,69,44,55.020833333333336
5779,67,37,53.729166666666664
5780,70,39,54.854166666666664
5781,65,42,55.479166666666664
5782,66,29,54.541666666666664
5783,70,38,55.020833333333336
5784,69,30,53.708333333333336
5785,66,32,53.208333333333336
5786,63,35,53.75
5787,67,41,54.375
5788,63,28,51.916666666666664
5789,64,20,52.5
5790,70,41,54.416666666666664
5791,66,39,53.1875
5792,64,31,52.604166666666664
5793,71,39,52.895833333333336
5794,65,31,52.9375
5795,66,34,54.291666666666664
5796,63,33,52.5
5797,67,33,53.041666666666664
5798,64,33,53.041666666666664
5799,73,35,55.354166666666664
5800,69,31,53.958333333333336
5801,67,40,53.916666666666664
5802,64,38,53.604166666666664
5803,67,39,52.9375
5804,66,21,53.041666666666664
5805,66,28,52.3125
5806,63,21,53.416666666666664
5807,66,37,55.083333333333336
5808,65,36,55.583333333333336
5809,67,35,54.708333333333336
5810,66,34,54.25
5811,65,36,55.416666666666664
5812,65,40,55.916666666666664
5813,68,35,55.083333333333336
5814,65,36,53.458333333333336
5815,66,29,52.916666666666664
5816,65,32,52.020833333333336
5817,64,40,54.375
5818,66,39,54.5
5819,67,41,54.229166666666664
5820,69,33,54.9375
5821,65,41,54.708333333333336
5822,66,39,54.583333333333336
5823,67,33,54.208333333333336
5824,67,38,57.0625
5825,70,42,54.625
5826,66,37,55.229166666666664
5827,66,42,55.5
5828,62,41,53.395833333333336
5829,66,35,55.729166666666664
5830,65,26,51.916666666666664
5831,67,42,54.4375
5832,63,39,54.541666666666664
5833,65,39,54.875
5834,77,39,55.333333333333336
5835,65,33,55.166666666666664
5836,70,42,54.145833333333336
5837,68,45,56.0625
5838,65,41,55.208333333333336
5839,70,42,55.166666666666664
5840,69,44,54.833333333333336
5841,69,40,54.875
5842,65,42,55.520833333333336
5843,70,22,53.958333333333336
5844,70,32,55.4375
5845,66,19,54.25
5846,70,42,54.979166666666664
5847,64,33,54.020833333333336
5848,68,34,55.229166666666664
5849,66,21,53.479166666666664
5850,64,20,54.479166666666664
5851,68,44,54.875
5852,69,30,55.395833333333336
5853,67,41,55.291666666666664
5854,67,36,54.604166666666664
5855,68,26,54.791666666666664
5856,64,32,53.604166666666664
5857,67,42,55.5
5858,68,40,55.895833333333336
5859,67,45,54.5625
5860,64,41,54.916666666666664
5861,68,46,56.25
5862,65,45,54.791666666666664
5863,65,35,53.770833333333336
5864,66,40,53.8125
5865,68,42,54.625
5866,69,42,56.208333333333336
5867,65,42,54.895833333333336
5868,69,40,55.145833333333336
5869,64,49,55.854166666666664
5870,68,43,54.854166666666664
5871,65,21,54.333333333333336
5872,66,38,54.770833333333336
5873,69,36,54.104166666666664
5874,68,46,54.8125
5875,65,42,56.0
5876,66,35,54.916666666666664
5877,64,36,54.166666666666664
5878,65,46,55.333333333333336
5879,62,41,53.916666666666664
5880,65,43,55.416666666666664
5881,68,28,54.3125
5882,73,42,56.666666666666664
5883,69,39,54.666666666666664
5884,72,30,52.583333333333336
5885,67,31,54.958333333333336
5886,68,44,55.791666666666664
5887,67,38,54.395833333333336
5888,66,41,53.3125
5889,64,41,55.229166666666664
5890,64,21,52.583333333333336
5891,68,45,56.770833333333336
5892,68,28,54.3125
5893,66,41,54.9375
5894,67,38,56.104166666666664
5895,65,17,54.375
5896,68,40,56.104166666666664
5897,65,45,55.520833333333336
5898,65,42,55.25
5899,65,47,54.854166666666664
5900,63,27,54.583333333333336
5901,65,42,53.541666666666664
5902,73,29,53.895833333333336
5903,69,39,55.5625
5904,64,38,54.0
5905,68,37,54.354166666666664
5906,65,46,56.125
5907,69,45,55.854166666666664
5908,70,45,55.125
5909,69,37,53.958333333333336
5910,66,36,53.708333333333336
5911,68,47,56.541666666666664
5912,66,37,54.083333333333336
5913,67,40,55.229166666666664
5914,66,40,56.104166666666664
5915,65,37,54.770833333333336
5916,63,40,54.770833333333336
5917,67,44,55.583333333333336
5918,63,36,54.166666666666664
5919,65,41,54.3125
5920,66,23,54.375
5921,66,35,53.041666666666664
5922,64,38,53.645833333333336
5923,67,44,55.1875
5924,70,41,55.770833333333336
5925,63,42,54.958333333333336
5926,65,43,55.0625
5927,64,33,53.8125
5928,66,41,55.520833333333336
5929,70,17,54.3125
5930,64,30,53.770833333333336
5931,64,23,51.770833333333336
5932,64,43,54.6875
5933,70,41,55.625
5934,64,42,54.0
5935,64,36,56.229166666666664
5936,64,41,54.3125
5937,64,47,55.083333333333336
5938,67,24,54.479166666666664
5939,63,40,55.729166666666664
5940,63,36,53.583333333333336
5941,66,39,53.75
5942,65,36,53.958333333333336
5943,66,45,54.541666666666664
5944,63,34,54.145833333333336
5945,70,43,55.0
5946,68,42,56.125
5947,65,32,55.104166666666664
5948,67,45,54.75
5949,68,44,55.145833333333336
5950,63,33,54.4375
5951,65,39,54.958333333333336
5952,67,40,55.354166666666664
5953,71,44,55.1875
5954,72,42,55.916666666666664
5955,65,43,55.5
5956,69,35,55.104166666666664
5957,70,46,54.416666666666664
5958,68,45,55.979166666666664
5959,67,25,54.1875
5960,66,43,55.6875
5961,69,36,55.604166666666664
5962,66,46,54.833333333333336
5963,67,47,55.708333333333336
5964,71,30,53.125
5965,71,35,54.0625
5966,64,32,54.895833333333336
5967,66,41,55.291666666666664
5968,70,33,55.875
5969,67,36,54.916666666666664
5970,64,35,51.541666666666664
5971,67,19,54.25
5972,71,37,54.604166666666664
5973,65,38,55.083333333333336
5974,63,32,54.708333333333336
5975,67,30,53.354166666666664
5976,69,21,52.625
5977,67,42,55.145833333333336
5978,69,43,56.479166666666664
5979,63,44,55.520833333333336
5980,70,33,55.395833333333336
5981,68,40,55.270833333333336
5982,66,33,54.1875
5983,69,42,56.333333333333336
5984,67,18,52.833333333333336
5985,67,46,55.770833333333336
5986,66,32,53.6875
5987,65,43,54.916666666666664
5988,70,42,55.270833333333336
5989,65,39,53.979166666666664
5990,69,45,55.083333333333336
5991,64,25,54.8125
5992,71,38,54.125
5993,71,31,53.5
5994,64,44,54.5625
5995,71,27,53.979166666666664
5996,69,43,55.5
5997,62,31,53.354166666666664
5998,65,34,53.333333333333336
5999,68,32,49.875
6000,66,32,53.0625
6001,71,37,56.229166666666664
6002,70,41,55.291666666666664
6003,67,28,54.4375
6004,69,39,55.291666666666664
6005,67,29,54.520833333333336
6006,62,38,54.208333333333336
6007,65,41,54.333333333333336
6008,69,39,54.166666666666664
6009,64,45,54.9375
6010,70,44,56.666666666666664
6011,66,32,55.9375
6012,65,36,53.291666666666664
6013,64,19,54.291666666666664
6014,68,42,56.6875
6015,65,38,54.729166666666664
6016,71,32,53.8125
6017,67,36,54.604166666666664
6018,70,37,55.604166666666664
6019,64,46,54.666666666666664
6020,69,39,55.625
6021,68,34,55.104166666666664
6022,62,37,54.375
6023,68,27,54.104166666666664
6024,65,48,55.625
6025,72,46,56.020833333333336
6026,64,40,53.5
6027,68,33,55.229166666666664
6028,67,44,54.1875
6029,67,44,54.333333333333336
6030,67,45,55.145833333333336
6031,67,38,54.166666666666664
6032,66,45,55.6875
6033,64,41,55.1875
6034,66,44,54.958333333333336
6035,70,44,55.041666666666664
6036,67,45,56.145833333333336
6037,64,44,54.875
6038,66,38,54.979166666666664
6039,67,47,56.479166666666664
6040,65,41,55.25
6041,68,39,55.166666666666664
6042,69,40,54.479166666666664
6043,64,27,53.041666666666664
6044,67,42,56.041666666666664
6045,68,27,55.979166666666664
6046,68,29,53.791666666666664
6047,65,47,56.041666666666664
6048,65,44,54.333333333333336
6049,66,43,53.895833333333336
6050,67,40,54.375
6051,65,46,55.791666666666664
6052,64,46,54.854166666666664
6053,67,22,54.583333333333336
6054,68,40,56.104166666666664
6055,66,46,54.0
6056,70,42,55.541666666666664
6057,69,30,55.479166666666664
6058,66,39,54.479166666666664
6059,66,45,55.020833333333336
6060,66,42,56.0
6061,67,49,56.229166666666664
6062,64,35,53.875
6063,63,35,54.270833333333336
6064,63,38,53.5
6065,68,20,53.854166666666664
6066,68,37,54.375
6067,65,34,54.895833333333336
6068,64,39,54.270833333333336
6069,68,23,54.5625
6070,66,45,55.979166666666664
6071,62,33,54.0625
6072,64,20,52.666666666666664
6073,66,47,55.916666666666664
6074,66,43,54.875
6075,67,31,53.770833333333336
6076,66,29,54.375
6077,64,42,54.208333333333336
6078,67,39,55.041666666666664
6079,66,38,54.25
6080,63,47,55.979166666666664
6081,69,39,55.3125
6082,65,46,55.645833333333336
6083,65,44,55.333333333333336
6084,62,41,55.041666666666664
6085,66,42,53.6875
6086,65,43,56.291666666666664
6087,66,36,54.104166666666664
6088,65,39,55.458333333333336
6089,68,40,55.0
6090,64,42,54.020833333333336
6091,67,22,54.104166666666664
6092,66,36,55.041666666666664
6093,64,36,53.6875
6094,63,35,54.666666666666664
6095,68,38,54.770833333333336
6096,66,41,55.125
6097,67,34,54.166666666666664
6098,67,40,54.395833333333336
6099,66,37,54.9375
6100,63,38,54.354166666666664
6101,69,30,55.125
6102,68,34,54.125
6103,68,35,55.8125
6104,65,40,56.166666666666664
6105,68,36,54.333333333333336
6106,65,42,54.875
6107,66,44,54.666666666666664
6108,75,48,56.666666666666664
6109,66,47,55.541666666666664
6110,69,43,56.0625
6111,68,47,55.6875
6112,63,38,55.125
6113,64,34,53.791666666666664
6114,65,15,55.104166666666664
6115,62,42,54.333333333333336
6116,62,45,54.020833333333336
6117,71,44,55.4375
6118,68,37,54.0625
6119,66,42,55.020833333333336
6120,69,39,56.625
6121,64,37,53.479166666666664
6122,67,40,53.791666666666664
6123,68,46,56.770833333333336
6124,67,39,55.333333333333336
6125,64,40,57.083333333333336
6126,65,33,54.729166666666664
6127,71,42,55.958333333333336
6128,65,34,54.708333333333336
6129,69,47,55.916666666666664
6130,65,37,55.25
6131,68,29,55.0
6132,64,31,53.875
6133,65,38,54.333333333333336
6134,67,40,54.8125
6135,70,43,55.6875
6136,71,31,54.3125
6137,65,42,55.479166666666664
6138,68,49,56.395833333333336
6139,64,43,56.145833333333336
6140,65,34,54.6875
6141,65,41,53.979166666666664
6142,64,43,54.666666666666664
6143,73,30,54.125
6144,68,41,56.208333333333336
6145,69,41,55.229166666666664
6146,67,41,54.770833333333336
6147,64,31,55.208333333333336
6148,67,34,54.479166666666664
6149,66,36,55.166666666666664
6150,66,37,55.3125
6151,64,29,54.25
6152,64,42,55.125
6153,67,38,55.020833333333336
6154,65,43,55.395833333333336
6155,68,44,55.125
6156,65,25,54.875
6157,68,33,53.208333333333336
6158,67,41,56.166666666666664
6159,67,24,53.354166666666664
6160,67,24,54.041666666666664
6161,65,35,54.458333333333336
6162,73,31,53.791666666666664
6163,66,38,53.458333333333336
6164,68,28,54.895833333333336
6165,67,45,56.25
6166,66,39,53.895833333333336
6167,64,28,52.854166666666664
6168,65,36,53.375
6169,66,30,54.541666666666664
6170,64,17,50.8125
6171,63,30,54.354166666666664
6172,70,32,54.520833333333336
6173,65,35,55.333333333333336
6174,66,40,55.520833333333336
6175,66,47,56.354166666666664
6176,64,43,55.645833333333336
6177,67,46,55.25
6178,64,43,56.125
6179,66,35,55.0
6180,69,44,55.5
6181,67,45,55.395833333333336
6182,67,41,54.020833333333336
6183,68,27,54.875
6184,65,36,55.1875
6185,67,33,55.479166666666664
6186,65,28,53.25
6187,71,26,54.8125
6188,64,43,54.708333333333336
6189,64,45,55.208333333333336
6190,65,42,54.708333333333336
6191,66,42,54.5625
6192,69,39,57.0
6193,70,32,54.520833333333336
6194,64,36,53.916666666666664
6195,64,41,53.4375
6196,69,45,55.4375
6197,66,38,54.5
6198,66,31,53.4375
6199,68,45,56.208333333333336
6200,66,43,55.4375
6201,67,27,53.333333333333336
6202,65,27,54.020833333333336
6203,66,29,54.1875
6204,65,35,53.729166666666664
6205,67,31,54.0625
6206,65,31,52.770833333333336
6207,65,35,53.479166666666664
6208,69,24,53.979166666666664
6209,65,21,54.083333333333336
6210,71,41,55.5
6211,66,41,54.770833333333336
6212,67,43,55.083333333333336
6213,66,41,55.270833333333336
6214,67,38,54.5
6215,68,32,54.3125
6216,69,45,56.270833333333336
6217,65,32,54.541666666666664
6218,66,41,55.229166666666664
6219,68,34,54.416666666666664
6220,73,37,54.895833333333336
6221,68,35,55.854166666666664
6222,72,32,52.916666666666664
6223,67,41,55.875
6224,66,40,54.6875
6225,69,33,54.75
6226,67,42,55.604166666666664
6227,66,38,53.4375
6228,65,44,54.666666666666664
6229,69,40,55.5
6230,71,39,54.854166666666664
6231,65,33,55.229166666666664
6232,68,38,55.041666666666664
6233,66,40,55.520833333333336
6234,68,43,55.041666666666664
6235,66,44,55.3125
6236,65,38,54.375
6237,66,43,54.520833333333336
6238,65,46,56.145833333333336
6239,69,43,54.75
6240,64,42,54.708333333333336
6241,68,45,55.4375
6242,68,46,57.145833333333336
6243,63,41,54.75
6244,67,39,54.083333333333336
6245,70,43,56.4375
6246,67,45,56.0
6247,65,45,56.25
6248,68,38,53.458333333333336
6249,67,10,53.416666666666664
6250,70,44,55.041666666666664
6251,64,31,54.125
6252,64,39,55.520833333333336
6253,67,47,55.479166666666664
6254,65,31,53.666666666666664
6255,67,32,54.541666666666664
6256,71,38,54.25
6257,68,38,54.125
6258,66,38,55.020833333333336
6259,67,38,54.895833333333336
6260,67,33,53.520833333333336
6261,65,45,54.979166666666664
6262,67,47,55.520833333333336
6263,63,37,53.604166666666664
6264,67,42,55.416666666666664
6265,66,37,55.625
6266,69,38,55.020833333333336
6267,66,43,54.208333333333336
6268,66,45,55.770833333333336
6269,67,42,55.020833333333336
6270,67,42,53.604166666666664
6271,64,42,55.729166666666664
6272,64,33,54.166666666666664
6273,69,44,55.270833333333336
6274,67,38,55.5625
6275,64,45,54.9375
6276,65,35,55.3125
6277,66,44,55.375
6278,71,28,55.520833333333336
6279,66,31,55.0625
6280,65,41,54.0625
6281,71,44,56.25
6282,73,43,55.104166666666664
6283,65,33,55.145833333333336
6284,73,40,54.666666666666664
6285,66,36,54.4375
6286,67,20,53.895833333333336
6287,66,31,55.729166666666664
6288,66,38,54.791666666666664
6289,65,34,53.395833333333336
6290,66,32,53.458333333333336
6291,67,26,53.604166666666664
6292,66,29,54.791666666666664
6293,65,47,55.583333333333336
6294,65,43,53.520833333333336
6295,64,33,55.020833333333336
6296,66,33,53.75
6297,71,43,56.625
6298,66,34,54.75
6299,68,45,55.229166666666664
6300,67,37,56.270833333333336
6301,68,39,52.979166666666664
6302,64,35,52.5625
6303,69,35,54.833333333333336
6304,66,31,54.708333333333336
6305,67,38,53.8125
6306,67,39,56.208333333333336
6307,66,33,53.041666666666664
6308,63,31,52.416666666666664
6309,69,35,54.208333333333336
6310,66,40,54.916666666666664
6311,69,32,54.708333333333336
6312,66,28,53.0625
6313,68,32,52.75
6314,70,28,52.833333333333336
6315,68,23,52.083333333333336
6316,64,37,53.645833333333336
6317,66,41,55.791666666666664
6318,64,41,54.229166666666664
6319,69,23,53.291666666666664
6320,67,28,54.770833333333336
6321,67,36,54.9375
6322,64,29,53.5
6323,65,40,56.104166666666664
6324,67,32,54.833333333333336
6325,65,39,54.520833333333336
6326,61,37,53.5
6327,69,45,54.4375
6328,66,43,55.333333333333336
6329,71,31,53.895833333333336
6330,66,44,57.145833333333336
6331,66,41,54.625
6332,65,43,56.354166666666664
6333,66,35,54.645833333333336
6334,70,45,55.875
6335,70,44,55.666666666666664
6336,66,26,54.958333333333336
6337,65,25,53.916666666666664
6338,64,26,53.625
6339,68,41,53.875
6340,67,37,55.5625
6341,70,32,55.604166666666664
6342,66,21,53.770833333333336
6343,66,38,54.5
6344,66,31,54.375
6345,64,46,55.083333333333336
6346,67,33,54.916666666666664
6347,68,28,51.75
6348,68,9,54.416666666666664
6349,64,32,52.416666666666664
6350,63,40,53.75
6351,66,26,54.229166666666664
6352,67,38,54.583333333333336
6353,67,39,55.083333333333336
6354,65,42,55.375
6355,64,44,55.5625
6356,69,45,54.6875
6357,67,35,55.0
6358,65,29,53.041666666666664
6359,67,23,53.875
6360,66,40,53.6875
6361,67,28,54.270833333333336
6362,65,42,54.916666666666664
6363,65,25,52.9375
6364,67,44,54.020833333333336
6365,69,42,55.229166666666664
6366,63,19,53.833333333333336
6367,62,24,52.125
6368,65,40,55.1875
6369,67,33,54.1875
6370,67,28,53.708333333333336
6371,66,28,55.25
6372,63,30,54.208333333333336
6373,67,33,54.479166666666664
6374,67,33,54.854166666666664
6375,69,39,55.645833333333336
6376,65,30,55.833333333333336
6377,67,44,55.541666666666664
6378,64,41,54.895833333333336
6379,67,34,54.520833333333336
6380,65,29,54.270833333333336
6381,62,44,54.666666666666664
6382,69,39,55.395833333333336
6383,67,32,54.375
6384,69,33,53.708333333333336
6385,64,35,54.75
6386,63,45,54.583333333333336
6387,67,39,54.0
6388,65,38,54.395833333333336
6389,68,38,55.75
6390,67,36,54.8125
6391,66,31,53.979166666666664
6392,66,28,54.958333333333336
6393,68,38,54.6875
6394,67,33,53.041666666666664
6395,65,39,55.145833333333336
6396,65,45,55.604166666666664
6397,64,38,53.479166666666664
6398,65,45,55.5
6399,68,33,56.416666666666664
6400,65,46,55.0
6401,67,47,55.1875
6402,70,39,56.166666666666664
6403,63,33,52.416666666666664
6404,67,29,54.979166666666664
6405,67,39,54.3125
6406,67,43,54.9375
6407,65,42,55.5
6408,68,41,54.604166666666664
6409,66,38,54.895833333333336
6410,64,37,55.0625
6411,72,22,54.416666666666664
6412,67,38,54.041666666666664
6413,66,34,55.666666666666664
6414,65,27,53.3125
6415,65,20,54.9375
6416,69,40,54.770833333333336
6417,66,39,53.583333333333336
6418,66,44,54.520833333333336
6419,66,24,53.270833333333336
6420,72,36,55.166666666666664
6421,66,40,54.354166666666664
6422,65,23,52.895833333333336
6423,66,33,53.666666666666664
6424,67,30,54.041666666666664
6425,67,43,55.375
6426,65,28,53.979166666666664
6427,69,42,54.958333333333336
6428,65,33,54.791666666666664
6429,65,33,54.041666666666664
6430,65,32,52.604166666666664
6431,67,28,53.520833333333336
6432,70,41,54.229166666666664
6433,67,42,54.729166666666664
6434,64,42,54.083333333333336
6435,66,42,54.1875
6436,65,33,53.645833333333336
6437,62,27,54.645833333333336
6438,71,41,54.479166666666664
6439,69,25,55.895833333333336
6440,71,29,54.104166666666664
6441,66,31,53.895833333333336
6442,67,42,56.625
6443,67,23,54.104166666666664
6444,63,40,55.166666666666664
6445,69,24,54.458333333333336
6446,70,43,55.625
6447,67,44,54.3125
6448,65,45,55.354166666666664
6449,67,40,54.604166666666664
6450,65,30,54.229166666666664
6451,71,20,55.604166666666664
6452,63,39,54.854166666666664
6453,68,44,55.5625
6454,68,36,54.541666666666664
6455,67,37,54.958333333333336
6456,68,46,56.854166666666664
6457,63,31,54.3125
6458,68,46,55.895833333333336
6459,64,44,53.979166666666664
6460,64,10,53.375
6461,68,41,54.833333333333336
6462,66,43,55.0625
6463,60,30,53.25
6464,65,44,55.291666666666664
6465,70,38,55.666666666666664
6466,66,42,54.833333333333336
6467,64,36,54.541666666666664
6468,65,41,55.104166666666664
6469,65,25,54.645833333333336
6470,67,40,54.791666666666664
6471,64,44,57.083333333333336
6472,66,29,53.6875
6473,66,41,54.645833333333336
6474,67,45,54.520833333333336
6475,65,45,55.75
6476,67,43,54.145833333333336
6477,69,36,55.270833333333336
6478,68,43,54.770833333333336
6479,68,42,56.666666666666664
6480,70,44,53.958333333333336
6481,62,44,55.0
6482,63,43,55.875
6483,65,42,55.666666666666664
6484,66,44,55.4375
6485,64,46,55.208333333333336
6486,63,28,55.1875
6487,64,45,55.145833333333336
6488,64,39,54.145833333333336
6489,67,36,56.25
6490,65,33,53.270833333333336
6491,69,33,56.3125
6492,66,43,54.708333333333336
6493,64,45,55.125
6494,67,47,56.395833333333336
6495,71,34,54.3125
6496,63,39,53.854166666666664
6497,64,41,54.479166666666664
6498,67,34,53.9375
6499,67,29,54.770833333333336
6500,67,32,55.229166666666664
6501,65,30,53.3125
6502,69,34,53.291666666666664
6503,66,36,53.5
6504,69,19,51.583333333333336
6505,67,35,55.708333333333336
6506,66,35,53.583333333333336
6507,67,36,54.0625
6508,64,35,53.458333333333336
6509,66,37,54.333333333333336
6510,69,17,53.854166666666664
6511,65,39,54.708333333333336
6512,63,43,54.9375
6513,65,32,55.0625
6514,66,30,53.8125
6515,63,36,53.541666666666664
6516,63,38,52.375
6517,66,40,54.625
6518,68,43,54.229166666666664
6519,69,33,54.6875
6520,65,40,54.0625
6521,68,18,53.395833333333336
6522,65,41,55.395833333333336
6523,71,43,54.3125
6524,66,41,53.729166666666664
6525,67,44,55.604166666666664
6526,63,41,54.666666666666664
6527,69,34,54.520833333333336
6528,65,40,53.6875
6529,65,33,52.520833333333336
6530,63,38,53.208333333333336
6531,70,34,53.0625
6532,64,40,54.229166666666664
6533,68,47,56.520833333333336
6534,68,43,55.583333333333336
6535,67,9,53.0
6536,72,40,54.9375
6537,65,36,54.375
6538,63,39,54.0
6539,62,41,54.333333333333336
6540,65,20,53.333333333333336
6541,68,42,54.458333333333336
6542,67,10,52.270833333333336
6543,66,44,54.9375
6544,65,28,55.75
6545,67,41,55.8125
6546,68,45,55.666666666666664
6547,66,38,54.645833333333336
6548,65,40,55.3125
6549,62,30,51.770833333333336
6550,66,13,54.520833333333336
6551,62,39,54.25
6552,71,17,53.854166666666664
6553,63,30,53.6875
6554,65,37,55.416666666666664
6555,65,39,55.0625
6556,67,38,56.020833333333336
6557,68,39,54.791666666666664
6558,68,4,51.229166666666664
6559,67,37,56.354166666666664
6560,66,43,55.229166666666664
6561,65,36,53.8125
6562,65,40,54.625
6563,65,35,54.416666666666664
6564,66,43,56.1875
6565,64,34,53.479166666666664
6566,69,47,55.25
6567,64,37,55.541666666666664
6568,69,43,55.020833333333336
6569,66,41,56.458333333333336
6570,72,39,54.520833333333336
6571,65,37,55.270833333333336
6572,65,43,53.645833333333336
6573,66,42,55.041666666666664
6574,67,38,55.479166666666664
6575,64,34,54.5
6576,64,38,53.916666666666664
6577,66,40,54.729166666666664
6578,64,26,53.645833333333336
6579,64,39,54.125
6580,67,22,53.0
6581,64,46,55.75
6582,65,35,54.791666666666664
6583,64,43,54.875
6584,67,36,54.479166666666664
6585,64,38,54.583333333333336
6586,65,33,52.520833333333336
6587,65,8,54.895833333333336
6588,64,22,53.3125
6589,67,41,54.75
6590,67,39,54.666666666666664
6591,68,31,53.895833333333336
6592,70,37,55.333333333333336
6593,63,23,53.458333333333336
6594,66,34,55.020833333333336
6595,70,46,56.166666666666664
6596,64,34,53.895833333333336
6597,63,40,54.5625
6598,68,36,54.833333333333336
6599,69,29,55.041666666666664
6600,62,40,54.854166666666664
6601,65,40,53.875
6602,64,43,54.375
6603,66,41,54.5625
6604,70,48,55.916666666666664
6605,71,42,55.479166666666664
6606,67,47,54.8125
6607,68,41,55.625
6608,63,42,55.125
6609,65,42,55.729166666666664
6610,66,41,54.833333333333336
6611,66,40,55.875
6612,70,40,53.333333333333336
6613,65,41,54.9375
6614,65,40,55.041666666666664
6615,63,45,54.645833333333336
6616,65,46,55.375
6617,63,41,54.958333333333336
6618,66,40,55.229166666666664
6619,71,15,53.625
6620,67,38,55.083333333333336
6621,68,35,54.833333333333336
6622,66,45,54.895833333333336
6623,69,31,53.520833333333336
6624,66,29,53.166666666666664
6625,63,46,54.875
6626,64,42,54.854166666666664
6627,62,37,54.270833333333336
6628,66,44,55.229166666666664
6629,66,33,54.75
6630,64,43,55.645833333333336
6631,68,43,55.1875
6632,63,39,54.666666666666664
6633,66,31,53.5625
6634,65,39,53.833333333333336
6635,71,33,54.958333333333336
6636,65,13,54.0625
6637,68,43,53.958333333333336
6638,65,14,54.5625
6639,67,36,54.3125
6640,64,42,55.666666666666664
6641,64,31,53.041666666666664
6642,67,44,55.6875
6643,62,42,54.541666666666664
6644,68,33,55.458333333333336
6645,67,21,54.166666666666664
6646,65,40,55.145833333333336
6647,65,32,53.604166666666664
6648,66,43,55.395833333333336
6649,67,37,54.145833333333336
6650,67,33,54.5625
6651,63,40,53.958333333333336
6652,66,8,53.458333333333336
6653,67,44,54.625
6654,66,40,55.291666666666664
6655,62,41,54.333333333333336
6656,65,19,53.645833333333336
6657,71,43,56.604166666666664
6658,62,43,54.208333333333336
6659,68,35,55.541666666666664
6660,65,40,54.854166666666664
6661,62,39,54.083333333333336
6662,71,45,56.5625
6663,66,43,56.291666666666664
6664,71,42,55.3125
6665,67,40,54.666666666666664
6666,65,46,56.5
6667,67,36,54.791666666666664
6668,69,22,55.166666666666664
6669,68,41,54.479166666666664
6670,62,42,54.5
6671,69,37,54.333333333333336
6672,62,42,53.333333333333336
6673,64,40,54.604166666666664
6674,66,40,55.583333333333336
6675,68,45,55.229166666666664
6676,70,42,55.25
6677,66,46,55.375
6678,66,39,54.9375
6679,68,39,53.395833333333336
6680,62,44,52.854166666666664
6681,67,40,54.520833333333336
6682,67,11,53.520833333333336
6683,63,32,53.729166666666664
6684,67,37,55.166666666666664
6685,64,35,53.979166666666664
6686,67,35,55.208333333333336
6687,70,38,55.125
6688,66,45,56.458333333333336
6689,66,35,54.020833333333336
6690,66,32,54.041666666666664
6691,66,34,54.395833333333336
6692,66,38,55.5
6693,67,35,55.583333333333336
6694,69,25,54.729166666666664
6695,68,31,55.625
6696,66,40,56.708333333333336
6697,66,45,54.604166666666664
6698,64,40,54.604166666666664
6699,68,46,56.270833333333336
6700,68,39,56.25
6701,68,42,54.604166666666664
6702,66,27,53.208333333333336
6703,68,34,54.895833333333336
6704,65,40,55.104166666666664
6705,64,32,53.875
6706,68,34,54.875
6707,65,45,54.541666666666664
6708,65,45,54.9375
6709,65,47,55.604166666666664
6710,72,42,55.354166666666664
6711,66,38,55.0
6712,67,39,53.583333333333336
6713,65,39,53.229166666666664
6714,64,36,53.541666666666664
6715,63,43,55.895833333333336
6716,66,43,54.708333333333336
6717,66,40,55.291666666666664
6718,64,39,55.0625
6719,66,35,54.458333333333336
6720,65,41,54.291666666666664
6721,64,38,53.916666666666664
6722,69,41,55.979166666666664
6723,65,41,54.625
6724,71,46,55.875
6725,67,28,54.6875
6726,65,42,54.791666666666664
6727,66,47,56.270833333333336
6728,67,32,56.291666666666664
6729,67,28,54.104166666666664
6730,65,37,53.395833333333336
6731,67,42,55.354166666666664
6732,65,41,54.729166666666664
6733,67,32,53.958333333333336
6734,66,32,54.75
6735,66,26,53.458333333333336
6736,66,32,54.270833333333336
6737,71,24,56.1875
6738,70,45,56.0625
6739,66,42,55.395833333333336
6740,67,25,55.4375
6741,69,33,55.625
6742,65,31,53.645833333333336
6743,69,41,55.229166666666664
6744,70,25,54.166666666666664
6745,70,44,54.833333333333336
6746,67,41,56.479166666666664
6747,63,39,54.125
6748,69,41,55.25
6749,63,32,54.0
6750,68,30,55.5625
6751,63,42,53.645833333333336
6752,63,42,54.75
6753,65,49,55.770833333333336
6754,67,21,54.4375
6755,64,39,55.208333333333336
6756,64,31,54.895833333333336
6757,71,40,55.25
6758,65,29,54.375
6759,66,31,54.770833333333336
6760,70,11,53.354166666666664
6761,65,29,53.979166666666664
6762,63,42,55.625
6763,66,34,54.708333333333336
6764,66,35,55.625
6765,64,35,53.458333333333336
6766,68,37,54.645833333333336
6767,65,32,53.791666666666664
6768,64,44,54.4375
6769,66,32,55.229166666666664
6770,72,44,57.4375
6771,66,18,53.479166666666664
6772,67,35,53.854166666666664
6773,64,43,55.895833333333336
6774,63,43,53.833333333333336
6775,77,36,55.083333333333336
6776,65,43,55.479166666666664
6777,67,37,55.979166666666664
6778,64,49,56.354166666666664
6779,66,43,55.020833333333336
6780,67,39,54.416666666666664
6781,72,39,56.229166666666664
6782,71,32,56.145833333333336
6783,64,42,53.833333333333336
6784,64,25,53.958333333333336
6785,63,24,54.583333333333336
6786,68,43,56.020833333333336
6787,66,40,54.770833333333336
6788,65,42,55.458333333333336
6789,66,43,55.25
6790,66,32,54.541666666666664
6791,67,41,55.583333333333336
6792,69,42,55.5
6793,65,39,55.583333333333336
6794,67,33,54.25
6795,62,41,54.9375
6796,66,39,53.25
6797,67,24,54.125
6798,65,46,56.354166666666664
6799,67,30,55.645833333333336
6800,64,46,55.395833333333336
6801,70,48,56.270833333333336
6802,63,33,55.145833333333336
6803,68,42,56.083333333333336
6804,68,34,55.1875
6805,73,46,55.145833333333336
6806,64,37,54.8125
6807,64,38,55.6875
6808,65,45,54.916666666666664
6809,68,26,55.083333333333336
6810,69,47,56.083333333333336
6811,64,38,54.625
6812,63,44,54.583333333333336
6813,63,41,54.1875
6814,66,45,56.291666666666664
6815,70,43,55.354166666666664
6816,67,44,55.166666666666664
6817,68,46,56.604166666666664
6818,67,44,55.625
6819,65,44,54.979166666666664
6820,65,30,55.333333333333336
6821,66,39,53.958333333333336
6822,67,39,54.6875
6823,69,30,55.166666666666664
6824,64,32,53.333333333333336
6825,63,35,54.833333333333336
6826,65,40,55.208333333333336
6827,66,35,54.604166666666664
6828,66,30,54.6875
6829,64,19,54.666666666666664
6830,72,41,55.645833333333336
6831,67,38,52.625
6832,66,32,54.458333333333336
6833,69,36,55.604166666666664
6834,70,8,53.041666666666664
6835,67,42,54.583333333333336
6836,66,33,55.979166666666664
6837,66,19,52.770833333333336
6838,69,46,55.833333333333336
6839,66,31,55.375
6840,66,37,54.916666666666664
6841,70,38,54.666666666666664
6842,66,47,56.020833333333336
6843,65,40,54.416666666666664
6844,66,32,53.354166666666664
6845,66,48,56.0625
6846,66,41,54.083333333333336
6847,67,40,56.0
6848,66,45,55.645833333333336
6849,67,38,55.104166666666664
6850,63,43,55.0
6851,64,46,55.416666666666664
6852,65,18,53.958333333333336
6853,65,45,55.979166666666664
6854,68,45,54.708333333333336
6855,65,44,54.5
6856,66,42,54.041666666666664
6857,70,44,55.729166666666664
6858,64,40,55.166666666666664
6859,68,41,54.375
6860,68,35,54.625
6861,68,36,55.625
6862,64,37,55.354166666666664
6863,67,46,56.1875
6864,69,35,53.916666666666664
6865,65,40,55.354166666666664
6866,65,39,56.208333333333336
6867,70,45,56.395833333333336
6868,66,46,55.1875
6869,65,38,54.083333333333336
6870,65,44,54.541666666666664
6871,73,45,56.104166666666664
6872,65,34,55.083333333333336
6873,66,43,54.354166666666664
6874,69,42,54.395833333333336
6875,66,43,54.145833333333336
6876,66,47,55.875
6877,67,44,55.354166666666664
6878,69,33,56.104166666666664
6879,66,40,56.9375
6880,68,45,55.645833333333336
6881,66,47,57.020833333333336
6882,67,47,56.520833333333336
6883,65,42,55.729166666666664
6884,64,40,55.020833333333336
6885,66,35,54.854166666666664
6886,64,42,55.270833333333336
6887,65,42,55.020833333333336
6888,66,37,53.708333333333336
6889,67,33,55.625
6890,65,37,53.916666666666664
6891,72,32,54.0625
6892,70,22,54.208333333333336
6893,71,40,55.0
6894,70,30,53.9375
6895,68,45,55.895833333333336
6896,71,41,55.416666666666664
6897,66,43,54.520833333333336
6898,70,46,55.479166666666664
6899,64,42,54.833333333333336
6900,73,43,55.5625
6901,64,24,54.208333333333336
6902,67,30,54.5
6903,71,43,56.041666666666664
6904,67,38,55.520833333333336
6905,68,44,56.166666666666664
6906,65,39,55.416666666666664
6907,66,39,54.375
6908,67,43,56.708333333333336
6909,66,44,56.0625
6910,67,46,56.104166666666664
6911,67,39,54.375
6912,67,43,55.291666666666664
6913,66,39,55.458333333333336
6914,67,41,55.0625
6915,69,35,54.479166666666664
6916,70,29,55.125
6917,65,46,55.0625
6918,63,47,55.4375
6919,70,42,54.75
6920,65,39,55.520833333333336
6921,64,40,54.229166666666664
6922,66,41,56.270833333333336
6923,65,37,53.875
6924,65,38,56.5625
6925,64,40,53.125
6926,66,39,54.520833333333336
6927,66,42,54.5625
6928,67,36,54.333333333333336
6929,69,38,54.020833333333336
6930,66,34,54.9375
6931,67,41,54.979166666666664
6932,67,37,55.333333333333336
6933,65,30,54.1875
6934,69,32,55.041666666666664
6935,66,35,55.333333333333336
6936,67,31,55.604166666666664
6937,66,36,55.729166666666664
6938,68,42,56.770833333333336
6939,68,48,55.083333333333336
6940,64,47,55.375
6941,63,39,54.166666666666664
6942,64,40,55.208333333333336
6943,65,21,54.3125
6944,69,37,54.916666666666664
6945,64,30,55.770833333333336
6946,67,29,55.125
6947,67,41,53.958333333333336
6948,67,41,56.3125
6949,67,34,54.875
6950,65,38,54.083333333333336
6951,65,35,55.0
6952,67,43,54.625
6953,67,36,54.5
6954,68,38,54.479166666666664
6955,66,41,55.3125
6956,65,37,53.520833333333336
6957,69,46,56.458333333333336
6958,65,33,54.0
6959,67,40,56.0
6960,66,37,54.395833333333336
6961,68,30,55.604166666666664
6962,65,27,55.75
6963,64,32,54.208333333333336
6964,64,25,54.541666666666664
6965,64,44,55.416666666666664
6966,65,46,56.0
6967,67,43,55.625
6968,69,44,55.458333333333336
6969,67,42,54.270833333333336
6970,68,43,55.9375
6971,68,46,54.458333333333336
6972,67,23,53.979166666666664
6973,65,30,54.104166666666664
6974,66,21,53.916666666666664
6975,68,42,55.75
6976,67,37,55.729166666666664
6977,65,39,53.708333333333336
6978,65,36,54.8125
6979,68,31,53.958333333333336
6980,67,45,57.0
6981,67,41,55.9375
6982,63,42,55.145833333333336
6983,66,42,54.625
6984,64,39,54.416666666666664
6985,63,31,52.5
6986,69,47,57.270833333333336
6987,67,38,55.229166666666664
6988,64,44,55.5
6989,66,22,55.1875
6990,62,40,54.583333333333336
6991,62,38,53.166666666666664
6992,64,41,54.583333333333336
6993,66,39,54.291666666666664
6994,66,46,55.083333333333336
6995,65,44,53.979166666666664
6996,66,46,56.0
6997,68,44,55.770833333333336
6998,67,36,55.354166666666664
6999,68,44,56.3125
7000,68,39,55.708333333333336
7001,74,46,56.083333333333336
7002,65,34,55.458333333333336
7003,67,33,55.083333333333336
7004,65,45,55.5
7005,66,45,56.104166666666664
7006,68,42,55.0625
7007,66,41,54.458333333333336
7008,69,48,56.229166666666664
7009,68,32,54.25
7010,68,33,56.125
7011,65,8,55.541666666666664
7012,65,43,54.25
7013,66,42,54.854166666666664
7014,66,46,55.6875
7015,64,32,51.875
7016,66,43,53.833333333333336
7017,71,42,55.75
7018,65,40,54.3125
7019,70,37,53.416666666666664
7020,67,31,54.8125
7021,70,36,55.020833333333336
7022,67,42,55.104166666666664
7023,67,9,55.541666666666664
7024,67,19,54.3125
7025,68,36,55.041666666666664
7026,70,35,54.75
7027,69,38,55.520833333333336
7028,64,44,55.8125
7029,65,42,55.5625
7030,66,40,55.8125
7031,68,41,56.0
7032,66,44,56.229166666666664
7033,62,48,55.770833333333336
7034,66,27,55.416666666666664
7035,63,33,54.75
7036,66,35,54.270833333333336
7037,66,30,54.520833333333336
7038,65,43,55.354166666666664
7039,65,46,55.8125
7040,69,43,56.8125
7041,68,28,55.729166666666664
7042,65,21,54.5
7043,66,41,53.3125
7044,65,42,54.395833333333336
7045,65,33,54.8125
7046,64,39,54.895833333333336
7047,69,36,55.895833333333336
7048,69,45,55.729166666666664
7049,63,32,54.020833333333336
7050,68,35,53.8125
7051,66,47,56.25
7052,70,40,55.708333333333336
7053,68,38,54.875
7054,62,41,54.541666666666664
7055,63,45,55.020833333333336
7056,70,43,54.833333333333336
7057,67,44,54.354166666666664
7058,67,37,54.895833333333336
7059,68,46,55.583333333333336
7060,69,33,54.8125
7061,64,45,55.541666666666664
7062,69,34,55.25
7063,66,41,53.625
7064,66,44,55.729166666666664
7065,64,36,54.020833333333336
7066,65,41,54.020833333333336
7067,65,45,56.1875
7068,65,32,52.8125
7069,69,39,55.291666666666664
7070,69,41,55.5625
7071,63,35,53.229166666666664
7072,62,41,53.75
7073,64,40,54.833333333333336
7074,69,46,56.020833333333336
7075,65,43,55.145833333333336
7076,65,45,54.958333333333336
7077,66,33,55.895833333333336
7078,66,42,53.791666666666664
7079,68,42,55.416666666666664
7080,67,27,55.1875
7081,68,37,54.395833333333336
7082,63,41,55.0
7083,67,26,54.104166666666664
7084,65,46,56.104166666666664
7085,64,39,55.791666666666664
7086,67,46,55.3125
7087,68,36,56.208333333333336
7088,69,31,56.25
7089,70,43,57.604166666666664
7090,68,32,55.041666666666664
7091,68,43,55.083333333333336
7092,69,18,54.4375
7093,66,44,55.979166666666664
7094,66,43,55.604166666666664
7095,68,46,56.020833333333336
7096,64,44,54.916666666666664
7097,67,44,54.75
7098,64,47,55.333333333333336
7099,63,40,55.729166666666664
7100,65,26,54.541666666666664
7101,66,34,55.416666666666664
7102,68,18,54.729166666666664
7103,66,46,55.520833333333336
7104,70,44,55.625
7105,67,36,54.291666666666664
7106,67,37,55.604166666666664
7107,66,43,55.729166666666664
7108,67,36,52.854166666666664
7109,70,20,54.625
7110,67,42,55.645833333333336
7111,68,47,55.979166666666664
7112,66,39,55.270833333333336
7113,70,39,55.6875
7114,69,44,55.479166666666664
7115,66,28,54.270833333333336
7116,66,37,54.0625
7117,62,31,54.8125
7118,67,45,55.0
7119,65,33,54.875
7120,68,33,54.791666666666664
7121,65,46,55.895833333333336
7122,67,36,54.729166666666664
7123,64,46,55.229166666666664
7124,66,34,53.791666666666664
7125,63,34,54.0625
7126,66,46,55.479166666666664
7127,67,34,55.8125
7128,65,45,55.833333333333336
7129,67,31,53.916666666666664
7130,65,47,55.916666666666664
7131,70,43,54.708333333333336
7132,66,32,54.625
7133,65,38,55.833333333333336
7134,68,40,55.916666666666664
7135,67,27,53.875
7136,65,39,54.208333333333336
7137,70,45,55.229166666666664
7138,66,34,54.729166666666664
7139,62,43,54.645833333333336
7140,67,34,53.583333333333336
7141,68,39,54.645833333333336
7142,68,28,52.854166666666664
7143,69,40,55.625
7144,69,38,55.541666666666664
7145,74,45,54.6875
7146,65,29,53.708333333333336
7147,66,37,55.145833333333336
7148,65,34,53.5625
7149,68,48,56.4375
7150,66,47,56.354166666666664
7151,67,41,55.5
7152,68,35,55.5
7153,66,38,54.958333333333336
7154,70,36,56.125
7155,64,38,54.375
7156,66,49,56.020833333333336
7157,68,44,57.0
7158,67,45,55.208333333333336
7159,66,37,54.770833333333336
7160,65,42,55.270833333333336
7161,67,29,53.25
7162,67,45,55.791666666666664
7163,63,34,53.145833333333336
7164,65,47,55.5
7165,67,37,53.708333333333336
7166,66,39,53.979166666666664
7167,62,42,54.5625
7168,70,35,54.375
7169,65,46,54.020833333333336
7170,68,38,55.083333333333336
7171,69,43,56.666666666666664
7172,66,36,55.6875
7173,70,36,54.375
7174,67,28,55.645833333333336
7175,65,44,55.229166666666664
7176,69,20,54.833333333333336
7177,67,44,55.75
7178,65,40,55.333333333333336
7179,68,41,55.166666666666664
7180,64,27,55.583333333333336
7181,65,39,54.645833333333336
7182,66,42,55.9375
7183,65,20,53.625
7184,72,29,55.729166666666664
7185,68,46,55.375
7186,65,38,54.25
7187,66,36,54.1875
7188,67,43,54.458333333333336
7189,64,28,53.458333333333336
7190,71,26,52.354166666666664
7191,72,39,53.604166666666664
7192,66,32,54.666666666666664
7193,64,40,54.8125
7194,67,29,53.854166666666664
7195,63,34,53.270833333333336
7196,66,40,54.458333333333336
7197,64,20,53.9375
7198,68,31,54.104166666666664
7199,69,44,55.0625
7200,63,36,54.625
7201,63,41,54.6875
7202,66,39,54.270833333333336
7203,67,34,54.5
7204,66,44,55.583333333333336
7205,67,37,54.4375
7206,65,44,54.958333333333336
7207,67,31,53.625
7208,69,21,54.791666666666664
7209,68,43,55.333333333333336
7210,63,46,56.458333333333336
7211,66,37,55.583333333333336
7212,66,47,55.666666666666664
7213,71,39,54.625
7214,64,36,54.416666666666664
7215,64,42,54.458333333333336
7216,68,19,52.833333333333336
7217,63,38,54.645833333333336
7218,66,44,54.875
7219,66,38,55.145833333333336
7220,66,46,54.604166666666664
7221,67,45,56.041666666666664
7222,64,39,54.895833333333336
7223,68,20,55.333333333333336
7224,65,36,54.0625
7225,64,38,54.416666666666664
7226,66,39,55.25
7227,66,44,54.791666666666664
7228,68,34,53.916666666666664
7229,68,44,56.3125
7230,67,29,54.541666666666664
7231,68,37,55.0
7232,69,38,54.3125
7233,66,44,55.916666666666664
7234,66,35,55.458333333333336
7235,66,38,55.333333333333336
7236,67,39,55.145833333333336
7237,67,39,54.166666666666664
7238,69,46,54.583333333333336
7239,66,38,55.145833333333336
7240,65,41,54.375
7241,67,41,54.895833333333336
7242,66,21,54.958333333333336
7243,65,46,55.541666666666664
7244,68,31,55.458333333333336
7245,64,41,54.9375
7246,67,38,53.3125
7247,69,44,55.270833333333336
7248,70,40,55.375
7249,69,41,56.145833333333336
7250,66,48,55.541666666666664
7251,65,47,55.25
7252,68,42,54.895833333333336
7253,61,33,53.0
7254,69,44,55.083333333333336
7255,65,13,54.145833333333336
7256,68,44,55.458333333333336
7257,68,41,54.770833333333336
7258,62,34,53.104166666666664
7259,67,43,55.770833333333336
7260,65,36,52.895833333333336
7261,66,31,53.354166666666664
7262,68,34,54.0625
7263,66,36,54.5
7264,66,36,54.416666666666664
7265,65,40,54.354166666666664
7266,63,14,52.1875
7267,64,37,54.083333333333336
7268,70,18,53.791666666666664
7269,66,31,54.541666666666664
7270,69,47,55.604166666666664
7271,69,39,54.291666666666664
7272,66,36,54.270833333333336
7273,64,30,54.208333333333336
7274,62,41,54.0625
7275,70,41,53.3125
7276,69,47,56.645833333333336
7277,68,23,53.833333333333336
7278,65,42,54.479166666666664
7279,65,29,53.125
7280,66,40,54.3125
7281,63,32,53.354166666666664
7282,65,32,54.083333333333336
7283,66,40,54.645833333333336
7284,68,44,56.0625
7285,65,45,55.895833333333336
7286,68,39,55.333333333333336
7287,64,42,55.0
7288,66,42,55.0
7289,67,35,53.354166666666664
7290,64,20,53.5625
7291,68,38,52.854166666666664
7292,63,24,52.020833333333336
7293,67,42,54.708333333333336
7294,65,39,53.458333333333336
7295,64,39,54.0
7296,66,29,52.541666666666664
7297,67,42,54.145833333333336
7298,68,31,53.145833333333336
7299,70,37,54.395833333333336
7300,65,30,54.895833333333336
7301,67,23,54.979166666666664
7302,69,21,52.9375
7303,68,38,54.729166666666664
7304,65,37,53.916666666666664
7305,65,38,54.375
7306,65,38,55.3125
7307,65,37,54.166666666666664
7308,64,47,55.791666666666664
7309,67,41,55.645833333333336
7310,67,38,55.354166666666664
7311,66,46,54.958333333333336
7312,68,45,56.020833333333336
7313,68,44,55.145833333333336
7314,62,42,53.8125
7315,65,43,55.895833333333336
7316,66,47,54.645833333333336
7317,65,35,53.145833333333336
7318,66,38,54.666666666666664
7319,68,45,55.604166666666664
7320,70,43,56.520833333333336
7321,72,41,55.4375
7322,66,14,54.3125
7323,65,32,53.083333333333336
7324,64,38,54.625
7325,63,43,54.9375
7326,64,37,53.895833333333336
7327,70,41,55.520833333333336
7328,71,29,54.729166666666664
7329,64,19,53.458333333333336
7330,74,19,54.479166666666664
7331,67,32,54.625
7332,68,28,54.4375
7333,70,32,56.083333333333336
7334,68,35,54.625
7335,64,39,55.208333333333336
7336,70,36,54.958333333333336
7337,66,32,54.520833333333336
7338,65,41,55.083333333333336
7339,65,33,54.75
7340,66,42,55.0625
7341,66,41,54.208333333333336
7342,67,37,55.3125
7343,66,43,55.5625
7344,64,37,54.604166666666664
7345,68,43,54.333333333333336
7346,67,33,54.416666666666664
7347,66,39,55.479166666666664
7348,65,35,53.458333333333336
7349,67,38,53.270833333333336
7350,64,34,54.354166666666664
7351,69,35,53.604166666666664
7352,63,20,51.0
7353,67,38,55.375
7354,68,37,54.770833333333336
7355,69,42,55.395833333333336
7356,64,40,54.854166666666664
7357,66,46,56.020833333333336
7358,66,28,55.020833333333336
7359,65,41,54.5
7360,69,44,54.666666666666664
7361,68,29,53.5625
7362,64,33,53.645833333333336
7363,68,38,55.416666666666664
7364,68,43,55.541666666666664
7365,71,35,54.666666666666664
7366,67,35,53.333333333333336
7367,71,36,55.25
7368,68,24,53.854166666666664
7369,65,38,54.166666666666664
7370,67,35,54.270833333333336
7371,65,27,52.6875
7372,68,42,55.645833333333336
7373,68,39,55.729166666666664
7374,68,42,55.416666666666664
7375,66,44,54.25
7376,66,46,55.645833333333336
7377,69,46,55.270833333333336
7378,64,43,55.041666666666664
7379,65,42,54.520833333333336
7380,64,37,53.770833333333336
7381,65,42,55.229166666666664
7382,65,35,53.770833333333336
7383,64,39,54.625
7384,66,38,54.25
7385,67,44,55.791666666666664
7386,66,46,54.4375
7387,67,33,53.1875
7388,67,24,53.5625
7389,70,30,53.6875
7390,68,37,53.083333333333336
7391,67,37,54.645833333333336
7392,66,38,54.604166666666664
7393,65,39,53.0
7394,69,37,53.645833333333336
7395,71,31,54.25
7396,64,35,52.770833333333336
7397,69,36,54.0625
7398,68,41,55.208333333333336
7399,72,40,54.1875
7400,66,37,54.854166666666664
7401,64,39,53.479166666666664
7402,69,33,54.375
7403,65,34,52.375
7404,66,20,54.0625
7405,67,30,55.291666666666664
7406,64,45,55.416666666666664
7407,63,43,53.916666666666664
7408,61,43,53.479166666666664
7409,66,39,54.333333333333336
7410,69,40,54.8125
7411,63,38,53.895833333333336
7412,66,40,54.9375
7413,68,39,54.4375
7414,65,39,53.645833333333336
7415,67,43,55.875
7416,69,33,54.708333333333336
7417,66,29,53.416666666666664
7418,67,33,55.291666666666664
7419,70,35,54.416666666666664
7420,68,36,53.979166666666664
7421,65,23,52.8125
7422,64,30,52.9375
7423,67,47,57.020833333333336
7424,67,35,55.041666666666664
7425,66,22,54.375
7426,67,30,54.958333333333336
7427,64,38,52.9375
7428,68,40,55.416666666666664
7429,68,34,55.458333333333336
7430,63,36,54.020833333333336
7431,72,26,54.208333333333336
7432,67,24,55.375
7433,71,39,53.875
7434,66,25,53.625
7435,68,36,54.583333333333336
7436,65,13,52.708333333333336
7437,69,12,53.1875
7438,67,44,55.0
7439,67,35,53.583333333333336
7440,67,46,55.729166666666664
7441,72,42,56.5625
7442,65,46,56.604166666666664
7443,66,45,55.270833333333336
7444,66,40,53.770833333333336
7445,70,46,56.541666666666664
7446,67,39,55.4375
7447,68,38,55.583333333333336
7448,66,42,54.291666666666664
7449,63,46,55.041666666666664
7450,66,43,54.75
7451,65,48,54.875
7452,66,38,54.645833333333336
7453,69,47,56.4375
7454,67,44,55.458333333333336
7455,66,38,55.104166666666664
7456,64,33,54.416666666666664
7457,65,45,55.145833333333336
7458,71,29,54.6875
7459,67,41,54.083333333333336
7460,70,39,55.75
7461,66,41,53.791666666666664
7462,65,41,55.854166666666664
7463,63,23,53.708333333333336
7464,65,31,53.8125
7465,69,43,56.020833333333336
7466,65,41,54.875
7467,67,47,54.875
7468,70,30,52.4375
7469,63,42,54.916666666666664
7470,64,34,55.125
7471,66,45,55.333333333333336
7472,67,32,55.083333333333336
7473,67,31,54.645833333333336
7474,66,46,55.666666666666664
7475,65,41,55.604166666666664
7476,65,42,54.5
7477,66,40,55.6875
7478,69,40,55.416666666666664
7479,66,44,56.020833333333336
7480,63,47,56.145833333333336
7481,65,44,55.0
7482,70,29,54.666666666666664
7483,63,42,55.395833333333336
7484,64,45,54.625
7485,65,44,55.0625
7486,68,44,55.291666666666664
7487,65,32,53.9375
7488,66,36,54.375
7489,64,42,55.020833333333336
7490,71,45,55.770833333333336
7491,62,48,55.041666666666664
7492,63,41,55.770833333333336
7493,66,21,53.791666666666664
7494,69,39,55.770833333333336
7495,66,25,53.770833333333336
7496,65,40,54.25
7497,68,37,55.229166666666664
7498,68,32,53.583333333333336
7499,64,43,54.5
7500,74,40,54.479166666666664
7501,67,40,55.270833333333336
7502,69,42,54.041666666666664
7503,67,39,54.5625
7504,65,45,54.020833333333336
7505,63,33,52.75
7506,69,38,53.958333333333336
7507,67,41,55.0625
7508,68,39,53.895833333333336
7509,64,24,53.125
7510,62,37,52.875
7511,69,43,54.375
7512,69,29,56.729166666666664
7513,67,43,55.833333333333336
7514,68,44,54.5625
7515,63,28,53.479166666666664
7516,69,33,54.854166666666664
7517,64,35,52.770833333333336
7518,66,39,53.9375
7519,68,36,55.791666666666664
7520,63,28,53.3125
7521,65,37,53.583333333333336
7522,64,15,52.104166666666664
7523,64,30,54.041666666666664
7524,66,36,53.8125
7525,68,26,52.395833333333336
7526,64,39,53.1875
7527,67,44,56.0625
7528,67,34,53.708333333333336
7529,64,44,54.854166666666664
7530,67,38,54.041666666666664
7531,72,36,55.625
7532,61,43,53.583333333333336
7533,68,40,55.979166666666664
7534,67,34,53.645833333333336
7535,63,40,53.833333333333336
7536,64,41,54.104166666666664
7537,70,34,54.3125
7538,61,37,54.3125
7539,68,40,54.6875
7540,66,38,55.0
7541,68,41,53.708333333333336
7542,64,38,53.9375
7543,70,40,55.125
7544,65,22,55.104166666666664
7545,66,34,54.9375
7546,64,39,53.9375
7547,75,33,55.416666666666664
7548,66,23,54.166666666666664
7549,66,42,56.875
7550,68,41,54.5625
7551,70,45,56.0
7552,67,43,55.791666666666664
7553,72,37,55.854166666666664
7554,69,42,54.875
7555,68,39,55.666666666666664
7556,64,41,53.958333333333336
7557,68,44,54.833333333333336
7558,64,42,53.583333333333336
7559,69,21,55.416666666666664
7560,66,38,55.3125
7561,65,32,53.833333333333336
7562,64,44,55.604166666666664
7563,65,40,54.354166666666664
7564,66,42,55.25
7565,65,32,53.854166666666664
7566,66,41,54.583333333333336
7567,64,38,53.791666666666664
7568,69,38,55.020833333333336
7569,64,41,54.208333333333336
7570,69,35,55.083333333333336
7571,65,31,53.770833333333336
7572,63,33,52.979166666666664
7573,67,40,53.395833333333336
7574,67,43,55.270833333333336
7575,68,24,55.1875
7576,65,35,54.479166666666664
7577,66,36,55.104166666666664
7578,65,41,53.75
7579,66,41,53.5625
7580,65,39,53.125
7581,62,45,54.291666666666664
7582,67,25,55.916666666666664
7583,63,37,54.541666666666664
7584,67,38,54.291666666666664
7585,70,33,53.729166666666664
7586,68,44,55.375
7587,69,32,53.625
7588,64,30,54.270833333333336
7589,65,37,54.145833333333336
7590,70,41,54.75
7591,68,44,55.041666666666664
7592,70,42,55.916666666666664
7593,67,38,55.25
7594,67,37,54.25
7595,66,39,53.354166666666664
7596,66,45,56.145833333333336
7597,63,46,54.333333333333336
7598,70,46,56.4375
7599,66,39,55.4375
7600,66,43,55.458333333333336
7601,63,38,53.520833333333336
7602,68,42,54.75
7603,66,42,54.833333333333336
7604,64,36,54.854166666666664
7605,69,43,55.395833333333336
7606,65,42,55.541666666666664
7607,68,23,54.9375
7608,68,31,53.666666666666664
7609,66,26,54.833333333333336
7610,66,41,55.958333333333336
7611,70,47,56.104166666666664
7612,67,36,54.0
7613,66,38,54.708333333333336
7614,64,38,52.708333333333336
7615,65,38,55.479166666666664
7616,70,31,55.083333333333336
7617,66,41,55.6875
7618,68,42,55.1875
7619,66,47,56.583333333333336
7620,65,40,56.770833333333336
7621,68,40,55.541666666666664
7622,67,45,55.25
7623,67,18,54.020833333333336
7624,68,39,54.916666666666664
7625,67,46,56.625
7626,62,15,55.104166666666664
7627,68,45,56.25
7628,63,37,55.020833333333336
7629,70,45,55.854166666666664
7630,64,45,55.770833333333336
7631,63,26,55.6875
7632,64,40,54.0
7633,66,44,54.4375
7634,64,35,54.625
7635,67,41,55.145833333333336
7636,66,39,54.104166666666664
7637,64,42,54.041666666666664
7638,65,38,54.041666666666664
7639,68,36,54.5
7640,69,42,55.854166666666664
7641,69,40,55.270833333333336
7642,68,40,55.354166666666664
7643,64,49,56.4375
7644,69,42,55.145833333333336
7645,66,43,55.625
7646,72,40,55.520833333333336
7647,67,17,54.645833333333336
7648,68,36,55.729166666666664
7649,65,41,55.520833333333336
7650,68,39,54.4375
7651,63,35,53.333333333333336
7652,67,44,53.854166666666664
7653,66,32,54.666666666666664
7654,64,40,55.020833333333336
7655,63,41,54.833333333333336
7656,69,35,54.541666666666664
7657,65,36,53.833333333333336
7658,65,38,54.645833333333336
7659,67,40,55.125
7660,68,18,53.791666666666664
7661,64,36,54.270833333333336
7662,65,46,55.770833333333336
7663,67,40,55.5
7664,66,43,55.020833333333336
7665,68,25,54.416666666666664
7666,66,32,54.333333333333336
7667,66,41,54.4375
7668,71,42,55.458333333333336
7669,65,39,54.791666666666664
7670,64,43,55.270833333333336
7671,67,39,55.9375
7672,65,29,55.583333333333336
7673,67,45,55.770833333333336
7674,66,33,54.583333333333336
7675,65,41,54.208333333333336
7676,64,38,54.6875
7677,65,46,55.354166666666664
7678,66,33,55.729166666666664
7679,66,39,56.625
7680,68,28,55.75
7681,68,43,55.25
7682,63,34,54.583333333333336
7683,68,45,54.5625
7684,66,24,53.979166666666664
7685,65,42,54.833333333333336
7686,69,37,54.958333333333336
7687,63,42,54.625
7688,66,31,55.1875
7689,67,37,54.75
7690,69,42,55.354166666666664
7691,65,45,54.4375
7692,66,37,55.3125
7693,66,39,53.083333333333336
7694,65,45,55.75
7695,66,41,53.979166666666664
7696,68,37,56.104166666666664
7697,63,42,53.8125
7698,68,36,54.875
7699,67,42,54.8125
7700,67,42,55.583333333333336
7701,68,39,56.458333333333336
7702,65,37,54.666666666666664
7703,69,36,53.604166666666664
7704,64,33,53.5625
7705,65,36,54.458333333333336
7706,67,39,55.833333333333336
7707,69,42,55.875
7708,65,46,56.291666666666664
7709,67,46,55.291666666666664
7710,66,43,53.583333333333336
7711,68,42,54.895833333333336
7712,66,49,57.0
7713,66,39,55.625
7714,64,35,55.208333333333336
7715,72,38,55.1875
7716,67,42,55.979166666666664
7717,62,37,53.791666666666664
7718,63,40,53.958333333333336
7719,65,36,54.583333333333336
7720,67,34,55.5
7721,67,34,54.333333333333336
7722,63,42,53.875
7723,68,43,55.208333333333336
7724,68,43,56.0625
7725,64,43,55.333333333333336
7726,69,29,54.375
7727,66,41,54.25
7728,68,41,54.854166666666664
7729,65,33,54.625
7730,64,42,55.375
7731,70,41,55.0625
7732,66,42,55.375
7733,67,44,56.583333333333336
7734,65,42,55.208333333333336
7735,67,44,55.4375
7736,62,43,53.979166666666664
7737,70,44,55.5625
7738,62,41,55.020833333333336
7739,63,40,54.125
7740,64,36,54.020833333333336
7741,72,44,54.770833333333336
7742,68,18,54.375
7743,65,24,54.229166666666664
7744,67,41,55.0
7745,67,32,54.5625
7746,64,30,55.208333333333336
7747,69,43,54.854166666666664
7748,69,41,56.083333333333336
7749,65,45,56.145833333333336
7750,66,27,56.1875
7751,67,43,55.666666666666664
7752,66,42,54.833333333333336
7753,66,27,54.375
7754,65,43,55.083333333333336
7755,68,28,53.395833333333336
7756,68,19,54.520833333333336
7757,63,45,55.104166666666664
7758,65,46,55.875
7759,64,42,55.5
7760,67,46,54.5625
7761,67,34,55.083333333333336
7762,68,34,54.666666666666664
7763,65,24,52.354166666666664
7764,70,41,54.4375
7765,68,47,55.791666666666664
7766,65,36,54.958333333333336
7767,63,27,53.854166666666664
7768,67,30,54.291666666666664
7769,68,38,54.125
7770,69,36,55.9375
7771,65,36,54.895833333333336
7772,68,41,56.416666666666664
7773,70,42,55.729166666666664
7774,64,31,53.770833333333336
7775,67,37,54.625
7776,66,34,54.520833333333336
7777,67,43,53.8125
7778,71,40,55.5625
7779,70,38,54.333333333333336
7780,67,46,55.8125
7781,65,46,56.333333333333336
7782,66,32,53.770833333333336
7783,68,38,55.666666666666664
7784,69,31,54.458333333333336
7785,65,41,54.979166666666664
7786,66,41,55.229166666666664
7787,68,39,54.875
7788,71,44,57.041666666666664
7789,64,42,55.458333333333336
7790,67,44,54.916666666666664
7791,67,29,54.708333333333336
7792,66,41,55.833333333333336
7793,64,43,54.604166666666664
7794,66,42,54.770833333333336
7795,70,25,53.458333333333336
7796,66,33,53.4375
7797,69,43,56.145833333333336
7798,62,43,54.729166666666664
7799,66,45,55.708333333333336
7800,65,37,53.833333333333336
7801,68,34,55.1875
7802,64,34,54.3125
7803,66,45,55.8125
7804,64,36,54.75
7805,68,45,56.583333333333336
7806,67,41,54.895833333333336
7807,67,39,54.395833333333336
7808,69,36,54.416666666666664
7809,67,37,55.354166666666664
7810,67,46,54.875
7811,66,42,54.875
7812,66,45,55.479166666666664
7813,65,45,55.354166666666664
7814,64,49,55.354166666666664
7815,67,46,56.145833333333336
7816,65,39,53.708333333333336
7817,70,44,55.375
7818,64,46,57.208333333333336
7819,65,39,55.958333333333336
7820,65,30,54.104166666666664
7821,68,44,54.625
7822,64,41,54.8125
7823,68,45,56.020833333333336
7824,64,43,55.166666666666664
7825,67,44,56.833333333333336
7826,64,44,55.3125
7827,66,40,54.145833333333336
7828,65,36,54.458333333333336
7829,63,39,55.1875
7830,65,46,55.583333333333336
7831,70,39,54.958333333333336
7832,66,45,57.020833333333336
7833,64,42,53.1875
7834,67,39,55.9375
7835,65,34,54.104166666666664
7836,65,46,56.083333333333336
7837,64,47,55.041666666666664
7838,64,46,55.895833333333336
7839,65,47,55.9375
7840,69,42,56.25
7841,67,25,54.145833333333336
7842,65,35,54.604166666666664
7843,66,36,54.604166666666664
7844,65,46,55.625
7845,61,39,53.333333333333336
7846,66,41,54.5625
7847,66,47,55.9375
7848,64,39,53.8125
7849,64,37,52.729166666666664
7850,69,45,56.5
7851,72,35,54.895833333333336
7852,67,40,56.6875
7853,65,39,53.375
7854,69,37,55.083333333333336
7855,68,42,54.916666666666664
7856,65,39,56.5
7857,67,37,56.479166666666664
7858,64,42,56.166666666666664
7859,66,16,55.666666666666664
7860,67,33,54.625
7861,69,27,53.854166666666664
7862,65,40,55.333333333333336
7863,67,33,54.354166666666664
7864,67,34,55.020833333333336
7865,68,44,56.145833333333336
7866,68,35,55.25
7867,66,36,54.041666666666664
7868,65,32,54.604166666666664
7869,70,46,55.020833333333336
7870,62,42,53.625
7871,65,39,54.791666666666664
7872,69,28,54.5625
7873,64,38,54.833333333333336
7874,67,34,53.604166666666664
7875,67,32,54.458333333333336
7876,63,40,54.0
7877,62,34,54.208333333333336
7878,67,40,54.5625
7879,67,38,54.208333333333336
7880,67,44,54.770833333333336
7881,65,43,55.5625
7882,69,41,54.895833333333336
7883,66,44,55.25
7884,68,38,56.0
7885,64,43,56.145833333333336
7886,65,44,55.145833333333336
7887,67,45,56.854166666666664
7888,64,45,55.0
7889,65,36,54.8125
7890,66,16,53.25
7891,64,45,55.041666666666664
7892,67,39,55.375
7893,65,39,55.4375
7894,67,40,54.729166666666664
7895,69,36,55.104166666666664
7896,65,42,54.270833333333336
7897,69,40,55.708333333333336
7898,67,30,54.125
7899,66,33,54.395833333333336
7900,67,33,54.145833333333336
7901,67,45,55.208333333333336
7902,67,35,54.8125
7903,63,45,54.479166666666664
7904,66,34,54.6875
7905,69,42,55.083333333333336
7906,68,38,54.854166666666664
7907,68,40,54.395833333333336
7908,65,33,54.145833333333336
7909,66,28,53.291666666666664
7910,66,33,53.375
7911,66,27,53.4375
7912,65,24,54.479166666666664
7913,65,40,55.270833333333336
7914,63,42,55.166666666666664
7915,67,40,55.458333333333336
7916,66,35,54.270833333333336
7917,67,43,55.6875
7918,67,47,55.583333333333336
7919,71,41,55.395833333333336
7920,69,43,56.020833333333336
7921,65,40,53.979166666666664
7922,67,36,54.9375
7923,62,41,52.9375
7924,66,39,54.208333333333336
7925,66,36,54.416666666666664
7926,68,45,55.020833333333336
7927,65,41,55.541666666666664
7928,66,29,53.020833333333336
7929,68,34,54.875
7930,67,42,54.791666666666664
7931,64,40,54.104166666666664
7932,66,20,51.979166666666664
7933,63,39,53.770833333333336
7934,67,29,53.895833333333336
7935,69,46,56.0
7936,67,24,55.208333333333336
7937,66,45,55.979166666666664
7938,63,46,54.9375
7939,66,44,55.25
7940,70,42,54.625
7941,65,11,53.0
7942,66,30,54.229166666666664
7943,67,43,54.9375
7944,67,16,56.166666666666664
7945,69,31,54.666666666666664
7946,65,11,53.666666666666664
7947,68,44,55.0625
7948,65,32,53.770833333333336
7949,63,37,54.3125
7950,69,34,53.520833333333336
7951,68,46,56.8125
7952,68,41,55.458333333333336
7953,66,39,55.020833333333336
7954,66,42,55.125
7955,67,21,54.333333333333336
7956,65,41,54.791666666666664
7957,63,39,54.333333333333336
7958,66,39,54.625
7959,67,43,54.6875
7960,66,44,56.625
7961,68,31,55.729166666666664
7962,67,44,55.395833333333336
7963,64,39,54.270833333333336
7964,65,20,54.333333333333336
7965,65,44,54.645833333333336
7966,67,41,55.541666666666664
7967,65,46,55.958333333333336
7968,75,42,55.375
7969,63,42,54.791666666666664
7970,67,37,54.8125
7971,68,24,54.666666666666664
7972,64,40,55.1875
7973,66,35,54.395833333333336
7974,63,36,54.395833333333336
7975,65,44,54.875
7976,64,36,53.0625
7977,70,39,55.8125
7978,66,43,55.291666666666664
7979,68,32,53.375
7980,65,36,53.104166666666664
7981,66,36,54.791666666666664
7982,63,45,54.5
7983,63,41,53.875
7984,68,29,51.729166666666664
7985,66,46,55.4375
7986,66,34,54.229166666666664
7987,67,34,52.604166666666664
7988,65,28,53.3125
7989,69,36,53.708333333333336
7990,64,37,53.645833333333336
7991,65,45,54.0
7992,63,29,53.729166666666664
7993,70,39,55.375
7994,68,36,53.729166666666664
7995,67,38,54.3125
7996,68,39,54.458333333333336
7997,69,36,54.895833333333336
7998,69,36,55.791666666666664
7999,68,31,55.395833333333336
8000,65,37,54.041666666666664
8001,65,39,54.875
8002,66,43,55.229166666666664
8003,68,39,55.166666666666664
8004,63,38,54.354166666666664
8005,65,40,54.645833333333336
8006,70,38,55.625
8007,70,42,55.458333333333336
8008,65,43,54.833333333333336
8009,67,38,54.708333333333336
8010,69,43,54.395833333333336
8011,69,36,53.645833333333336
8012,65,38,54.375
8013,68,43,54.833333333333336
8014,67,42,54.875
8015,65,40,53.270833333333336
8016,63,39,52.041666666666664
8017,66,36,53.875
8018,71,41,56.083333333333336
8019,68,43,55.833333333333336
8020,66,35,55.104166666666664
8021,72,42,54.0
8022,67,46,55.75
8023,64,27,53.833333333333336
8024,65,22,52.604166666666664
8025,66,35,54.645833333333336
8026,66,42,55.8125
8027,65,44,55.1875
8028,69,36,55.166666666666664
8029,63,47,55.645833333333336
8030,66,34,54.833333333333336
8031,71,43,55.958333333333336
8032,71,42,55.583333333333336
8033,64,34,54.895833333333336
8034,64,38,53.979166666666664
8035,69,40,55.0
8036,64,38,54.083333333333336
8037,68,44,55.1875
8038,63,41,52.458333333333336
8039,64,37,53.1875
8040,71,40,56.458333333333336
8041,63,35,53.979166666666664
8042,64,38,53.416666666666664
8043,67,39,53.895833333333336
8044,69,41,54.770833333333336
8045,63,40,55.770833333333336
8046,67,22,53.166666666666664
8047,67,38,55.020833333333336
8048,66,23,54.208333333333336
8049,72,35,53.625
8050,63,42,55.083333333333336
8051,68,38,53.916666666666664
8052,65,33,55.958333333333336
8053,71,41,56.479166666666664
8054,66,41,54.229166666666664
8055,63,39,53.916666666666664
8056,64,43,55.708333333333336
8057,65,38,54.208333333333336
8058,66,40,55.770833333333336
8059,67,44,54.729166666666664
8060,68,43,56.354166666666664
8061,67,39,54.958333333333336
8062,66,45,54.791666666666664
8063,68,29,53.041666666666664
8064,69,39,55.166666666666664
8065,66,40,54.375
8066,65,37,54.041666666666664
8067,67,41,55.083333333333336
8068,66,46,55.6875
8069,67,33,54.125
8070,64,46,54.395833333333336
8071,66,38,55.166666666666664
8072,67,44,55.291666666666664
8073,66,29,52.833333333333336
8074,62,42,54.625
8075,66,38,54.875
8076,69,39,54.854166666666664
8077,67,29,53.666666666666664
8078,69,22,51.8125
8079,69,30,53.833333333333336
8080,65,33,55.145833333333336
8081,64,29,53.458333333333336
8082,69,41,53.916666666666664
8083,69,39,55.333333333333336
8084,68,25,53.3125
8085,68,19,55.020833333333336
8086,64,38,54.041666666666664
8087,65,44,54.854166666666664
8088,66,31,53.979166666666664
8089,66,41,54.8125
8090,69,33,55.166666666666664
8091,67,39,54.354166666666664
8092,64,36,53.916666666666664
8093,67,43,55.3125
8094,67,44,55.145833333333336
8095,65,38,53.458333333333336
8096,62,37,55.083333333333336
8097,64,23,53.5625
8098,66,43,55.1875
8099,65,39,53.833333333333336
8100,67,35,52.916666666666664
8101,68,37,54.354166666666664
8102,69,32,53.020833333333336
8103,67,26,54.041666666666664
8104,73,42,57.3125
8105,66,32,55.541666666666664
8106,67,41,55.229166666666664
8107,69,44,55.166666666666664
8108,67,39,54.291666666666664
8109,65,33,54.583333333333336
8110,67,31,53.875
8111,63,37,53.25
8112,67,44,54.625
8113,67,46,54.895833333333336
8114,66,41,54.875
8115,73,43,55.604166666666664
8116,72,43,54.145833333333336
8117,69,32,54.645833333333336
8118,64,42,53.416666666666664
8119,71,23,55.520833333333336
8120,65,37,54.604166666666664
8121,66,45,55.770833333333336
8122,67,30,53.520833333333336
8123,69,35,55.395833333333336
8124,66,41,55.916666666666664
8125,64,38,53.770833333333336
8126,65,31,54.541666666666664
8127,64,42,55.229166666666664
8128,68,39,54.916666666666664
8129,69,33,55.104166666666664
8130,65,31,52.729166666666664
8131,63,33,53.541666666666664
8132,68,41,54.395833333333336
8133,64,42,54.041666666666664
8134,63,34,53.854166666666664
8135,65,30,54.1875
8136,65,41,54.041666666666664
8137,66,33,56.8125
8138,70,39,53.958333333333336
8139,66,45,55.979166666666664
8140,67,35,54.479166666666664
8141,69,43,55.125
8142,70,39,55.9375
8143,67,39,54.770833333333336
8144,68,45,55.708333333333336
8145,68,42,55.354166666666664
8146,61,41,54.75
8147,66,45,55.5625
8148,62,42,53.291666666666664
8149,64,40,55.333333333333336
8150,71,45,56.479166666666664
8151,65,39,54.020833333333336
8152,67,43,54.145833333333336
8153,67,44,54.395833333333336
8154,73,31,55.0625
8155,69,37,54.291666666666664
8156,65,39,54.8125
8157,66,41,55.375
8158,70,32,54.75
8159,65,47,55.354166666666664
8160,68,43,54.979166666666664
8161,68,45,55.583333333333336
8162,64,40,54.4375
8163,67,42,56.416666666666664
8164,65,39,53.895833333333336
8165,67,42,55.25
8166,64,37,54.5
8167,68,46,55.333333333333336
8168,68,42,56.291666666666664
8169,67,43,54.291666666666664
8170,70,41,54.916666666666664
8171,70,37,53.8125
8172,66,38,54.708333333333336
8173,64,34,53.729166666666664
8174,65,37,53.979166666666664
8175,63,41,53.541666666666664
8176,65,45,55.458333333333336
8177,64,36,54.6875
8178,67,34,56.041666666666664
8179,66,31,55.916666666666664
8180,68,47,55.895833333333336
8181,68,46,55.791666666666664
8182,67,40,54.375
8183,64,45,55.25
8184,68,42,55.083333333333336
8185,69,45,55.916666666666664
8186,65,44,54.916666666666664
8187,68,36,55.1875
8188,66,46,54.020833333333336
8189,67,46,55.5
8190,68,40,55.395833333333336
8191,65,44,56.166666666666664
8192,65,46,55.395833333333336
8193,66,42,55.854166666666664
8194,64,44,55.8125
8195,68,43,56.604166666666664
8196,64,44,55.916666666666664
8197,64,46,54.520833333333336
8198,69,45,55.875
8199,74,44,55.458333333333336
8200,65,44,55.25
8201,69,45,55.145833333333336
8202,63,42,55.0625
8203,64,36,54.875
8204,67,43,55.8125
8205,65,41,55.5
8206,64,38,54.708333333333336
8207,68,44,56.0625
8208,67,45,55.5
8209,67,33,55.979166666666664
8210,73,20,54.291666666666664
8211,67,40,55.104166666666664
8212,69,39,54.916666666666664
8213,67,42,54.479166666666664
8214,72,19,54.833333333333336
8215,64,40,54.270833333333336
8216,67,45,54.083333333333336
8217,65,41,55.25
8218,68,26,53.854166666666664
8219,66,43,54.541666666666664
8220,65,42,53.708333333333336
8221,67,43,55.8125
8222,65,26,53.270833333333336
8223,66,41,53.375
8224,64,34,53.770833333333336
8225,69,46,55.083333333333336
8226,69,30,53.916666666666664
8227,69,43,55.895833333333336
8228,69,34,54.791666666666664
8229,64,47,55.895833333333336
8230,63,40,54.1875
8231,67,45,56.125
8232,64,42,54.645833333333336
8233,66,42,55.583333333333336
8234,66,45,55.8125
8235,68,27,54.416666666666664
8236,66,47,55.291666666666664
8237,65,38,54.291666666666664
8238,67,40,53.958333333333336
8239,68,38,55.354166666666664
8240,66,47,56.0
8241,65,34,55.020833333333336
8242,70,41,55.6875
8243,65,38,54.208333333333336
8244,70,46,57.0625
8245,66,36,55.895833333333336
8246,66,43,54.666666666666664
8247,65,34,54.166666666666664
8248,65,41,54.541666666666664
8249,67,45,56.395833333333336
8250,67,42,55.041666666666664
8251,69,41,56.083333333333336
8252,64,37,54.25
8253,66,45,56.541666666666664
8254,65,43,54.208333333333336
8255,62,35,53.895833333333336
8256,66,43,54.979166666666664
8257,62,44,55.6875
8258,69,38,56.041666666666664
8259,66,39,54.416666666666664
8260,64,40,54.333333333333336
8261,65,42,55.125
8262,67,46,55.270833333333336
8263,69,30,53.895833333333336
8264,64,28,52.541666666666664
8265,64,40,54.9375
8266,69,35,54.604166666666664
8267,66,36,55.479166666666664
8268,63,39,53.520833333333336
8269,65,36,54.6875
8270,66,37,53.958333333333336
8271,64,40,53.5625
8272,66,19,53.083333333333336
8273,62,36,53.9375
8274,66,43,56.854166666666664
8275,66,41,53.833333333333336
8276,68,46,54.25
8277,66,41,55.354166666666664
8278,68,27,54.333333333333336
8279,69,41,54.916666666666664
8280,68,40,55.291666666666664
8281,64,37,51.958333333333336
8282,64,43,53.625
8283,63,40,53.791666666666664
8284,64,30,54.104166666666664
8285,66,34,52.604166666666664
8286,69,44,55.6875
8287,66,45,55.5
8288,67,44,56.208333333333336
8289,67,40,56.083333333333336
8290,68,40,55.625
8291,66,38,54.416666666666664
8292,66,48,56.5625
8293,68,40,54.854166666666664
8294,66,34,55.3125
8295,68,35,54.104166666666664
8296,70,35,54.395833333333336
8297,67,45,55.1875
8298,65,47,56.104166666666664
8299,72,32,55.083333333333336
8300,65,37,54.729166666666664
8301,65,47,55.9375
8302,70,39,53.791666666666664
8303,63,38,54.270833333333336
8304,73,11,54.875
8305,71,43,54.770833333333336
8306,68,39,55.125
8307,65,39,56.208333333333336
8308,66,40,55.625
8309,65,43,55.541666666666664
8310,69,43,54.875
8311,65,35,54.104166666666664
8312,65,32,53.791666666666664
8313,65,36,55.958333333333336
8314,66,44,55.375
8315,64,26,52.729166666666664
8316,67,24,54.291666666666664
8317,70,43,55.645833333333336
8318,64,37,53.520833333333336
8319,67,34,54.0625
8320,65,26,53.166666666666664
8321,73,41,55.895833333333336
8322,65,33,54.9375
8323,68,43,54.333333333333336
8324,68,40,55.375
8325,65,42,55.541666666666664
8326,68,39,55.0
8327,64,32,55.729166666666664
8328,67,40,55.020833333333336
8329,66,39,55.104166666666664
8330,66,33,54.958333333333336
8331,67,30,55.895833333333336
8332,62,40,54.104166666666664
8333,66,37,54.541666666666664
8334,68,44,55.416666666666664
8335,66,38,53.9375
8336,65,38,56.041666666666664
8337,67,37,52.958333333333336
8338,68,29,54.541666666666664
8339,67,29,54.833333333333336
8340,66,46,54.416666666666664
8341,63,30,54.229166666666664
8342,68,42,55.3125
8343,66,41,55.4375
8344,67,37,56.291666666666664
8345,67,31,53.875
8346,66,42,55.416666666666664
8347,63,37,54.166666666666664
8348,66,37,54.8125
8349,68,37,53.479166666666664
8350,68,35,53.395833333333336
8351,67,31,55.020833333333336
8352,68,33,54.3125
8353,69,40,54.729166666666664
8354,63,37,53.75
8355,63,32,53.770833333333336
8356,63,41,54.041666666666664
8357,64,36,54.666666666666664
8358,71,45,56.125
8359,67,44,55.25
8360,63,42,55.708333333333336
8361,67,43,55.625
8362,67,38,55.708333333333336
8363,65,38,54.333333333333336
8364,69,42,55.083333333333336
8365,68,36,52.208333333333336
8366,66,16,55.1875
8367,67,45,55.125
8368,65,34,54.041666666666664
8369,68,43,55.5625
8370,68,44,54.833333333333336
8371,65,32,55.354166666666664
8372,64,32,54.791666666666664
8373,68,41,57.291666666666664
8374,66,46,56.541666666666664
8375,68,42,54.729166666666664
8376,65,45,56.6875
8377,67,37,55.166666666666664
8378,64,45,55.416666666666664
8379,68,44,55.729166666666664
8380,64,46,55.8125
8381,65,39,54.166666666666664
8382,65,39,54.375
8383,65,47,55.104166666666664
8384,68,45,55.1875
8385,70,46,56.145833333333336
8386,65,22,54.395833333333336
8387,63,38,56.083333333333336
8388,65,45,55.25
8389,65,44,55.9375
8390,66,44,54.416666666666664
8391,67,38,54.395833333333336
8392,69,43,55.333333333333336
8393,65,42,54.645833333333336
8394,70,40,55.895833333333336
8395,68,42,53.833333333333336
8396,65,41,54.854166666666664
8397,65,40,54.166666666666664
8398,66,45,54.708333333333336
8399,69,35,54.708333333333336
8400,70,42,55.645833333333336
8401,70,45,56.083333333333336
8402,69,39,55.208333333333336
8403,65,32,54.395833333333336
8404,69,43,55.395833333333336
8405,67,32,54.104166666666664
8406,67,38,54.395833333333336
8407,65,42,54.375
8408,66,43,54.375
8409,66,32,54.9375
8410,65,31,54.729166666666664
8411,65,36,54.9375
8412,66,43,55.25
8413,65,42,55.166666666666664
8414,64,42,54.875
8415,67,44,54.791666666666664
8416,65,37,53.895833333333336
8417,67,37,55.208333333333336
8418,65,41,54.604166666666664
8419,64,43,54.520833333333336
8420,65,37,55.625
8421,66,42,55.9375
8422,68,39,53.8125
8423,65,39,54.958333333333336
8424,68,34,54.395833333333336
8425,67,45,55.354166666666664
8426,68,13,52.645833333333336
8427,66,43,55.104166666666664
8428,67,44,57.145833333333336
8429,71,29,53.583333333333336
8430,68,37,54.770833333333336
8431,65,34,55.1875
8432,64,45,55.25
8433,67,40,53.229166666666664
8434,63,28,54.0625
8435,64,42,55.104166666666664
8436,64,32,52.833333333333336
8437,68,32,53.5
8438,66,41,54.604166666666664
8439,67,45,55.354166666666664
8440,66,31,53.0
8441,65,39,54.5625
8442,66,43,53.8125
8443,67,31,54.1875
8444,69,26,54.9375
8445,64,37,53.479166666666664
8446,66,30,52.895833333333336
8447,64,43,55.583333333333336
8448,68,29,54.791666666666664
8449,65,44,54.645833333333336
8450,68,40,54.3125
8451,67,40,56.5625
8452,68,42,54.166666666666664
8453,68,46,55.166666666666664
8454,63,39,53.895833333333336
8455,66,42,55.4375
8456,67,39,55.708333333333336
8457,67,23,53.458333333333336
8458,71,40,55.1875
8459,71,37,55.041666666666664
8460,70,41,55.270833333333336
8461,67,36,53.770833333333336
8462,66,39,55.145833333333336
8463,66,46,55.229166666666664
8464,69,37,53.583333333333336
8465,65,44,54.958333333333336
8466,67,46,54.520833333333336
8467,69,39,56.520833333333336
8468,69,40,55.416666666666664
8469,64,41,55.083333333333336
8470,66,36,53.479166666666664
8471,65,44,56.333333333333336
8472,69,41,54.604166666666664
8473,65,40,53.875
8474,65,41,54.9375
8475,71,39,54.791666666666664
8476,65,32,54.4375
8477,66,38,54.833333333333336
8478,65,39,55.416666666666664
8479,68,41,54.770833333333336
8480,65,43,54.916666666666664
8481,65,44,55.479166666666664
8482,66,24,54.145833333333336
8483,65,35,54.583333333333336
8484,65,42,55.0
8485,67,33,55.0
8486,67,41,55.229166666666664
8487,69,43,54.333333333333336
8488,66,36,55.729166666666664
8489,65,42,55.333333333333336
8490,66,46,55.666666666666664
8491,70,42,55.270833333333336
8492,67,41,54.3125
8493,63,41,54.666666666666664
8494,69,31,53.416666666666664
8495,65,33,54.479166666666664
8496,69,41,55.583333333333336
8497,69,33,55.208333333333336
8498,68,38,55.125
8499,69,40,53.5625
8500,64,32,53.416666666666664
8501,68,37,53.875
8502,68,46,55.979166666666664
8503,66,30,52.9375
8504,64,33,52.895833333333336
8505,62,35,54.083333333333336
8506,65,41,53.729166666666664
8507,64,31,52.75
8508,71,39,54.375
8509,67,35,55.729166666666664
8510,69,21,52.1875
8511,65,33,53.625
8512,65,37,54.770833333333336
8513,66,40,54.5625
8514,65,20,50.666666666666664
8515,65,41,54.6875
8516,65,36,53.770833333333336
8517,67,34,54.895833333333336
8518,67,29,54.354166666666664
8519,68,43,55.145833333333336
8520,70,36,52.958333333333336
8521,71,25,53.354166666666664
8522,64,26,52.916666666666664
8523,70,34,55.291666666666664
8524,65,37,52.708333333333336
8525,64,32,53.604166666666664
8526,61,31,53.583333333333336
8527,70,39,54.041666666666664
8528,64,30,54.375
8529,63,44,54.270833333333336
8530,66,45,55.833333333333336
8531,68,42,55.854166666666664
8532,72,23,53.583333333333336
8533,68,34,55.0625
8534,65,38,53.875
8535,66,24,51.9375
8536,65,35,52.541666666666664
8537,68,43,55.208333333333336
8538,66,28,54.145833333333336
8539,69,40,55.083333333333336
8540,65,43,54.75
8541,65,44,54.875
8542,66,31,53.9375
8543,72,44,55.208333333333336
8544,65,37,53.916666666666664
8545,65,28,54.958333333333336
8546,67,44,53.6875
8547,65,34,53.833333333333336
8548,67,32,55.458333333333336
8549,68,29,54.770833333333336
8550,65,45,55.645833333333336
8551,63,47,55.666666666666664
8552,64,40,55.083333333333336
8553,64,42,55.5625
8554,65,35,54.166666666666664
8555,65,45,55.3125
8556,65,20,55.25
8557,72,32,54.958333333333336
8558,65,38,55.229166666666664
8559,66,42,55.083333333333336
8560,63,38,54.041666666666664
8561,65,43,54.729166666666664
8562,64,43,55.875
8563,64,45,54.4375
8564,68,43,54.833333333333336
8565,69,42,55.520833333333336
8566,66,31,53.895833333333336
8567,66,34,53.6875
8568,65,45,55.291666666666664
8569,64,35,53.958333333333336
8570,67,39,55.1875
8571,64,40,54.5625
8572,67,40,53.5
8573,69,28,52.5625
8574,66,40,55.354166666666664
8575,68,45,55.104166666666664
8576,69,34,55.458333333333336
8577,67,28,54.458333333333336
8578,68,37,54.0
8579,66,42,55.645833333333336
8580,67,42,55.604166666666664
8581,66,38,53.770833333333336
8582,69,29,53.375
8583,65,40,54.520833333333336
8584,65,31,54.520833333333336
8585,64,41,55.4375
8586,65,36,53.333333333333336
8587,67,37,56.0
8588,66,41,54.375
8589,65,36,54.166666666666664
8590,68,45,57.270833333333336
8591,65,38,54.0
8592,67,45,55.333333333333336
8593,65,41,54.520833333333336
8594,69,35,56.041666666666664
8595,64,38,55.020833333333336
8596,68,41,54.791666666666664
8597,67,39,54.458333333333336
8598,67,33,54.0625
8599,63,43,54.6875
8600,65,43,55.291666666666664
8601,69,40,55.541666666666664
8602,67,31,53.604166666666664
8603,69,43,56.145833333333336
8604,71,36,54.854166666666664
8605,65,34,52.9375
8606,67,39,53.458333333333336
8607,69,36,55.583333333333336
8608,66,38,53.291666666666664
8609,69,42,53.604166666666664
8610,69,33,54.104166666666664
8611,66,34,54.8125
8612,66,34,54.75
8613,67,40,54.645833333333336
8614,66,34,55.8125
8615,64,32,54.770833333333336
8616,65,33,54.666666666666664
8617,66,29,54.354166666666664
8618,66,33,53.125
8619,66,33,54.583333333333336
8620,68,39,55.6875
8621,68,33,52.145833333333336
8622,66,41,57.5
8623,63,41,54.0
8624,69,26,54.270833333333336
8625,66,37,53.458333333333336
8626,69,7,53.583333333333336
8627,67,27,54.770833333333336
8628,67,30,55.0625
8629,64,44,54.3125
8630,62,36,53.583333333333336
8631,66,37,53.208333333333336
8632,65,45,55.0625
8633,65,20,53.291666666666664
8634,65,42,54.645833333333336
8635,71,25,54.75
8636,65,35,53.625
8637,65,39,53.8125
8638,68,23,55.708333333333336
8639,66,28,53.729166666666664
8640,65,40,54.166666666666664
8641,66,43,54.645833333333336
8642,64,35,53.375
8643,70,34,54.3125
8644,66,35,54.8125
8645,67,35,55.416666666666664
8646,66,42,54.104166666666664
8647,67,46,54.708333333333336
8648,67,42,55.0
8649,67,41,54.9375
8650,65,30,54.25
8651,66,38,54.3125
8652,64,40,54.333333333333336
8653,68,44,55.333333333333336
8654,67,25,54.208333333333336
8655,67,40,55.125
8656,68,28,53.729166666666664
8657,67,41,54.541666666666664
8658,64,45,56.041666666666664
8659,66,11,53.5
8660,64,40,54.541666666666664
8661,64,39,53.375
8662,64,42,54.729166666666664
8663,71,31,54.8125
8664,65,39,56.791666666666664
8665,65,32,54.270833333333336
8666,69,19,54.229166666666664
8667,70,35,54.104166666666664
8668,62,36,54.833333333333336
8669,65,26,53.125
8670,68,22,52.895833333333336
8671,68,39,54.958333333333336
8672,69,32,55.083333333333336
8673,68,33,53.958333333333336
8674,74,39,55.104166666666664
8675,72,27,53.645833333333336
8676,67,37,53.458333333333336
8677,69,38,56.395833333333336
8678,67,30,54.166666666666664
8679,66,43,55.354166666666664
8680,66,21,54.041666666666664
8681,62,41,54.395833333333336
8682,68,39,55.5625
8683,68,34,53.270833333333336
8684,66,31,53.25
8685,71,37,54.6875
8686,65,37,53.479166666666664
8687,67,36,53.333333333333336
8688,68,39,55.520833333333336
8689,62,41,52.4375
8690,69,38,55.166666666666664
8691,67,28,54.125
8692,64,31,54.291666666666664
8693,69,39,54.770833333333336
8694,66,37,54.75
8695,66,32,54.25
8696,64,21,52.104166666666664
8697,68,29,55.208333333333336
8698,65,31,54.291666666666664
8699,63,42,54.416666666666664
8700,68,38,53.854166666666664
8701,66,33,54.4375
8702,64,37,53.145833333333336
8703,63,36,54.333333333333336
8704,68,46,56.229166666666664
8705,63,44,55.25
8706,63,38,53.895833333333336
8707,68,37,55.5625
8708,63,37,51.6875
8709,67,41,54.375
8710,67,39,54.4375
8711,69,38,52.791666666666664
8712,66,36,53.625
8713,66,46,55.729166666666664
8714,68,34,53.9375
8715,64,32,54.291666666666664
8716,64,31,54.166666666666664
8717,70,40,55.541666666666664
8718,65,33,53.708333333333336
8719,63,23,51.0
8720,65,27,52.8125
8721,67,35,53.416666666666664
8722,66,34,53.729166666666664
8723,65,26,51.833333333333336
8724,67,24,50.458333333333336
8725,71,13,52.666666666666664
8726,64,15,53.625
8727,62,27,54.458333333333336
8728,64,31,52.5625
8729,64,36,53.5625
8730,66,37,55.0625
8731,67,33,56.083333333333336
8732,65,33,53.895833333333336
8733,68,30,53.25
8734,68,26,51.958333333333336
8735,67,41,55.270833333333336
8736,65,42,53.020833333333336
8737,66,31,54.958333333333336
8738,69,42,55.645833333333336
8739,65,30,52.479166666666664
8740,61,44,54.125
8741,71,33,54.25
8742,65,32,53.354166666666664
8743,67,42,55.4375
8744,67,41,54.291666666666664
8745,68,33,54.291666666666664
8746,65,47,55.645833333333336
8747,67,33,54.520833333333336
8748,67,43,54.625
8749,64,24,52.958333333333336
8750,66,30,54.979166666666664
8751,72,42,54.895833333333336
8752,64,37,53.833333333333336
8753,71,36,55.166666666666664
8754,68,35,55.541666666666664
8755,64,36,52.583333333333336
8756,65,37,53.625
8757,62,30,53.770833333333336
8758,67,25,54.375
8759,70,31,55.145833333333336
8760,67,37,55.479166666666664
8761,68,37,56.083333333333336
8762,66,39,55.875
8763,65,42,54.020833333333336
8764,64,32,53.479166666666664
8765,65,40,55.708333333333336
8766,64,41,53.125
8767,64,27,53.291666666666664
8768,69,46,55.6875
8769,64,37,54.020833333333336
8770,66,35,54.395833333333336
8771,65,41,55.104166666666664
8772,66,28,53.916666666666664
8773,67,32,53.708333333333336
8774,63,39,54.9375
8775,70,44,56.208333333333336
8776,69,31,53.6875
8777,62,34,53.666666666666664
8778,66,36,55.104166666666664
8779,65,28,54.604166666666664
8780,70,44,55.875
8781,66,36,55.9375
8782,68,41,54.479166666666664
8783,66,37,53.479166666666664
8784,63,42,53.1875
8785,64,31,54.1875
8786,63,38,55.125
8787,67,27,53.916666666666664
8788,64,36,53.375
8789,68,24,54.770833333333336
8790,64,39,54.854166666666664
8791,67,37,53.291666666666664
8792,65,36,52.625
8793,65,29,53.291666666666664
8794,66,33,54.8125
8795,64,32,53.708333333333336
8796,65,37,53.729166666666664
8797,65,30,53.9375
8798,66,38,54.833333333333336
8799,64,28,52.208333333333336
8800,65,37,54.333333333333336
8801,68,36,55.4375
8802,67,36,53.125
8803,64,34,53.416666666666664
8804,72,35,54.708333333333336
8805,69,25,55.479166666666664
8806,65,39,54.9375
8807,65,41,53.645833333333336
8808,64,36,53.333333333333336
8809,66,43,54.583333333333336
8810,72,42,55.895833333333336
8811,65,48,55.979166666666664
8812,65,44,54.791666666666664
8813,67,41,53.166666666666664
8814,65,30,54.958333333333336
8815,65,30,54.708333333333336
8816,66,46,55.083333333333336
8817,72,41,55.104166666666664
8818,63,30,53.854166666666664
8819,65,31,52.0625
8820,68,33,53.333333333333336
8821,63,39,53.479166666666664
8822,71,41,56.520833333333336
8823,64,38,54.791666666666664
8824,65,17,52.354166666666664
8825,68,40,54.479166666666664
8826,66,36,56.625
8827,67,32,54.6875
8828,63,31,53.979166666666664
8829,67,45,55.8125
8830,67,41,54.583333333333336
8831,69,36,54.75
8832,63,38,54.1875
8833,71,40,56.125
8834,67,34,53.6875
8835,66,33,54.4375
8836,68,41,53.75
8837,61,42,54.770833333333336
8838,64,30,53.583333333333336
8839,66,45,55.895833333333336
8840,63,38,53.666666666666664
8841,65,44,56.125
8842,65,38,54.25
8843,70,21,55.520833333333336
8844,70,35,54.916666666666664
8845,67,44,55.604166666666664
8846,65,15,53.020833333333336
8847,66,23,53.270833333333336
8848,66,41,54.916666666666664
8849,65,43,54.520833333333336
8850,69,34,55.0625
8851,64,39,53.25
8852,63,40,53.833333333333336
8853,68,41,55.020833333333336
8854,67,27,55.625
8855,67,32,53.9375
8856,65,33,54.375
8857,65,30,53.583333333333336
8858,63,35,53.541666666666664
8859,64,45,55.416666666666664
8860,63,28,53.020833333333336
8861,70,34,54.6875
8862,66,27,53.833333333333336
8863,68,40,54.333333333333336
8864,68,39,55.166666666666664
8865,68,43,55.020833333333336
8866,65,41,54.3125
8867,67,42,54.916666666666664
8868,63,36,52.6875
8869,67,40,54.875
8870,70,31,55.854166666666664
8871,67,44,55.125
8872,66,41,55.833333333333336
8873,70,35,53.458333333333336
8874,67,37,52.291666666666664
8875,65,34,56.020833333333336
8876,66,38,54.104166666666664
8877,64,17,52.583333333333336
8878,64,26,54.229166666666664
8879,65,30,53.125
8880,64,22,53.125
8881,66,32,55.25
8882,66,32,54.520833333333336
8883,66,29,53.270833333333336
8884,65,25,54.895833333333336
8885,63,26,53.125
8886,67,28,54.541666666666664
8887,64,27,54.9375
8888,70,23,55.270833333333336
8889,69,44,56.083333333333336
8890,68,35,53.666666666666664
8891,63,47,55.5625
8892,68,42,56.083333333333336
8893,65,43,54.729166666666664
8894,67,33,54.229166666666664
8895,68,41,53.666666666666664
8896,65,25,53.291666666666664
8897,66,37,54.1875
8898,64,33,54.083333333333336
8899,67,36,55.354166666666664
8900,66,40,53.645833333333336
8901,69,45,55.041666666666664
8902,65,36,54.104166666666664
8903,64,43,54.25
8904,64,40,55.3125
8905,64,38,54.4375
8906,68,39,53.5625
8907,67,46,55.229166666666664
8908,68,39,55.083333333333336
8909,74,33,55.458333333333336
8910,63,29,53.854166666666664
8911,69,38,55.354166666666664
8912,68,38,56.020833333333336
8913,62,41,55.041666666666664
8914,70,35,54.625
8915,65,34,53.979166666666664
8916,65,39,53.208333333333336
8917,64,34,53.6875
8918,69,41,54.0625
8919,66,30,53.104166666666664
8920,66,29,53.520833333333336
8921,66,40,54.1875
8922,65,22,53.166666666666664
8923,65,39,54.895833333333336
8924,65,33,54.270833333333336
8925,64,39,54.0
8926,67,28,54.770833333333336
8927,64,38,54.520833333333336
8928,67,41,55.333333333333336
8929,65,44,55.270833333333336
8930,65,20,53.6875
8931,67,43,55.270833333333336
8932,64,39,55.0625
8933,63,27,53.270833333333336
8934,63,36,54.458333333333336
8935,64,40,54.4375
8936,68,39,54.229166666666664
8937,66,34,54.979166666666664
8938,66,22,52.666666666666664
8939,66,32,54.270833333333336
8940,66,36,52.75
8941,68,39,55.145833333333336
8942,64,29,53.729166666666664
8943,66,46,55.958333333333336
8944,63,36,53.458333333333336
8945,66,39,53.166666666666664
8946,66,22,53.104166666666664
8947,67,24,53.979166666666664
8948,75,38,55.041666666666664
8949,65,42,54.583333333333336
8950,68,31,53.5625
8951,66,37,54.020833333333336
8952,65,30,54.416666666666664
8953,67,42,55.458333333333336
8954,68,38,54.520833333333336
8955,65,44,55.020833333333336
8956,71,30,55.729166666666664
8957,68,32,54.875
8958,68,36,56.083333333333336
8959,63,34,54.625
8960,71,45,56.9375
8961,66,34,54.520833333333336
8962,65,28,54.020833333333336
8963,62,24,53.145833333333336
8964,64,36,52.958333333333336
8965,69,28,54.6875
8966,67,38,54.166666666666664
8967,70,40,54.25
8968,70,30,54.041666666666664
8969,64,26,53.0625
8970,68,33,53.4375
8971,67,39,54.604166666666664
8972,63,26,52.958333333333336
8973,67,36,53.041666666666664
8974,66,30,54.8125
8975,66,40,55.729166666666664
8976,68,36,54.458333333333336
8977,69,36,54.041666666666664
8978,66,35,54.166666666666664
8979,68,45,54.979166666666664
8980,66,34,53.145833333333336
8981,70,46,56.395833333333336
8982,66,39,56.291666666666664
8983,73,40,55.083333333333336
8984,65,33,54.479166666666664
8985,64,42,54.708333333333336
8986,64,36,53.708333333333336
8987,66,37,55.270833333333336
8988,68,37,54.791666666666664
8989,71,40,53.875
8990,65,42,54.708333333333336
8991,64,23,53.833333333333336
8992,66,31,53.083333333333336
8993,67,42,54.5
8994,68,30,55.416666666666664
8995,64,36,55.625
8996,66,43,54.5625
8997,71,17,53.604166666666664
8998,66,36,54.0
8999,66,39,55.333333333333336
9000,66,43,55.770833333333336
9001,65,37,54.1875
9002,66,30,52.645833333333336
9003,69,23,56.020833333333336
9004,66,31,54.25
9005,66,44,56.166666666666664
9006,64,41,53.9375
9007,67,40,55.479166666666664
9008,66,41,55.791666666666664
9009,66,38,54.3125
9010,67,43,54.625
9011,66,45,55.208333333333336
9012,64,41,55.125
9013,68,40,54.708333333333336
9014,70,43,56.083333333333336
9015,66,39,54.916666666666664
9016,66,40,53.916666666666664
9017,71,37,55.104166666666664
9018,67,44,55.395833333333336
9019,64,44,54.645833333333336
9020,69,42,56.270833333333336
9021,66,41,55.166666666666664
9022,66,31,53.291666666666664
9023,68,45,55.375
9024,69,31,54.729166666666664
9025,63,25,53.770833333333336
9026,67,34,55.666666666666664
9027,67,27,52.333333333333336
9028,66,35,55.3125
9029,69,35,53.354166666666664
9030,68,34,55.0625
9031,67,32,55.666666666666664
9032,71,37,55.229166666666664
9033,71,32,54.270833333333336
9034,69,41,54.604166666666664
9035,69,38,55.5
9036,65,34,53.375
9037,66,29,53.125
9038,67,39,55.291666666666664
9039,69,35,55.041666666666664
9040,68,28,53.458333333333336
9041,65,39,55.5625
9042,65,31,54.708333333333336
9043,71,33,55.0
9044,68,42,55.541666666666664
9045,68,43,54.625
9046,67,40,54.833333333333336
9047,67,38,54.958333333333336
9048,66,38,55.729166666666664
9049,66,31,55.791666666666664
9050,67,41,53.5
9051,66,37,54.479166666666664
9052,64,40,53.5625
9053,63,22,53.541666666666664
9054,65,34,52.625
9055,67,36,53.666666666666664
9056,65,35,54.645833333333336
9057,68,29,53.791666666666664
9058,66,36,53.3125
9059,68,32,54.583333333333336
9060,65,32,52.5
9061,66,45,55.833333333333336
9062,65,33,54.583333333333336
9063,66,38,53.958333333333336
9064,73,25,54.166666666666664
9065,67,45,55.75
9066,66,35,54.708333333333336
9067,66,46,54.854166666666664
9068,65,38,54.854166666666664
9069,65,37,55.5625
9070,69,22,54.75
9071,65,38,53.791666666666664
9072,65,44,55.958333333333336
9073,66,45,56.4375
9074,65,41,53.833333333333336
9075,64,44,54.666666666666664
9076,68,46,57.083333333333336
9077,64,37,54.104166666666664
9078,64,42,55.895833333333336
9079,69,43,55.020833333333336
9080,69,42,53.9375
9081,65,44,54.895833333333336
9082,64,26,55.854166666666664
9083,67,42,54.395833333333336
9084,67,39,55.458333333333336
9085,63,43,55.75
9086,69,35,55.354166666666664
9087,67,25,55.25
9088,66,41,52.729166666666664
9089,67,41,54.458333333333336
9090,68,40,56.375
9091,67,32,54.916666666666664
9092,65,37,55.75
9093,65,38,55.104166666666664
9094,68,32,54.395833333333336
9095,67,38,54.75
9096,67,41,54.854166666666664
9097,64,46,55.604166666666664
9098,66,31,55.166666666666664
9099,66,33,55.041666666666664
9100,62,38,53.583333333333336
9101,67,35,54.5
9102,70,31,53.875
9103,65,35,53.395833333333336
9104,63,37,54.229166666666664
9105,68,33,55.5625
9106,65,38,54.1875
9107,63,44,53.6875
9108,68,41,54.541666666666664
9109,66,31,54.0
9110,68,30,54.354166666666664
9111,64,41,53.833333333333336
9112,68,43,54.645833333333336
9113,66,33,54.375
9114,70,37,54.0
9115,65,48,55.3125
9116,68,32,55.0
9117,69,38,55.604166666666664
9118,64,37,53.770833333333336
9119,69,36,55.229166666666664
9120,67,43,54.333333333333336
9121,63,44,54.604166666666664
9122,64,41,54.958333333333336
9123,67,40,54.916666666666664
9124,69,44,54.229166666666664
9125,66,37,54.541666666666664
9126,69,36,55.0
9127,71,45,56.333333333333336
9128,64,35,54.354166666666664
9129,64,12,53.8125
9130,63,31,53.583333333333336
9131,65,33,51.854166666666664
9132,68,40,57.125
9133,66,37,54.458333333333336
9134,66,42,54.958333333333336
9135,68,29,54.416666666666664
9136,63,42,54.333333333333336
9137,62,33,54.208333333333336
9138,66,41,55.3125
9139,65,43,54.854166666666664
9140,66,42,56.291666666666664
9141,66,39,55.5
9142,67,35,53.708333333333336
9143,69,42,54.4375
9144,67,39,54.270833333333336
9145,65,38,54.75
9146,63,35,54.145833333333336
9147,66,40,53.375
9148,66,44,54.791666666666664
9149,67,43,54.479166666666664
9150,66,27,54.145833333333336
9151,64,43,55.375
9152,66,13,54.208333333333336
9153,67,33,52.833333333333336
9154,69,43,55.125
9155,64,28,53.208333333333336
9156,68,38,54.375
9157,66,44,55.5625
9158,68,42,53.854166666666664
9159,67,17,54.270833333333336
9160,63,41,53.208333333333336
9161,66,40,54.75
9162,63,25,53.854166666666664
9163,64,37,53.625
9164,67,45,55.833333333333336
9165,69,39,54.291666666666664
9166,67,38,53.9375
9167,64,35,53.729166666666664
9168,70,37,54.645833333333336
9169,67,43,54.6875
9170,69,43,56.583333333333336
9171,65,35,54.395833333333336
9172,67,29,55.5
9173,68,38,55.208333333333336
9174,64,37,54.895833333333336
9175,67,43,56.4375
9176,64,28,54.520833333333336
9177,68,44,55.333333333333336
9178,68,39,55.583333333333336
9179,65,38,54.041666666666664
9180,68,27,52.854166666666664
9181,71,38,53.604166666666664
9182,68,34,54.541666666666664
9183,66,39,55.375
9184,69,32,54.229166666666664
9185,63,38,54.895833333333336
9186,65,39,53.770833333333336
9187,66,40,55.0625
9188,69,29,54.625
9189,69,45,56.166666666666664
9190,66,30,52.875
9191,62,40,54.75
9192,64,39,54.604166666666664
9193,65,44,54.4375
9194,63,39,53.4375
9195,63,26,52.145833333333336
9196,68,39,54.125
9197,71,36,54.458333333333336
9198,70,35,54.583333333333336
9199,68,37,55.604166666666664
9200,69,36,54.5
9201,69,17,55.104166666666664
9202,65,33,54.145833333333336
9203,63,37,54.041666666666664
9204,66,38,55.520833333333336
9205,65,34,53.416666666666664
9206,71,39,54.708333333333336
9207,67,30,54.083333333333336
9208,69,40,55.895833333333336
9209,64,44,55.520833333333336
9210,62,39,53.770833333333336
9211,70,33,55.791666666666664
9212,64,28,55.104166666666664
9213,66,40,56.083333333333336
9214,67,41,56.229166666666664
9215,66,36,54.75
9216,63,36,55.25
9217,64,44,54.833333333333336
9218,66,39,55.229166666666664
9219,65,40,53.75
9220,65,37,53.395833333333336
9221,68,36,54.854166666666664
9222,65,38,54.458333333333336
9223,67,41,53.958333333333336
9224,64,30,54.145833333333336
9225,66,32,53.791666666666664
9226,64,39,54.875
9227,70,33,54.083333333333336
9228,67,35,54.916666666666664
9229,67,35,53.5
9230,74,22,54.208333333333336
9231,65,35,53.354166666666664
9232,67,33,52.854166666666664
9233,65,39,54.520833333333336
9234,66,43,54.5
9235,67,42,55.854166666666664
9236,62,32,52.333333333333336
9237,67,23,54.333333333333336
9238,66,13,52.520833333333336
9239,66,42,53.6875
9240,69,40,54.416666666666664
9241,67,37,53.5625
9242,66,40,55.4375
9243,67,25,54.5625
9244,65,39,54.25
9245,70,32,54.833333333333336
9246,67,27,52.208333333333336
9247,66,39,53.541666666666664
9248,65,34,53.604166666666664
9249,64,34,54.625
9250,68,38,52.8125
9251,66,24,51.104166666666664
9252,65,31,53.208333333333336
9253,66,33,52.6875
9254,66,36,53.791666666666664
9255,64,30,53.625
9256,69,33,54.6875
9257,65,35,52.5
9258,66,35,54.291666666666664
9259,65,31,53.229166666666664
9260,68,37,53.770833333333336
9261,66,36,54.25
9262,66,34,54.291666666666664
9263,68,30,53.666666666666664
9264,66,29,54.083333333333336
9265,62,21,52.520833333333336
9266,66,31,53.083333333333336
9267,65,32,52.708333333333336
9268,65,31,54.395833333333336
9269,65,43,54.270833333333336
9270,65,25,52.5
9271,65,42,53.791666666666664
9272,65,30,52.520833333333336
9273,69,27,54.166666666666664
9274,68,39,56.270833333333336
9275,68,39,54.4375
9276,70,34,53.020833333333336
9277,69,42,54.8125
9278,67,37,54.541666666666664
9279,63,42,54.625
9280,64,39,55.270833333333336
9281,68,39,54.1875
9282,68,32,52.770833333333336
9283,66,26,54.5625
9284,67,31,55.0
9285,65,40,55.020833333333336
9286,66,44,55.645833333333336
9287,65,29,54.229166666666664
9288,66,39,54.958333333333336
9289,68,41,54.3125
9290,64,38,54.354166666666664
9291,65,33,54.270833333333336
9292,63,40,53.833333333333336
9293,64,42,54.291666666666664
9294,66,38,54.145833333333336
9295,64,37,52.708333333333336
9296,65,29,54.5
9297,67,35,54.729166666666664
9298,65,39,54.791666666666664
9299,68,46,55.208333333333336
9300,66,35,54.5
9301,68,38,56.520833333333336
9302,67,37,54.625
9303,67,42,55.083333333333336
9304,65,35,53.541666666666664
9305,66,39,54.354166666666664
9306,69,43,55.520833333333336
9307,70,41,55.833333333333336
9308,69,30,54.5625
9309,64,30,53.208333333333336
9310,64,37,52.854166666666664
9311,69,40,54.541666666666664
9312,66,33,54.270833333333336
9313,67,37,55.0
9314,64,40,55.9375
9315,64,42,54.770833333333336
9316,67,42,54.520833333333336
9317,63,30,53.729166666666664
9318,63,43,54.625
9319,67,34,54.708333333333336
9320,65,41,55.0625
9321,64,44,54.625
9322,69,32,54.645833333333336
9323,64,35,53.5
9324,67,42,54.645833333333336
9325,65,37,55.416666666666664
9326,65,34,55.145833333333336
9327,64,48,55.520833333333336
9328,65,47,55.166666666666664
9329,67,43,55.958333333333336
9330,67,17,54.166666666666664
9331,68,40,54.354166666666664
9332,66,44,55.5625
9333,64,23,53.395833333333336
9334,66,42,54.145833333333336
9335,64,39,54.3125
9336,66,38,54.729166666666664
9337,65,39,53.895833333333336
9338,69,43,55.083333333333336
9339,65,34,54.041666666666664
9340,65,45,54.541666666666664
9341,68,39,55.145833333333336
9342,67,35,54.541666666666664
9343,64,39,54.791666666666664
9344,64,39,55.208333333333336
9345,67,42,55.520833333333336
9346,64,44,53.833333333333336
9347,71,35,55.208333333333336
9348,68,43,55.770833333333336
9349,62,41,54.208333333333336
9350,68,30,55.125
9351,70,47,56.416666666666664
9352,69,43,55.375
9353,69,41,55.375
9354,71,43,56.3125
9355,66,43,55.1875
9356,70,34,55.333333333333336
9357,70,45,55.895833333333336
9358,63,36,53.479166666666664
9359,63,41,54.729166666666664
9360,70,35,54.4375
9361,67,22,54.895833333333336
9362,66,39,55.1875
9363,65,32,53.854166666666664
9364,69,15,54.166666666666664
9365,67,22,53.875
9366,69,36,54.229166666666664
9367,65,37,53.916666666666664
9368,66,9,54.604166666666664
9369,70,23,53.666666666666664
9370,64,27,53.479166666666664
9371,69,38,54.166666666666664
9372,65,23,50.479166666666664
9373,64,25,53.770833333333336
9374,71,43,54.895833333333336
9375,66,37,54.208333333333336
9376,69,33,54.041666666666664
9377,67,38,57.208333333333336
9378,65,44,55.020833333333336
9379,66,42,55.041666666666664
9380,67,33,54.854166666666664
9381,66,30,53.625
9382,70,38,54.1875
9383,66,35,54.3125
9384,63,37,54.666666666666664
9385,63,34,54.0625
9386,65,42,55.125
9387,66,37,53.645833333333336
9388,69,21,54.333333333333336
9389,67,32,55.145833333333336
9390,69,42,56.875
9391,64,41,54.25
9392,67,46,55.479166666666664
9393,63,37,54.25
9394,64,48,55.375
9395,66,46,55.4375
9396,65,40,54.791666666666664
9397,67,47,56.229166666666664
9398,68,45,55.020833333333336
9399,66,45,55.270833333333336
9400,68,40,54.291666666666664
9401,67,32,55.4375
9402,66,40,55.645833333333336
9403,67,40,54.541666666666664
9404,62,36,53.520833333333336
9405,67,34,55.520833333333336
9406,67,41,54.645833333333336
9407,65,45,55.375
9408,68,44,56.0
9409,68,37,54.645833333333336
9410,66,28,54.0625
9411,72,28,55.125
9412,69,36,55.6875
9413,66,40,55.770833333333336
9414,63,36,54.1875
9415,74,33,53.979166666666664
9416,64,46,55.041666666666664
9417,72,30,55.666666666666664
9418,68,29,52.833333333333336
9419,65,32,54.708333333333336
9420,67,31,53.0
9421,62,34,54.4375
9422,65,39,53.6875
9423,66,37,54.3125
9424,65,46,55.375
9425,67,45,56.041666666666664
9426,70,46,55.854166666666664
9427,66,39,54.104166666666664
9428,67,38,56.291666666666664
9429,66,35,55.25
9430,67,42,55.104166666666664
9431,66,42,53.9375
9432,66,37,53.979166666666664
9433,70,39,56.0
9434,64,41,54.041666666666664
9435,68,44,56.020833333333336
9436,66,43,54.541666666666664
9437,71,37,53.645833333333336
9438,67,39,53.8125
9439,64,38,53.75
9440,63,41,55.041666666666664
9441,66,32,52.0
9442,66,26,53.5
9443,72,31,54.395833333333336
9444,68,39,55.5625
9445,65,43,53.5625
9446,70,44,55.083333333333336
9447,67,38,54.0625
9448,64,41,54.354166666666664
9449,64,39,53.6875
9450,66,39,53.916666666666664
9451,65,23,53.729166666666664
9452,69,35,54.208333333333336
9453,65,31,53.25
9454,63,34,53.895833333333336
9455,64,45,54.916666666666664
9456,66,41,55.895833333333336
9457,63,42,54.708333333333336
9458,62,39,54.354166666666664
9459,67,39,54.9375
9460,65,39,54.854166666666664
9461,65,35,53.666666666666664
9462,64,33,53.354166666666664
9463,67,33,54.104166666666664
9464,66,43,55.75
9465,66,40,54.6875
9466,62,39,55.25
9467,64,40,54.145833333333336
9468,68,32,54.1875
9469,67,37,55.854166666666664
9470,70,41,55.4375
9471,65,47,55.375
9472,66,37,53.833333333333336
9473,65,29,55.0625
9474,67,44,55.0625
9475,67,45,56.645833333333336
9476,68,46,55.916666666666664
9477,64,42,54.375
9478,69,24,55.0625
9479,64,38,54.75
9480,65,42,55.6875
9481,65,34,53.541666666666664
9482,64,42,54.291666666666664
9483,65,43,55.333333333333336
9484,66,36,54.4375
9485,70,47,54.791666666666664
9486,67,41,54.145833333333336
9487,67,35,54.145833333333336
9488,67,40,53.8125
9489,67,44,55.166666666666664
9490,65,41,54.729166666666664
9491,67,43,55.666666666666664
9492,65,31,53.833333333333336
9493,66,37,53.8125
9494,69,48,56.916666666666664
9495,66,40,55.5
9496,65,41,54.854166666666664
9497,65,30,54.125
9498,68,41,54.333333333333336
9499,66,32,54.583333333333336
9500,64,42,55.583333333333336
9501,67,43,54.229166666666664
9502,67,41,53.979166666666664
9503,63,34,53.645833333333336
9504,66,38,53.604166666666664
9505,69,46,56.770833333333336
9506,68,43,54.375
9507,66,43,55.4375
9508,64,39,55.729166666666664
9509,67,34,53.5625
9510,70,37,54.333333333333336
9511,66,39,55.145833333333336
9512,67,38,55.166666666666664
9513,66,37,54.9375
9514,67,31,55.041666666666664
9515,64,40,55.041666666666664
9516,65,46,56.416666666666664
9517,67,39,54.854166666666664
9518,64,48,55.8125
9519,62,43,54.375
9520,62,36,53.416666666666664
9521,71,43,56.145833333333336
9522,63,41,55.1875
9523,66,45,55.729166666666664
9524,69,44,55.104166666666664
9525,65,35,54.041666666666664
9526,69,24,54.0625
9527,69,46,56.1875
9528,68,42,55.375
9529,67,46,56.270833333333336
9530,68,46,56.0
9531,66,42,55.729166666666664
9532,64,45,55.416666666666664
9533,63,45,54.875
9534,64,29,55.6875
9535,68,39,55.3125
9536,67,42,56.645833333333336
9537,66,42,55.354166666666664
9538,66,45,54.0
9539,66,20,54.541666666666664
9540,69,20,53.666666666666664
9541,67,17,54.541666666666664
9542,69,40,56.208333333333336
9543,70,30,53.583333333333336
9544,67,40,54.875
9545,74,39,55.625
9546,64,21,53.729166666666664
9547,67,24,54.8125
9548,67,15,54.979166666666664
9549,62,44,54.041666666666664
9550,70,34,53.833333333333336
9551,66,17,52.208333333333336
9552,67,45,55.208333333333336
9553,67,37,56.3125
9554,67,44,55.625
9555,69,43,54.125
9556,66,37,56.041666666666664
9557,66,44,55.5625
9558,68,40,55.979166666666664
9559,64,37,54.0
9560,64,34,54.0625
9561,65,45,55.395833333333336
9562,66,45,55.9375
9563,66,36,55.229166666666664
9564,67,40,55.125
9565,64,42,53.875
9566,67,44,55.395833333333336
9567,66,35,53.75
9568,67,45,55.75
9569,64,38,54.145833333333336
9570,66,39,55.104166666666664
9571,64,45,54.604166666666664
9572,66,45,55.104166666666664
9573,65,37,55.75
9574,66,39,55.0625
9575,69,40,54.916666666666664
9576,66,42,54.916666666666664
9577,61,48,55.0
9578,65,44,54.5625
9579,67,44,55.9375
9580,67,41,55.6875
9581,66,42,55.166666666666664
9582,69,34,55.5
9583,68,42,55.3125
9584,68,43,54.708333333333336
9585,66,43,54.416666666666664
9586,67,42,53.479166666666664
9587,63,41,53.583333333333336
9588,66,32,54.458333333333336
9589,64,37,52.520833333333336
9590,70,36,55.958333333333336
9591,67,41,55.333333333333336
9592,67,43,54.875
9593,66,39,54.395833333333336
9594,66,39,55.416666666666664
9595,66,39,54.8125
9596,65,44,54.895833333333336
9597,63,36,54.0625
9598,63,42,54.0625
9599,63,42,54.416666666666664
9600,63,41,54.5625
9601,67,42,55.208333333333336
9602,70,35,54.25
9603,66,26,54.479166666666664
9604,66,40,54.291666666666664
9605,67,45,55.229166666666664
9606,66,34,55.916666666666664
9607,63,43,55.145833333333336
9608,64,47,54.791666666666664
9609,68,32,53.854166666666664
9610,66,38,55.0625
9611,68,40,55.354166666666664
9612,64,40,53.916666666666664
9613,65,31,55.25
9614,66,41,55.125
9615,70,39,55.020833333333336
9616,62,36,55.270833333333336
9617,65,46,54.666666666666664
9618,67,38,55.833333333333336
9619,68,44,55.5625
9620,72,39,53.9375
9621,66,38,55.645833333333336
9622,64,41,54.541666666666664
9623,67,43,55.25
9624,64,40,54.645833333333336
9625,64,44,54.208333333333336
9626,64,22,52.8125
9627,65,36,54.833333333333336
9628,70,39,55.0
9629,66,35,54.833333333333336
9630,64,44,54.9375
9631,67,38,54.854166666666664
9632,67,39,56.104166666666664
9633,63,29,52.708333333333336
9634,65,39,54.666666666666664
9635,66,39,54.125
9636,66,35,54.791666666666664
9637,70,38,54.354166666666664
9638,65,39,53.1875
9639,67,42,55.708333333333336
9640,65,45,55.020833333333336
9641,66,35,55.375
9642,68,42,54.875
9643,66,39,53.875
9644,66,32,54.291666666666664
9645,66,32,54.625
9646,62,37,54.166666666666664
9647,65,42,54.395833333333336
9648,66,25,53.895833333333336
9649,70,38,55.104166666666664
9650,69,43,54.25
9651,63,36,53.75
9652,68,41,54.833333333333336
9653,70,33,52.958333333333336
9654,67,32,53.020833333333336
9655,67,37,53.3125
9656,66,42,54.208333333333336
9657,64,29,53.125
9658,63,23,54.270833333333336
9659,66,35,54.25
9660,68,48,56.604166666666664
9661,73,26,53.125
9662,66,37,55.0625
9663,68,42,55.0
9664,66,37,54.6875
9665,67,39,55.0
9666,67,36,53.895833333333336
9667,67,43,54.625
9668,65,36,54.645833333333336
9669,67,31,55.0625
9670,68,34,55.229166666666664
9671,65,22,55.333333333333336
9672,75,39,53.75
9673,65,34,54.958333333333336
9674,66,36,54.354166666666664
9675,66,39,54.645833333333336
9676,67,38,54.958333333333336
9677,68,39,56.0
9678,65,22,52.166666666666664
9679,74,37,55.9375
9680,64,44,54.520833333333336
9681,69,28,53.979166666666664
9682,65,36,54.604166666666664
9683,66,42,55.875
9684,64,25,54.916666666666664
9685,67,32,53.895833333333336
9686,66,39,52.291666666666664
9687,66,38,54.041666666666664
9688,64,36,54.333333333333336
9689,67,42,56.583333333333336
9690,63,41,54.020833333333336
9691,66,46,55.708333333333336
9692,66,35,53.25
9693,66,39,54.895833333333336
9694,66,22,54.479166666666664
9695,68,23,54.541666666666664
9696,64,38,52.645833333333336
9697,64,22,55.166666666666664
9698,63,31,54.583333333333336
9699,65,42,53.979166666666664
9700,66,24,54.041666666666664
9701,67,35,55.520833333333336
9702,63,44,55.041666666666664
9703,68,41,55.375
9704,66,41,54.8125
9705,65,45,55.125
9706,68,36,55.416666666666664
9707,68,40,54.229166666666664
9708,69,41,57.291666666666664
9709,71,42,54.479166666666664
9710,66,47,56.041666666666664
9711,67,43,55.0
9712,66,43,54.8125
9713,65,47,55.395833333333336
9714,65,42,53.645833333333336
9715,66,35,54.208333333333336
9716,68,47,56.0625
9717,65,44,55.145833333333336
9718,70,30,55.416666666666664
9719,64,37,55.604166666666664
9720,66,42,55.3125
9721,68,45,55.083333333333336
9722,69,45,55.770833333333336
9723,69,35,54.395833333333336
9724,70,44,55.729166666666664
9725,70,43,55.854166666666664
9726,68,38,54.604166666666664
9727,66,42,55.270833333333336
9728,67,30,54.729166666666664
9729,63,44,54.0
9730,71,32,54.958333333333336
9731,68,40,55.208333333333336
9732,68,44,55.666666666666664
9733,64,35,54.75
9734,65,43,55.25
9735,67,32,55.645833333333336
9736,66,37,54.291666666666664
9737,64,41,53.833333333333336
9738,73,40,55.291666666666664
9739,67,27,54.354166666666664
9740,66,43,54.166666666666664
9741,68,39,55.145833333333336
9742,67,41,55.5625
9743,67,37,54.020833333333336
9744,66,43,54.854166666666664
9745,69,42,54.729166666666664
9746,64,37,54.958333333333336
9747,63,37,54.1875
9748,68,45,54.416666666666664
9749,68,44,55.395833333333336
9750,63,44,54.791666666666664
9751,65,46,54.916666666666664
9752,67,36,55.458333333333336
9753,65,36,54.833333333333336
9754,67,30,55.083333333333336
9755,66,19,54.875
9756,63,48,55.416666666666664
9757,66,43,55.145833333333336
9758,65,44,55.75
9759,64,45,54.4375
9760,73,36,54.8125
9761,70,38,55.0625
9762,66,37,54.645833333333336
9763,71,42,55.8125
9764,62,35,54.270833333333336
9765,66,38,53.791666666666664
9766,65,38,54.854166666666664
9767,67,39,55.833333333333336
9768,64,46,56.583333333333336
9769,66,45,54.6875
9770,65,39,53.9375
9771,67,44,54.333333333333336
9772,66,38,55.3125
9773,63,42,55.229166666666664
9774,68,35,53.4375
9775,68,32,55.5625
9776,66,40,55.0
9777,68,45,54.291666666666664
9778,65,38,53.854166666666664
9779,65,37,53.8125
9780,68,31,53.125
9781,65,40,54.104166666666664
9782,67,31,54.75
9783,64,41,54.541666666666664
9784,64,39,55.416666666666664
9785,65,37,53.520833333333336
9786,65,38,55.583333333333336
9787,69,41,53.6875
9788,69,45,57.0
9789,67,32,53.354166666666664
9790,65,41,54.291666666666664
9791,66,48,55.708333333333336
9792,66,41,55.520833333333336
9793,66,46,55.25
9794,65,18,54.104166666666664
9795,66,38,56.041666666666664
9796,64,44,55.104166666666664
9797,65,31,54.4375
9798,68,44,56.208333333333336
9799,67,39,53.979166666666664
9800,67,43,55.270833333333336
9801,67,37,55.791666666666664
9802,66,29,56.291666666666664
9803,67,42,55.0
9804,63,42,53.645833333333336
9805,67,32,53.625
9806,65,31,53.4375
9807,66,43,55.645833333333336
9808,68,40,54.520833333333336
9809,65,35,54.958333333333336
9810,65,38,52.645833333333336
9811,69,30,54.479166666666664
9812,66,34,55.583333333333336
9813,65,39,55.354166666666664
9814,66,35,53.541666666666664
9815,67,34,54.833333333333336
9816,63,36,53.708333333333336
9817,63,42,56.166666666666664
9818,65,43,55.708333333333336
9819,63,37,55.4375
9820,64,22,53.625
9821,68,45,56.083333333333336
9822,67,39,56.145833333333336
9823,64,46,55.520833333333336
9824,64,45,55.979166666666664
9825,66,26,54.583333333333336
9826,67,27,54.770833333333336
9827,66,44,54.520833333333336
9828,67,44,55.729166666666664
9829,68,42,55.104166666666664
9830,64,37,53.875
9831,65,42,54.708333333333336
9832,65,32,53.4375
9833,72,38,54.666666666666664
9834,66,28,52.958333333333336
9835,67,33,54.375
9836,65,16,54.208333333333336
9837,67,40,54.395833333333336
9838,67,46,56.166666666666664
9839,69,24,54.125
9840,66,38,55.0
9841,63,43,56.0625
9842,65,35,55.166666666666664
9843,72,41,54.458333333333336
9844,67,42,54.666666666666664
9845,67,27,54.354166666666664
9846,66,44,54.4375
9847,66,30,53.75
9848,66,37,55.166666666666664
9849,72,47,55.854166666666664
9850,66,42,55.041666666666664
9851,64,41,54.166666666666664
9852,69,23,53.75
9853,65,37,55.208333333333336
9854,62,35,52.5625
9855,64,38,54.75
9856,61,36,53.041666666666664
9857,67,33,55.0625
9858,65,43,54.916666666666664
9859,65,46,55.291666666666664
9860,66,44,55.125
9861,65,45,55.791666666666664
9862,68,36,55.0
9863,65,42,54.4375
9864,65,35,53.645833333333336
9865,66,42,54.5
9866,68,44,55.666666666666664
9867,68,42,55.666666666666664
9868,69,46,56.770833333333336
9869,68,38,56.270833333333336
9870,74,38,54.979166666666664
9871,65,27,54.166666666666664
9872,67,40,54.9375
9873,69,40,54.020833333333336
9874,65,33,51.354166666666664
9875,68,32,54.0625
9876,63,39,54.5
9877,67,39,54.8125
9878,66,35,54.791666666666664
9879,70,30,53.854166666666664
9880,68,38,52.854166666666664
9881,68,43,54.958333333333336
9882,69,34,54.1875
9883,67,29,53.875
9884,67,32,53.958333333333336
9885,66,33,54.291666666666664
9886,66,36,55.354166666666664
9887,66,35,53.0
9888,70,37,54.395833333333336
9889,64,35,53.458333333333336
9890,62,39,53.916666666666664
9891,67,17,52.833333333333336
9892,64,35,53.520833333333336
9893,67,40,54.479166666666664
9894,67,43,54.229166666666664
9895,65,32,55.416666666666664
9896,65,40,55.916666666666664
9897,69,36,54.854166666666664
9898,66,46,55.708333333333336
9899,66,46,56.25
9900,68,25,55.145833333333336
9901,64,42,55.895833333333336
9902,66,43,56.041666666666664
9903,73,32,55.625
9904,69,33,55.583333333333336
9905,66,36,55.604166666666664
9906,63,39,52.916666666666664
9907,65,44,54.979166666666664
9908,66,36,56.208333333333336
9909,65,26,53.791666666666664
9910,65,31,53.645833333333336
9911,66,33,54.104166666666664
9912,66,36,54.895833333333336
9913,69,20,54.625
9914,65,33,54.520833333333336
9915,65,27,52.479166666666664
9916,61,20,52.291666666666664
9917,68,23,53.708333333333336
9918,67,18,54.791666666666664
9919,69,40,54.666666666666664
9920,63,19,52.291666666666664
9921,68,42,54.8125
9922,69,32,53.541666666666664
9923,65,16,52.979166666666664
9924,64,43,53.375
9925,67,37,55.354166666666664
9926,67,37,55.895833333333336
9927,68,46,56.333333333333336
9928,66,26,53.666666666666664
9929,73,47,56.520833333333336
9930,73,38,55.104166666666664
9931,63,44,54.541666666666664
9932,65,47,54.958333333333336
9933,64,43,54.25
9934,71,42,55.583333333333336
9935,65,28,53.833333333333336
9936,65,30,52.395833333333336
9937,64,36,54.270833333333336
9938,72,13,53.125
9939,66,13,54.25
9940,63,28,53.458333333333336
9941,69,39,55.8125
9942,71,43,55.645833333333336
9943,65,31,53.895833333333336
9944,66,32,54.125
9945,63,43,54.458333333333336
9946,70,38,54.041666666666664
9947,65,45,55.666666666666664
9948,67,24,54.479166666666664
9949,70,31,53.958333333333336
9950,69,29,53.25
9951,63,43,54.0625
9952,66,31,54.979166666666664
9953,66,25,53.9375
9954,66,36,54.291666666666664
9955,68,45,55.020833333333336
9956,67,32,53.104166666666664
9957,67,41,55.229166666666664
9958,68,30,54.166666666666664
9959,65,24,55.5625
9960,64,29,53.979166666666664
9961,69,35,55.083333333333336
9962,67,41,54.5
9963,69,45,55.8125
9964,66,40,55.8125
9965,65,41,54.791666666666664
9966,65,12,53.395833333333336
9967,68,44,55.0
9968,66,42,55.541666666666664
9969,64,45,55.458333333333336
9970,64,43,53.395833333333336
9971,70,40,55.479166666666664
9972,62,48,55.3125
9973,65,46,55.375
9974,69,32,57.083333333333336
9975,68,44,55.854166666666664
9976,68,35,53.916666666666664
9977,64,37,54.020833333333336
9978,67,45,56.291666666666664
9979,66,45,55.6875
9980,66,40,55.0625
9981,69,26,54.458333333333336
9982,67,33,55.104166666666664
9983,66,42,55.229166666666664
9984,70,38,55.25
9985,67,40,54.416666666666664
9986,63,36,52.5625
9987,68,45,55.479166666666664
9988,63,25,53.791666666666664
9989,64,44,54.5625
9990,66,46,55.958333333333336
9991,72,44,55.666666666666664
9992,70,26,54.645833333333336
9993,66,43,55.395833333333336
9994,64,45,55.8125
9995,67,33,54.75
9996,67,42,55.875
9997,65,43,56.145833333333336
9998,68,38,54.1875
9999,65,34,54.1875
10000,68,26,54.583333333333336
10001,63,42,54.604166666666664
10002,64,35,54.0625
10003,65,35,55.145833333333336
10004,70,33,53.979166666666664
10005,71,36,55.645833333333336
10006,65,40,55.1875
10007,69,41,54.666666666666664
10008,66,32,54.875
10009,69,27,53.020833333333336
10010,66,39,55.604166666666664
10011,67,29,55.458333333333336
10012,65,35,52.708333333333336
10013,66,40,54.3125
10014,68,35,56.291666666666664
10015,67,44,54.666666666666664
10016,66,40,53.479166666666664
10017,64,37,54.229166666666664
10018,66,40,55.166666666666664
10019,65,35,54.333333333333336
10020,66,46,55.125
10021,65,37,54.6875
10022,70,45,55.833333333333336
10023,68,41,55.104166666666664
10024,65,43,55.6875
10025,66,24,56.166666666666664
10026,72,31,53.604166666666664
10027,67,39,55.895833333333336
10028,62,41,54.604166666666664
10029,65,33,54.083333333333336
10030,69,38,54.895833333333336
10031,62,45,54.5625
10032,65,42,55.083333333333336
10033,67,45,56.291666666666664
10034,67,42,55.416666666666664
10035,67,43,54.6875
10036,66,26,52.791666666666664
10037,69,40,56.0625
10038,71,31,54.291666666666664
10039,66,20,53.4375
10040,68,35,54.583333333333336
10041,69,42,55.958333333333336
10042,67,44,56.0625
10043,71,29,55.041666666666664
10044,67,24,54.395833333333336
10045,65,38,55.270833333333336
10046,64,33,54.604166666666664
10047,68,46,56.791666666666664
10048,65,21,52.354166666666664
10049,68,19,54.291666666666664
10050,68,32,56.083333333333336
10051,69,35,54.833333333333336
10052,67,24,53.4375
10053,64,43,55.291666666666664
10054,66,39,55.0
10055,65,27,55.729166666666664
10056,66,32,54.583333333333336
10057,69,39,55.0625
10058,68,42,54.3125
10059,69,21,54.229166666666664
10060,69,37,54.958333333333336
10061,66,45,55.854166666666664
10062,65,45,54.958333333333336
10063,67,43,56.125
10064,70,43,55.6875
10065,68,27,55.125
10066,66,40,54.0625
10067,66,39,56.083333333333336
10068,65,43,55.166666666666664
10069,66,27,54.729166666666664
10070,67,39,54.708333333333336
10071,64,46,55.0625
10072,66,41,55.416666666666664
10073,66,41,55.895833333333336
10074,67,46,55.333333333333336
10075,68,39,54.333333333333336
10076,63,35,54.5
10077,64,31,52.75
10078,63,38,55.1875
10079,63,41,53.8125
10080,62,33,53.541666666666664
10081,66,41,55.166666666666664
10082,61,23,53.291666666666664
10083,68,32,55.083333333333336
10084,65,12,53.458333333333336
10085,66,42,55.5
10086,66,43,55.125
10087,65,21,53.6875
10088,66,32,55.125
10089,66,40,54.104166666666664
10090,65,36,53.291666666666664
10091,71,43,55.291666666666664
10092,64,40,54.5
10093,68,38,54.625
10094,71,45,55.958333333333336
10095,68,42,55.354166666666664
10096,71,41,54.979166666666664
10097,69,41,55.145833333333336
10098,71,45,56.895833333333336
10099,66,14,52.604166666666664
10100,64,44,54.541666666666664
10101,67,40,54.291666666666664
10102,69,40,54.541666666666664
10103,67,35,54.8125
10104,64,39,53.1875
10105,68,44,55.604166666666664
10106,67,36,54.583333333333336
10107,67,9,54.3125
10108,64,33,54.1875
10109,64,35,53.479166666666664
10110,65,38,54.395833333333336
10111,67,33,54.416666666666664
10112,62,30,52.25
10113,67,39,54.3125
10114,65,32,56.208333333333336
10115,67,45,56.0
10116,65,35,54.375
10117,62,35,52.291666666666664
10118,67,43,54.645833333333336
10119,65,10,54.270833333333336
10120,67,49,55.416666666666664
10121,69,40,53.916666666666664
10122,68,22,55.916666666666664
10123,63,42,53.625
10124,68,26,53.833333333333336
10125,66,27,54.104166666666664
10126,67,39,54.354166666666664
10127,67,41,54.25
10128,68,34,54.354166666666664
10129,65,32,55.0
10130,71,38,54.708333333333336
10131,70,31,54.3125
10132,68,42,54.75
10133,66,44,55.1875
10134,65,34,55.1875
10135,64,43,53.833333333333336
10136,66,9,53.020833333333336
10137,69,22,52.6875
10138,70,37,54.4375
10139,67,35,53.458333333333336
10140,65,29,52.3125
10141,65,31,53.479166666666664
10142,65,39,54.0
10143,69,37,52.8125
10144,64,26,52.833333333333336
10145,66,30,52.416666666666664
10146,68,29,53.333333333333336
10147,68,31,54.291666666666664
10148,62,42,53.1875
10149,68,43,55.125
10150,70,32,55.5
10151,66,45,55.916666666666664
10152,67,26,53.979166666666664
10153,65,42,55.083333333333336
10154,68,17,54.541666666666664
10155,63,33,54.479166666666664
10156,65,29,52.8125
10157,71,37,53.604166666666664
10158,69,42,56.5
10159,66,44,56.3125
10160,63,23,53.791666666666664
10161,64,45,56.291666666666664
10162,66,44,55.895833333333336
10163,66,41,55.208333333333336
10164,73,12,54.0625
10165,65,27,54.291666666666664
10166,67,37,55.270833333333336
10167,64,49,56.645833333333336
10168,66,46,55.583333333333336
10169,66,41,54.666666666666664
10170,63,40,54.3125
10171,64,35,52.770833333333336
10172,66,47,55.6875
10173,67,44,55.770833333333336
10174,69,42,55.583333333333336
10175,70,43,56.145833333333336
10176,68,45,55.166666666666664
10177,67,39,56.479166666666664
10178,68,38,54.270833333333336
10179,66,45,54.833333333333336
10180,65,46,54.416666666666664
10181,64,38,53.895833333333336
10182,66,41,54.270833333333336
10183,65,23,54.020833333333336
10184,67,40,55.979166666666664
10185,64,40,55.541666666666664
10186,67,24,54.020833333333336
10187,66,41,54.75
10188,68,39,55.25
10189,66,38,54.333333333333336
10190,66,18,54.770833333333336
10191,67,47,55.9375
10192,72,41,56.083333333333336
10193,67,42,56.229166666666664
10194,66,47,56.208333333333336
10195,67,48,55.9375
10196,66,42,55.208333333333336
10197,63,43,54.520833333333336
10198,69,41,56.229166666666664
10199,65,37,55.458333333333336
10200,67,8,54.0
10201,65,43,55.3125
10202,67,35,54.8125
10203,64,43,54.875
10204,69,36,55.020833333333336
10205,66,43,55.104166666666664
10206,69,39,54.604166666666664
10207,68,43,55.083333333333336
10208,64,30,54.354166666666664
10209,64,28,53.9375
10210,65,35,55.645833333333336
10211,65,24,52.4375
10212,67,42,55.645833333333336
10213,64,35,53.1875
10214,63,44,55.625
10215,62,38,54.208333333333336
10216,68,44,55.5625
10217,67,41,55.3125
10218,68,36,55.541666666666664
10219,64,45,55.520833333333336
10220,65,34,55.854166666666664
10221,65,30,55.541666666666664
10222,66,32,54.104166666666664
10223,64,39,54.291666666666664
10224,67,44,55.4375
10225,66,31,56.604166666666664
10226,66,32,53.645833333333336
10227,67,40,53.666666666666664
10228,65,43,54.6875
10229,68,28,54.833333333333336
10230,65,36,55.166666666666664
10231,68,34,54.8125
10232,66,41,54.166666666666664
10233,62,42,54.083333333333336
10234,70,37,54.520833333333336
10235,70,41,55.458333333333336
10236,67,41,56.3125
10237,70,36,53.333333333333336
10238,68,27,53.916666666666664
10239,64,40,54.0625
10240,68,19,54.979166666666664
10241,67,40,56.3125
10242,67,31,55.625
10243,64,32,52.895833333333336
10244,68,45,56.5625
10245,74,46,56.583333333333336
10246,64,30,52.875
10247,67,16,55.270833333333336
10248,67,40,54.791666666666664
10249,65,47,55.8125
10250,65,29,53.125
10251,64,38,54.1875
10252,70,44,56.229166666666664
10253,66,39,55.166666666666664
10254,66,38,53.916666666666664
10255,68,40,56.270833333333336
10256,64,36,55.208333333333336
10257,69,42,55.8125
10258,73,38,55.25
10259,63,47,55.895833333333336
10260,69,42,54.854166666666664
10261,65,43,55.020833333333336
10262,65,44,54.8125
10263,63,36,53.791666666666664
10264,65,33,53.25
10265,74,41,54.8125
10266,64,36,54.520833333333336
10267,66,31,53.645833333333336
10268,66,38,53.666666666666664
10269,65,46,55.125
10270,67,40,55.125
10271,67,21,56.208333333333336
10272,63,43,54.416666666666664
10273,64,38,54.979166666666664
10274,62,40,54.4375
10275,66,40,53.3125
10276,65,40,55.041666666666664
10277,68,39,52.791666666666664
10278,63,40,55.541666666666664
10279,68,27,54.104166666666664
10280,66,30,53.416666666666664
10281,64,32,53.395833333333336
10282,66,18,55.479166666666664
10283,69,41,54.916666666666664
10284,65,43,54.770833333333336
10285,63,34,53.625
10286,67,30,54.520833333333336
10287,64,30,55.479166666666664
10288,63,42,55.416666666666664
10289,66,29,53.8125
10290,68,25,54.166666666666664
10291,67,41,53.854166666666664
10292,71,45,55.708333333333336
10293,67,40,55.520833333333336
10294,66,43,55.0625
10295,65,41,55.854166666666664
10296,64,40,54.833333333333336
10297,66,41,54.229166666666664
10298,71,38,55.4375
10299,68,33,54.791666666666664
10300,64,45,56.145833333333336
10301,63,45,54.666666666666664
10302,64,41,54.9375
10303,68,46,55.75
10304,66,39,55.3125
10305,63,46,55.708333333333336
10306,65,44,55.895833333333336
10307,67,42,53.979166666666664
10308,63,45,55.291666666666664
10309,66,24,54.6875
10310,68,34,54.125
10311,69,21,52.395833333333336
10312,63,47,54.916666666666664
10313,66,35,55.541666666666664
10314,65,45,55.270833333333336
10315,66,11,52.75
10316,65,30,54.875
10317,65,38,54.416666666666664
10318,68,34,54.208333333333336
10319,68,31,53.895833333333336
10320,64,38,54.916666666666664
10321,63,30,53.625
10322,68,26,53.666666666666664
10323,69,32,55.229166666666664
10324,68,37,54.770833333333336
10325,68,40,55.104166666666664
10326,66,24,52.895833333333336
10327,70,32,54.6875
10328,67,40,53.75
10329,61,34,53.25
10330,66,39,54.666666666666664
10331,66,37,53.291666666666664
10332,68,40,54.770833333333336
10333,67,25,54.625
10334,65,32,54.25
10335,65,39,54.291666666666664
10336,66,28,56.083333333333336
10337,70,20,54.875
10338,68,42,54.625
10339,66,33,54.354166666666664
10340,66,37,55.708333333333336
10341,66,44,55.0
10342,66,38,55.416666666666664
10343,66,31,53.6875
10344,67,32,54.729166666666664
10345,70,24,54.479166666666664
10346,66,33,55.395833333333336
10347,66,40,55.416666666666664
10348,65,47,55.041666666666664
10349,66,39,54.520833333333336
10350,64,47,55.541666666666664
10351,65,40,55.104166666666664
10352,63,24,53.4375
10353,66,31,55.125
10354,64,34,53.583333333333336
10355,64,38,54.708333333333336
10356,69,39,55.333333333333336
10357,66,39,55.645833333333336
10358,67,41,54.541666666666664
10359,67,43,56.104166666666664
10360,66,43,54.1875
10361,67,43,55.333333333333336
10362,69,35,54.979166666666664
10363,65,44,54.375
10364,72,42,55.729166666666664
10365,71,40,54.625
10366,66,42,56.375
10367,66,40,54.479166666666664
10368,67,43,55.8125
10369,71,29,54.708333333333336
10370,66,40,54.291666666666664
10371,68,44,55.541666666666664
10372,65,43,55.375
10373,65,36,53.791666666666664
10374,71,46,55.645833333333336
10375,63,38,54.229166666666664
10376,67,39,54.791666666666664
10377,65,40,54.395833333333336
10378,63,36,53.270833333333336
10379,68,35,54.5
10380,66,46,55.625
10381,70,42,55.583333333333336
10382,66,37,54.375
10383,65,23,54.833333333333336
10384,66,28,54.875
10385,69,35,54.479166666666664
10386,65,46,54.25
10387,64,34,55.0
10388,67,36,55.229166666666664
10389,63,37,52.833333333333336
10390,65,32,53.0
10391,67,17,55.125
10392,65,44,54.708333333333336
10393,67,42,53.6875
10394,62,30,53.583333333333336
10395,69,44,55.375
10396,65,35,55.583333333333336
10397,65,40,55.145833333333336
10398,66,45,55.6875
10399,64,36,55.4375
10400,66,35,54.666666666666664
10401,67,37,53.9375
10402,68,46,56.666666666666664
10403,67,47,56.520833333333336
10404,68,41,54.9375
10405,66,28,54.541666666666664
10406,65,23,54.604166666666664
10407,65,49,55.270833333333336
10408,64,40,54.541666666666664
10409,68,38,55.083333333333336
10410,66,45,55.625
10411,66,29,53.729166666666664
10412,63,45,54.020833333333336
10413,64,41,54.645833333333336
10414,65,46,56.625
10415,65,37,53.791666666666664
10416,66,43,55.229166666666664
10417,68,30,56.270833333333336
10418,69,34,55.458333333333336
10419,66,36,54.833333333333336
10420,67,35,54.1875
10421,67,36,55.854166666666664
10422,65,45,55.666666666666664
10423,66,38,55.25
10424,65,47,55.5
10425,64,45,54.75
10426,67,22,55.083333333333336
10427,66,34,54.354166666666664
10428,64,28,54.625
10429,66,36,54.895833333333336
10430,66,37,56.020833333333336
10431,63,41,55.270833333333336
10432,68,41,54.854166666666664
10433,67,38,54.1875
10434,67,38,54.75
10435,67,30,53.645833333333336
10436,66,47,56.416666666666664
10437,69,43,55.833333333333336
10438,63,41,55.583333333333336
10439,64,39,53.729166666666664
10440,62,46,54.270833333333336
10441,66,39,54.125
10442,65,34,54.854166666666664
10443,68,30,54.291666666666664
10444,66,41,54.5625
10445,70,41,56.270833333333336
10446,66,41,56.125
10447,64,42,55.166666666666664
10448,68,24,54.3125
10449,66,35,54.875
10450,65,39,54.5625
10451,67,27,54.9375
10452,68,38,55.520833333333336
10453,62,29,53.666666666666664
10454,65,36,54.895833333333336
10455,65,43,54.541666666666664
10456,66,46,55.708333333333336
10457,65,43,55.5
10458,67,38,56.520833333333336
10459,69,40,55.583333333333336
10460,68,46,54.604166666666664
10461,68,43,55.541666666666664
10462,67,42,55.833333333333336
10463,66,44,55.645833333333336
10464,65,44,55.020833333333336
10465,67,43,55.75
10466,63,45,55.3125
10467,67,36,55.5
10468,68,29,55.833333333333336
10469,66,38,55.895833333333336
10470,67,38,54.645833333333336
10471,65,44,53.583333333333336
10472,63,43,54.604166666666664
10473,66,28,56.416666666666664
10474,68,32,55.166666666666664
10475,68,42,54.833333333333336
10476,66,43,55.125
10477,69,33,56.270833333333336
10478,65,37,55.354166666666664
10479,64,40,55.041666666666664
10480,69,48,55.75
10481,65,48,55.541666666666664
10482,70,37,55.104166666666664
10483,65,26,55.104166666666664
10484,65,40,54.3125
10485,67,39,54.1875
10486,67,38,54.416666666666664
10487,65,38,55.0
10488,68,45,55.875
10489,66,47,56.770833333333336
10490,68,42,55.770833333333336
10491,66,38,55.145833333333336
10492,74,40,56.8125
10493,69,48,57.229166666666664
10494,66,45,55.520833333333336
10495,68,41,54.520833333333336
10496,63,30,52.979166666666664
10497,70,28,54.6875
10498,64,41,55.1875
10499,65,42,55.729166666666664
10500,65,31,54.708333333333336
10501,66,39,54.729166666666664
10502,65,41,53.958333333333336
10503,64,44,53.791666666666664
10504,63,45,54.583333333333336
10505,72,42,56.083333333333336
10506,69,36,55.1875
10507,67,46,56.020833333333336
10508,67,33,54.083333333333336
10509,68,34,53.875
10510,66,37,55.520833333333336
10511,69,43,54.916666666666664
10512,71,39,55.583333333333336
10513,64,40,53.729166666666664
10514,69,36,54.4375
10515,62,43,55.291666666666664
10516,64,42,53.75
10517,66,19,54.1875
10518,65,39,54.166666666666664
10519,65,41,54.770833333333336
10520,67,36,56.3125
10521,71,45,54.5
10522,65,45,55.875
10523,65,38,55.666666666666664
10524,66,39,55.770833333333336
10525,67,16,54.708333333333336
10526,64,38,55.333333333333336
10527,64,44,55.625
10528,66,34,54.25
10529,69,25,54.166666666666664
10530,66,28,54.770833333333336
10531,67,33,54.4375
10532,65,32,53.520833333333336
10533,67,39,54.354166666666664
10534,67,33,53.6875
10535,62,37,52.125
10536,64,19,54.3125
10537,63,40,54.958333333333336
10538,66,43,54.666666666666664
10539,66,27,53.895833333333336
10540,66,21,54.8125
10541,65,38,54.5625
10542,63,38,53.895833333333336
10543,65,40,55.625
10544,66,43,54.333333333333336
10545,66,37,55.583333333333336
10546,65,25,52.791666666666664
10547,68,37,55.8125
10548,65,37,54.75
10549,73,28,54.020833333333336
10550,66,44,55.020833333333336
10551,68,40,55.0
10552,66,31,53.979166666666664
10553,71,33,53.1875
10554,63,32,52.833333333333336
10555,66,28,53.604166666666664
10556,64,40,55.333333333333336
10557,67,39,55.833333333333336
10558,65,40,54.270833333333336
10559,67,36,54.020833333333336
10560,65,35,53.75
10561,63,40,54.4375
10562,63,32,53.791666666666664
10563,67,27,54.625
10564,63,40,53.916666666666664
10565,64,41,54.625
10566,66,44,54.791666666666664
10567,68,36,54.375
10568,65,29,53.1875
10569,67,31,55.9375
10570,69,28,54.6875
10571,68,33,55.75
10572,63,45,54.145833333333336
10573,65,40,53.1875
10574,69,47,55.979166666666664
10575,66,44,55.979166666666664
10576,63,42,54.041666666666664
10577,69,18,56.041666666666664
10578,66,41,54.875
10579,67,34,53.6875
10580,65,38,54.208333333333336
10581,67,40,54.333333333333336
10582,65,42,55.041666666666664
10583,65,45,54.666666666666664
10584,67,43,54.1875
10585,65,37,54.5
10586,69,40,53.104166666666664
10587,63,43,55.125
10588,65,42,55.333333333333336
10589,66,40,54.791666666666664
10590,67,41,55.541666666666664
10591,68,36,53.520833333333336
10592,66,41,55.458333333333336
10593,65,43,53.916666666666664
10594,66,40,54.270833333333336
10595,65,33,54.583333333333336
10596,65,26,55.208333333333336
10597,64,31,54.208333333333336
10598,64,18,50.916666666666664
10599,67,42,54.083333333333336
10600,65,21,52.770833333333336
10601,67,38,54.666666666666664
10602,68,35,54.604166666666664
10603,67,36,54.770833333333336
10604,65,41,53.625
10605,67,41,55.520833333333336
10606,66,39,54.333333333333336
10607,64,39,54.1875
10608,67,44,53.729166666666664
10609,68,31,54.041666666666664
10610,64,45,55.666666666666664
10611,70,37,54.291666666666664
10612,73,45,53.875
10613,65,44,55.041666666666664
10614,67,42,55.854166666666664
10615,66,37,54.541666666666664
10616,68,36,54.770833333333336
10617,66,35,55.375
10618,65,39,54.354166666666664
10619,64,33,52.854166666666664
10620,66,40,55.520833333333336
10621,67,40,55.770833333333336
10622,66,44,55.291666666666664
10623,67,47,55.479166666666664
10624,69,34,56.104166666666664
10625,64,39,53.770833333333336
10626,69,44,55.041666666666664
10627,70,38,54.333333333333336
10628,70,34,55.1875
10629,69,27,52.666666666666664
10630,65,40,55.0625
10631,68,38,54.4375
10632,69,43,56.979166666666664
10633,72,43,55.729166666666664
10634,73,43,55.1875
10635,68,41,55.208333333333336
10636,64,33,53.5
10637,66,39,54.458333333333336
10638,66,33,55.125
10639,68,41,53.875
10640,68,19,54.416666666666664
10641,69,37,55.145833333333336
10642,67,34,53.416666666666664
10643,69,39,54.791666666666664
10644,65,34,54.0625
10645,74,31,54.770833333333336
10646,67,40,53.708333333333336
10647,63,42,54.833333333333336
10648,71,25,52.8125
10649,70,37,55.166666666666664
10650,64,32,55.520833333333336
10651,66,38,54.875
10652,67,35,53.9375
10653,65,46,56.958333333333336
10654,70,43,55.625
10655,63,41,53.854166666666664
10656,66,40,54.708333333333336
10657,68,37,54.979166666666664
10658,67,40,55.9375
10659,63,38,54.729166666666664
10660,69,38,53.291666666666664
10661,66,36,54.4375
10662,63,24,53.75
10663,64,34,55.416666666666664
10664,66,36,54.958333333333336
10665,65,41,53.9375
10666,66,37,51.791666666666664
10667,66,30,52.645833333333336
10668,65,43,56.0625
10669,69,39,54.708333333333336
10670,66,41,54.1875
10671,67,31,53.145833333333336
10672,63,29,52.125
10673,62,41,54.75
10674,66,36,54.104166666666664
10675,63,34,54.6875
10676,63,36,53.208333333333336
10677,66,26,53.166666666666664
10678,66,36,53.125
10679,65,39,55.1875
10680,64,36,53.729166666666664
10681,65,25,53.395833333333336
10682,68,33,54.083333333333336
10683,73,41,55.333333333333336
10684,64,33,53.770833333333336
10685,64,36,52.395833333333336
10686,65,42,54.979166666666664
10687,65,37,54.25
10688,66,33,54.770833333333336
10689,67,36,54.479166666666664
10690,65,47,55.354166666666664
10691,67,43,55.291666666666664
10692,66,42,54.125
10693,67,39,55.354166666666664
10694,61,41,54.083333333333336
10695,63,37,53.354166666666664
10696,66,47,55.770833333333336
10697,65,43,55.395833333333336
10698,64,39,54.958333333333336
10699,69,38,54.708333333333336
10700,71,36,54.8125
10701,65,47,55.770833333333336
10702,66,45,56.458333333333336
10703,64,29,54.166666666666664
10704,63,43,55.416666666666664
10705,71,38,54.8125
10706,69,48,56.25
10707,68,44,55.083333333333336
10708,68,38,55.6875
10709,67,46,55.4375
10710,66,44,55.75
10711,64,33,54.208333333333336
10712,66,37,55.020833333333336
10713,64,37,53.541666666666664
10714,63,42,55.583333333333336
10715,66,35,55.270833333333336
10716,69,47,55.9375
10717,67,41,56.854166666666664
10718,67,39,54.416666666666664
10719,66,29,54.645833333333336
10720,65,32,54.125
10721,66,43,55.395833333333336
10722,65,37,55.104166666666664
10723,67,46,56.083333333333336
10724,65,46,56.375
10725,61,43,54.9375
10726,65,47,55.333333333333336
10727,72,44,55.75
10728,62,42,54.916666666666664
10729,68,27,54.9375
10730,67,34,53.895833333333336
10731,68,43,54.458333333333336
10732,65,37,55.1875
10733,67,37,55.145833333333336
10734,65,43,55.9375
10735,66,39,54.958333333333336
10736,64,42,53.8125
10737,70,48,56.583333333333336
10738,64,26,55.020833333333336
10739,66,34,53.9375
10740,66,31,55.479166666666664
10741,64,38,53.958333333333336
10742,69,31,55.291666666666664
10743,65,42,54.520833333333336
10744,73,25,54.833333333333336
10745,65,45,55.666666666666664
10746,66,44,54.916666666666664
10747,63,38,54.666666666666664
10748,70,46,56.625
10749,67,31,54.166666666666664
10750,67,44,55.958333333333336
10751,65,44,56.625
10752,65,39,54.208333333333336
10753,68,33,55.270833333333336
10754,66,48,56.3125
10755,70,43,55.270833333333336
10756,64,42,55.020833333333336
10757,68,46,56.291666666666664
10758,70,44,53.833333333333336
10759,67,45,55.145833333333336
10760,71,42,56.729166666666664
10761,68,39,55.520833333333336
10762,65,42,56.291666666666664
10763,69,27,54.791666666666664
10764,64,45,54.645833333333336
10765,63,33,53.041666666666664
10766,67,34,54.458333333333336
10767,65,39,55.104166666666664
10768,65,35,54.0
10769,68,45,54.395833333333336
10770,67,29,55.041666666666664
10771,65,46,56.1875
10772,68,29,54.604166666666664
10773,66,39,55.5625
10774,68,43,55.0625
10775,66,45,55.416666666666664
10776,72,26,55.666666666666664
10777,63,41,54.375
10778,65,22,54.645833333333336
10779,66,35,54.458333333333336
10780,75,38,55.479166666666664
10781,66,45,56.604166666666664
10782,67,40,53.854166666666664
10783,68,40,55.291666666666664
10784,73,39,55.708333333333336
10785,66,47,55.083333333333336
10786,68,33,54.395833333333336
10787,65,43,55.25
10788,67,38,54.875
10789,64,43,53.395833333333336
10790,70,44,55.708333333333336
10791,65,43,55.0625
10792,69,42,56.104166666666664
10793,68,42,54.979166666666664
10794,68,42,55.020833333333336
10795,67,42,54.604166666666664
10796,71,38,55.041666666666664
10797,63,26,54.104166666666664
10798,66,46,55.770833333333336
10799,65,42,55.0625
10800,65,44,54.854166666666664
10801,65,40,55.1875
10802,65,37,53.9375
10803,67,38,54.583333333333336
10804,66,42,55.458333333333336
10805,64,36,55.833333333333336
10806,67,44,55.0
10807,65,41,54.208333333333336
10808,63,44,55.041666666666664
10809,67,44,55.375
10810,65,43,53.791666666666664
10811,64,41,55.208333333333336
10812,65,43,55.270833333333336
10813,65,35,55.5625
10814,74,39,55.75
10815,70,40,54.9375
10816,66,36,53.75
10817,62,34,52.875
10818,70,31,55.020833333333336
10819,65,41,54.104166666666664
10820,70,42,55.5625
10821,67,30,55.4375
10822,65,35,54.5625
10823,72,43,55.125
10824,67,37,54.166666666666664
10825,69,41,55.229166666666664
10826,65,38,54.354166666666664
10827,68,37,54.854166666666664
10828,65,44,55.625
10829,63,33,54.208333333333336
10830,67,34,55.375
10831,69,42,54.9375
10832,68,45,56.0625
10833,64,30,54.9375
10834,66,41,55.583333333333336
10835,67,33,54.791666666666664
10836,65,24,53.125
10837,68,37,55.541666666666664
10838,66,35,54.604166666666664
10839,65,37,54.333333333333336
10840,69,30,54.604166666666664
10841,68,23,54.5625
10842,63,43,53.875
10843,67,43,54.708333333333336
10844,63,26,52.5
10845,65,24,53.895833333333336
10846,69,40,54.9375
10847,64,42,54.75
10848,63,36,54.854166666666664
10849,63,38,54.375
10850,69,31,53.604166666666664
10851,61,30,52.645833333333336
10852,67,22,53.145833333333336
10853,66,40,54.8125
10854,67,21,53.4375
10855,65,39,54.979166666666664
10856,65,33,53.291666666666664
10857,67,36,54.395833333333336
10858,73,45,56.916666666666664
10859,68,38,55.416666666666664
10860,66,40,54.583333333333336
10861,64,37,54.6875
10862,64,39,54.4375
10863,70,31,54.708333333333336
10864,68,27,54.666666666666664
10865,68,41,55.1875
10866,65,41,55.541666666666664
10867,63,35,55.333333333333336
10868,66,43,55.791666666666664
10869,67,46,55.083333333333336
10870,62,42,54.5
10871,64,40,55.083333333333336
10872,66,44,54.875
10873,70,45,55.875
10874,68,43,56.4375
10875,65,46,55.666666666666664
10876,67,35,56.416666666666664
10877,66,40,55.666666666666664
10878,66,41,54.666666666666664
10879,66,14,54.270833333333336
10880,65,40,55.395833333333336
10881,66,41,53.229166666666664
10882,64,46,54.895833333333336
10883,66,35,55.333333333333336
10884,68,29,55.1875
10885,63,16,53.0
10886,65,36,55.916666666666664
10887,65,51,57.0
10888,66,29,54.979166666666664
10889,70,39,53.666666666666664
10890,67,41,55.541666666666664
10891,65,33,55.333333333333336
10892,71,44,55.958333333333336
10893,65,32,53.979166666666664
10894,69,14,53.75
10895,64,25,54.395833333333336
10896,68,29,53.666666666666664
10897,67,43,54.125
10898,66,37,53.520833333333336
10899,61,35,53.583333333333336
10900,69,40,54.895833333333336
10901,72,34,54.270833333333336
10902,67,43,56.104166666666664
10903,71,36,54.5
10904,65,36,54.729166666666664
10905,68,29,54.0625
10906,66,43,54.229166666666664
10907,63,42,53.875
10908,65,40,54.5
10909,73,38,54.166666666666664
10910,66,45,55.395833333333336
10911,65,46,55.208333333333336
10912,66,39,55.145833333333336
10913,64,42,55.25
10914,68,42,55.4375
10915,65,35,54.854166666666664
10916,66,38,55.520833333333336
10917,66,43,54.583333333333336
10918,68,39,55.895833333333336
10919,69,26,53.270833333333336
10920,66,47,55.708333333333336
10921,68,27,54.291666666666664
10922,66,39,53.791666666666664
10923,64,34,54.166666666666664
10924,68,35,54.4375
10925,66,39,55.770833333333336
10926,66,41,54.0625
10927,66,36,54.083333333333336
10928,66,34,54.541666666666664
10929,67,15,53.916666666666664
10930,70,31,55.708333333333336
10931,64,38,54.5625
10932,69,39,53.875
10933,68,30,55.1875
10934,73,31,55.895833333333336
10935,65,44,55.625
10936,65,40,54.229166666666664
10937,68,42,54.5
10938,66,47,55.104166666666664
10939,64,33,53.75
10940,64,41,55.291666666666664
10941,66,35,54.479166666666664
10942,64,32,53.8125
10943,71,43,56.041666666666664
10944,64,38,54.916666666666664
10945,73,46,56.291666666666664
10946,63,40,54.583333333333336
10947,63,34,52.791666666666664
10948,66,15,54.625
10949,63,41,55.416666666666664
10950,69,33,55.604166666666664
10951,66,46,55.854166666666664
10952,67,37,55.125
10953,67,42,53.583333333333336
10954,64,38,54.708333333333336
10955,67,40,53.979166666666664
10956,63,37,54.9375
10957,66,44,55.666666666666664
10958,65,42,54.4375
10959,65,41,54.041666666666664
10960,64,46,54.604166666666664
10961,68,30,53.791666666666664
10962,66,37,54.125
10963,65,40,53.541666666666664
10964,64,36,54.916666666666664
10965,68,44,54.833333333333336
10966,64,44,55.104166666666664
10967,64,48,55.4375
10968,64,40,54.6875
10969,66,40,55.9375
10970,65,38,55.145833333333336
10971,65,20,53.645833333333336
10972,65,43,55.3125
10973,68,37,54.875
10974,68,44,55.458333333333336
10975,66,31,54.229166666666664
10976,65,28,54.104166666666664
10977,69,36,54.916666666666664
10978,68,27,55.75
10979,68,43,54.9375
10980,65,35,55.145833333333336
10981,68,43,54.333333333333336
10982,68,39,55.854166666666664
10983,68,48,56.458333333333336
10984,66,40,52.375
10985,67,41,55.458333333333336
10986,69,44,56.020833333333336
10987,70,46,56.333333333333336
10988,66,36,53.104166666666664
10989,70,41,56.0
10990,67,33,55.520833333333336
10991,69,34,55.125
10992,68,37,53.854166666666664
10993,70,43,54.604166666666664
10994,65,42,54.520833333333336
10995,70,31,54.645833333333336
10996,67,38,56.166666666666664
10997,71,33,54.9375
10998,67,25,53.9375
10999,66,46,54.6875
11000,68,45,55.8125
11001,65,43,54.666666666666664
11002,67,44,55.229166666666664
11003,65,42,55.083333333333336
11004,68,13,55.083333333333336
11005,69,37,53.979166666666664
11006,64,25,54.625
11007,68,36,55.270833333333336
11008,64,43,55.895833333333336
11009,66,43,57.083333333333336
11010,69,39,54.020833333333336
11011,70,43,56.270833333333336
11012,65,46,56.75
11013,67,46,55.1875
11014,68,41,56.333333333333336
11015,70,44,55.104166666666664
11016,69,40,56.041666666666664
11017,68,43,55.979166666666664
11018,65,41,54.75
11019,68,35,54.770833333333336
11020,68,47,56.458333333333336
11021,69,43,56.145833333333336
11022,67,34,54.666666666666664
11023,64,34,54.208333333333336
11024,67,44,56.0625
11025,64,45,55.0
11026,66,44,54.729166666666664
11027,68,44,55.833333333333336
11028,66,47,56.395833333333336
11029,66,47,56.041666666666664
11030,68,43,55.395833333333336
11031,66,47,55.6875
11032,69,34,54.854166666666664
11033,64,39,54.791666666666664
11034,69,49,55.791666666666664
11035,64,46,56.833333333333336
11036,67,37,53.270833333333336
11037,67,38,55.166666666666664
11038,67,46,56.583333333333336
11039,67,42,54.1875
11040,68,45,55.729166666666664
11041,63,42,54.020833333333336
11042,64,35,54.958333333333336
11043,67,36,53.875
11044,68,43,55.541666666666664
11045,65,36,54.5625
11046,62,41,53.645833333333336
11047,65,44,55.270833333333336
11048,67,42,55.8125
11049,65,40,55.541666666666664
11050,66,30,55.208333333333336
11051,64,47,56.229166666666664
11052,65,46,54.708333333333336
11053,65,40,53.979166666666664
11054,67,31,56.083333333333336
11055,64,28,53.5625
11056,64,42,55.375
11057,63,46,55.5
11058,65,46,55.458333333333336
11059,66,28,53.75
11060,64,40,55.375
11061,67,44,55.333333333333336
11062,69,41,55.645833333333336
11063,67,39,55.125
11064,67,38,54.229166666666664
11065,64,43,54.833333333333336
11066,67,17,54.354166666666664
11067,66,43,54.458333333333336
11068,67,45,55.979166666666664
11069,65,48,56.583333333333336
11070,66,35,55.0625
11071,66,39,55.3125
11072,69,28,56.020833333333336
11073,67,45,55.625
11074,66,25,54.604166666666664
11075,65,34,54.791666666666664
11076,67,46,56.125
11077,66,38,55.333333333333336
11078,64,27,52.354166666666664
11079,65,41,54.4375
11080,65,44,54.645833333333336
11081,65,31,54.875
11082,65,32,53.4375
11083,68,38,55.166666666666664
11084,66,41,55.333333333333336
11085,64,39,54.666666666666664
11086,69,41,55.625
11087,68,40,55.729166666666664
11088,66,44,54.604166666666664
11089,67,36,55.875
11090,67,39,53.75
11091,63,40,54.854166666666664
11092,67,45,54.416666666666664
11093,69,39,53.729166666666664
11094,66,40,55.270833333333336
11095,71,40,54.979166666666664
11096,65,44,54.5625
11097,69,33,54.604166666666664
11098,66,45,55.625
11099,67,31,54.875
11100,66,48,56.875
11101,64,37,52.916666666666664
11102,68,38,54.0625
11103,64,36,55.270833333333336
11104,69,32,55.0
11105,65,46,55.541666666666664
11106,65,39,55.354166666666664
11107,67,31,54.875
11108,67,39,55.166666666666664
11109,65,43,55.4375
11110,66,45,56.0
11111,64,44,54.291666666666664
11112,63,42,55.979166666666664
11113,63,41,54.104166666666664
11114,67,39,54.375
11115,65,45,55.520833333333336
11116,69,46,55.479166666666664
11117,64,44,55.0625
11118,65,29,54.583333333333336
11119,66,36,54.666666666666664
11120,67,27,54.041666666666664
11121,64,43,55.4375
11122,64,43,55.895833333333336
11123,63,40,53.895833333333336
11124,64,42,54.375
11125,65,37,53.833333333333336
11126,63,37,54.4375
11127,68,40,54.979166666666664
11128,64,29,55.208333333333336
11129,65,38,55.6875
11130,65,39,55.958333333333336
11131,64,42,54.375
11132,69,38,54.958333333333336
11133,62,41,53.583333333333336
11134,65,44,55.729166666666664
11135,66,32,53.895833333333336
11136,64,29,53.166666666666664
11137,65,42,53.270833333333336
11138,66,29,54.708333333333336
11139,67,34,55.520833333333336
11140,63,35,55.8125
11141,70,36,54.270833333333336
11142,66,38,55.729166666666664
11143,66,43,54.583333333333336
11144,66,42,55.333333333333336
11145,68,44,56.666666666666664
11146,63,40,54.0
11147,65,29,55.4375
11148,71,44,55.8125
11149,65,36,54.104166666666664
11150,66,41,55.8125
11151,64,37,54.375
11152,67,43,55.104166666666664
11153,67,39,54.770833333333336
11154,65,43,55.395833333333336
11155,67,35,55.375
11156,68,40,55.520833333333336
11157,66,39,54.145833333333336
11158,69,38,54.416666666666664
11159,64,43,55.416666666666664
11160,65,46,55.020833333333336
11161,64,32,54.604166666666664
11162,68,39,53.333333333333336
11163,65,40,53.854166666666664
11164,70,43,54.395833333333336
11165,65,34,53.166666666666664
11166,68,40,54.583333333333336
11167,67,43,55.0
11168,68,27,55.791666666666664
11169,69,41,55.854166666666664
11170,68,46,56.041666666666664
11171,66,29,54.0625
11172,68,23,52.895833333333336
11173,68,45,55.791666666666664
11174,69,43,56.0
11175,68,41,54.770833333333336
11176,66,31,53.4375
11177,67,45,55.333333333333336
11178,66,28,54.020833333333336
11179,66,43,55.166666666666664
11180,68,37,55.291666666666664
11181,68,44,56.5625
11182,64,46,55.833333333333336
11183,74,40,55.083333333333336
11184,65,42,54.854166666666664
11185,65,46,55.5
11186,68,34,54.208333333333336
11187,65,46,55.270833333333336
11188,67,47,55.791666666666664
11189,63,41,54.5
11190,65,39,54.729166666666664
11191,71,28,53.645833333333336
11192,67,47,56.083333333333336
11193,64,40,54.166666666666664
11194,66,33,55.25
11195,65,23,54.770833333333336
11196,67,40,55.791666666666664
11197,68,41,54.4375
11198,67,42,55.625
11199,68,42,54.895833333333336
11200,64,41,56.0
11201,68,40,54.125
11202,64,39,53.666666666666664
11203,65,42,54.9375
11204,65,38,54.541666666666664
11205,62,40,54.104166666666664
11206,66,34,54.6875
11207,65,40,55.270833333333336
11208,67,39,54.666666666666664
11209,69,34,55.520833333333336
11210,63,43,55.25
11211,66,43,57.020833333333336
11212,66,44,55.354166666666664
11213,72,37,54.520833333333336
11214,68,39,56.458333333333336
11215,68,33,55.375
11216,65,41,55.104166666666664
11217,68,42,56.25
11218,65,41,55.458333333333336
11219,66,39,55.708333333333336
11220,64,39,54.291666666666664
11221,66,41,55.666666666666664
11222,67,35,54.875
11223,66,34,54.083333333333336
11224,68,37,54.6875
11225,63,38,52.583333333333336
11226,64,38,53.770833333333336
11227,64,36,53.375
11228,65,41,54.604166666666664
11229,65,41,53.6875
11230,65,36,53.583333333333336
11231,65,37,54.958333333333336
11232,69,44,56.6875
11233,63,44,56.0
11234,67,31,54.041666666666664
11235,62,41,53.395833333333336
11236,68,43,55.229166666666664
11237,64,40,54.375
11238,68,44,56.979166666666664
11239,66,43,55.75
11240,67,39,54.875
11241,73,35,53.645833333333336
11242,67,32,55.520833333333336
11243,70,33,53.5625
11244,66,41,55.520833333333336
11245,67,43,56.083333333333336
11246,62,43,54.5
11247,67,44,54.125
11248,65,44,55.854166666666664
11249,67,25,52.458333333333336
11250,67,44,55.958333333333336
11251,65,27,53.6875
11252,66,41,52.9375
11253,70,46,56.5
11254,69,40,54.125
11255,70,43,54.520833333333336
11256,69,31,53.25
11257,64,42,53.895833333333336
11258,68,23,54.6875
11259,71,24,54.520833333333336
11260,67,39,53.708333333333336
11261,66,39,55.083333333333336
11262,65,17,51.291666666666664
11263,66,24,53.708333333333336
11264,64,45,54.9375
11265,67,45,54.145833333333336
11266,69,41,56.75
11267,66,43,55.25
11268,66,37,55.4375
11269,68,47,56.041666666666664
11270,65,44,54.458333333333336
11271,67,43,55.666666666666664
11272,64,46,54.458333333333336
11273,68,41,54.520833333333336
11274,67,36,55.520833333333336
11275,66,38,53.291666666666664
11276,63,36,54.083333333333336
11277,69,42,56.6875
11278,67,45,55.625
11279,66,47,56.291666666666664
11280,68,29,54.708333333333336
11281,65,40,54.416666666666664
11282,66,46,55.208333333333336
11283,66,35,55.291666666666664
11284,71,43,56.833333333333336
11285,65,36,54.9375
11286,69,45,54.25
11287,66,39,55.104166666666664
11288,67,46,55.166666666666664
11289,66,44,55.4375
11290,61,47,55.458333333333336
11291,63,49,55.416666666666664
11292,69,36,55.875
11293,72,44,54.708333333333336
11294,67,38,54.3125
11295,67,37,55.0
11296,66,49,54.958333333333336
11297,69,43,56.0
11298,70,40,55.958333333333336
11299,65,27,54.5625
11300,67,40,54.145833333333336
11301,64,42,53.104166666666664
11302,64,43,53.75
11303,69,46,57.375
11304,67,47,55.3125
11305,68,42,54.833333333333336
11306,66,40,54.020833333333336
11307,64,47,55.3125
11308,66,44,55.0625
11309,64,43,55.729166666666664
11310,64,42,53.854166666666664
11311,70,36,55.0625
11312,69,41,54.895833333333336
11313,68,45,55.979166666666664
11314,66,44,56.041666666666664
11315,67,40,55.020833333333336
11316,65,44,55.0
11317,68,32,54.416666666666664
11318,64,36,54.75
11319,63,42,53.916666666666664
11320,64,42,55.5625
11321,68,47,54.833333333333336
11322,64,27,54.375
11323,63,37,54.104166666666664
11324,65,34,54.4375
11325,68,28,55.479166666666664
11326,65,46,55.916666666666664
11327,67,41,55.104166666666664
11328,66,47,55.645833333333336
11329,63,37,54.479166666666664
11330,68,43,54.604166666666664
11331,69,43,55.541666666666664
11332,69,42,55.9375
11333,67,40,55.458333333333336
11334,66,48,57.104166666666664
11335,67,46,54.166666666666664
11336,65,30,53.354166666666664
11337,65,43,54.604166666666664
11338,68,48,56.770833333333336
11339,70,40,55.041666666666664
11340,69,42,55.625
11341,64,38,55.520833333333336
11342,65,39,54.9375
11343,69,43,54.958333333333336
11344,68,31,55.0
11345,68,45,55.3125
11346,67,38,54.145833333333336
11347,73,34,55.458333333333336
11348,66,27,52.208333333333336
11349,68,44,55.270833333333336
11350,68,40,55.208333333333336
11351,66,28,53.604166666666664
11352,65,43,55.166666666666664
11353,66,39,54.979166666666664
11354,64,31,53.458333333333336
11355,68,33,55.833333333333336
11356,68,37,54.979166666666664
11357,65,36,53.666666666666664
11358,69,34,54.958333333333336
11359,69,38,54.458333333333336
11360,65,37,55.4375
11361,66,45,55.395833333333336
11362,65,32,53.75
11363,64,42,54.4375
11364,67,42,55.708333333333336
11365,63,44,54.3125
11366,73,31,56.208333333333336
11367,67,44,53.791666666666664
11368,64,31,54.208333333333336
11369,66,33,55.770833333333336
11370,67,43,55.583333333333336
11371,63,41,54.541666666666664
11372,69,43,56.166666666666664
11373,65,47,56.083333333333336
11374,70,47,55.895833333333336
11375,66,26,55.729166666666664
11376,67,37,54.833333333333336
11377,68,46,55.9375
11378,69,44,56.020833333333336
11379,66,43,55.041666666666664
11380,67,47,55.979166666666664
11381,65,28,54.875
11382,63,32,53.583333333333336
11383,68,38,54.895833333333336
11384,64,45,53.916666666666664
11385,68,41,53.604166666666664
11386,68,43,54.625
11387,64,31,54.208333333333336
11388,66,22,52.708333333333336
11389,67,35,54.791666666666664
11390,64,40,55.083333333333336
11391,66,15,54.6875
11392,64,38,54.875
11393,67,42,54.979166666666664
11394,64,30,53.979166666666664
11395,68,34,54.916666666666664
11396,63,42,55.291666666666664
11397,68,36,56.583333333333336
11398,66,41,55.3125
11399,67,37,54.25
11400,65,31,55.416666666666664
11401,66,34,54.979166666666664
11402,67,43,54.3125
11403,64,36,52.583333333333336
11404,64,25,54.208333333333336
11405,68,46,55.479166666666664
11406,66,31,54.791666666666664
11407,65,41,55.395833333333336
11408,64,36,53.958333333333336
11409,66,40,55.229166666666664
11410,65,44,55.229166666666664
11411,65,35,53.041666666666664
11412,68,47,54.75
11413,68,43,55.25
11414,64,39,55.4375
11415,68,47,56.333333333333336
11416,70,44,54.4375
11417,64,45,54.5625
11418,65,44,56.145833333333336
11419,63,41,53.458333333333336
11420,68,41,54.1875
11421,69,33,54.604166666666664
11422,69,43,55.354166666666664
11423,62,45,54.333333333333336
11424,66,44,55.3125
11425,67,39,54.354166666666664
11426,70,35,54.8125
11427,67,37,54.9375
11428,64,44,54.208333333333336
11429,69,42,55.833333333333336
11430,66,43,56.458333333333336
11431,64,41,56.958333333333336
11432,64,38,55.625
11433,66,38,54.104166666666664
11434,68,36,53.8125
11435,63,46,54.833333333333336
11436,66,38,55.0625
11437,63,44,55.291666666666664
11438,67,42,56.9375
11439,66,42,55.8125
11440,71,43,55.729166666666664
11441,64,30,53.5
11442,70,37,55.395833333333336
11443,67,38,55.333333333333336
11444,64,34,55.104166666666664
11445,67,41,55.395833333333336
11446,66,41,55.979166666666664
11447,66,43,55.3125
11448,68,47,55.375
11449,67,45,56.3125
11450,66,47,54.875
11451,67,44,55.9375
11452,67,36,54.770833333333336
11453,66,45,55.479166666666664
11454,67,37,56.020833333333336
11455,66,33,54.604166666666664
11456,65,38,54.3125
11457,67,30,54.875
11458,69,41,55.604166666666664
11459,65,46,55.8125
11460,65,35,53.9375
11461,66,40,54.5
11462,65,37,55.125
11463,64,40,54.458333333333336
11464,67,44,55.75
11465,67,42,56.208333333333336
11466,68,35,53.854166666666664
11467,64,40,55.604166666666664
11468,71,44,56.791666666666664
11469,66,39,55.479166666666664
11470,66,37,55.666666666666664
11471,67,25,54.5625
11472,64,41,55.5
11473,66,34,55.625
11474,65,48,55.104166666666664
11475,66,38,54.958333333333336
11476,66,33,55.6875
11477,69,36,55.1875
11478,65,42,54.1875
11479,66,35,53.770833333333336
11480,67,42,56.416666666666664
11481,63,38,53.645833333333336
11482,69,38,56.208333333333336
11483,68,37,55.208333333333336
11484,66,44,55.729166666666664
11485,64,46,56.5
11486,65,38,53.9375
11487,65,34,54.541666666666664
11488,66,21,54.9375
11489,65,40,55.125
11490,65,46,55.041666666666664
11491,70,24,54.020833333333336
11492,67,47,56.208333333333336
11493,67,34,54.791666666666664
11494,70,38,55.25
11495,65,43,54.520833333333336
11496,68,44,56.0
11497,63,41,55.833333333333336
11498,65,43,54.229166666666664
11499,68,39,55.5
11500,66,43,56.208333333333336
11501,63,36,52.270833333333336
11502,65,39,54.375
11503,65,40,54.0625
11504,69,42,54.75
11505,71,38,55.958333333333336
11506,67,38,54.541666666666664
11507,68,38,55.895833333333336
11508,67,40,54.75
11509,67,42,55.166666666666664
11510,66,41,56.041666666666664
11511,66,35,54.854166666666664
11512,69,44,55.270833333333336
11513,65,23,54.583333333333336
11514,68,43,54.5625
11515,64,46,54.958333333333336
11516,69,40,54.041666666666664
11517,68,43,55.3125
11518,69,46,55.958333333333336
11519,65,38,54.541666666666664
11520,64,47,55.708333333333336
11521,65,39,54.3125
11522,68,40,55.104166666666664
11523,66,41,54.395833333333336
11524,66,41,54.854166666666664
11525,66,41,54.604166666666664
11526,66,41,53.020833333333336
11527,63,38,54.083333333333336
11528,63,33,53.375
11529,66,31,54.729166666666664
11530,67,40,56.041666666666664
11531,68,42,56.791666666666664
11532,65,36,54.458333333333336
11533,64,34,53.145833333333336
11534,67,36,55.354166666666664
11535,66,36,55.0625
11536,64,45,53.854166666666664
11537,67,44,55.916666666666664
11538,64,41,55.3125
11539,67,45,55.5625
11540,68,44,55.0
11541,66,41,54.916666666666664
11542,67,41,56.375
11543,68,45,54.083333333333336
11544,66,46,55.333333333333336
11545,67,31,55.3125
11546,64,50,56.833333333333336
11547,66,36,55.0
11548,66,41,55.770833333333336
11549,65,25,56.270833333333336
11550,69,34,54.6875
11551,70,43,54.291666666666664
11552,67,44,55.4375
11553,63,47,55.25
11554,70,43,56.395833333333336
11555,65,43,54.479166666666664
11556,65,43,55.604166666666664
11557,67,45,54.458333333333336
11558,66,45,55.4375
11559,62,44,54.125
11560,69,41,55.166666666666664
11561,71,30,56.020833333333336
11562,64,45,54.895833333333336
11563,62,45,55.520833333333336
11564,69,43,55.416666666666664
11565,64,42,54.5625
11566,68,43,55.5
11567,68,41,55.9375
11568,66,45,56.3125
11569,67,44,55.666666666666664
11570,68,42,55.416666666666664
11571,65,31,52.895833333333336
11572,64,39,54.916666666666664
11573,66,26,54.0625
11574,68,35,54.604166666666664
11575,67,44,53.791666666666664
11576,66,35,54.604166666666664
11577,65,36,55.0625
11578,64,35,53.229166666666664
11579,67,41,55.875
11580,66,46,55.416666666666664
11581,67,38,55.520833333333336
11582,71,39,55.333333333333336
11583,64,43,54.4375
11584,67,44,56.145833333333336
11585,64,35,53.729166666666664
11586,67,46,55.916666666666664
11587,68,35,54.854166666666664
11588,63,36,54.1875
11589,64,41,53.166666666666664
11590,66,41,54.6875
11591,64,27,53.479166666666664
11592,66,39,55.5
11593,64,37,54.4375
11594,64,33,54.6875
11595,64,31,53.729166666666664
11596,64,45,55.166666666666664
11597,66,40,54.875
11598,65,41,55.5
11599,63,21,54.166666666666664
11600,66,47,55.895833333333336
11601,67,37,55.520833333333336
11602,65,44,55.395833333333336
11603,64,34,55.270833333333336
11604,66,40,55.354166666666664
11605,66,46,55.458333333333336
11606,68,44,53.708333333333336
11607,71,11,54.979166666666664
11608,66,42,55.791666666666664
11609,64,36,54.0625
11610,68,41,54.3125
11611,70,44,54.833333333333336
11612,65,37,55.5625
11613,66,43,54.8125
11614,66,34,54.125
11615,65,43,55.291666666666664
11616,67,45,57.333333333333336
11617,67,34,54.479166666666664
11618,69,48,57.354166666666664
11619,65,23,53.854166666666664
11620,68,43,55.6875
11621,68,44,55.791666666666664
11622,66,43,55.520833333333336
11623,67,36,54.25
11624,67,45,56.145833333333336
11625,67,48,55.645833333333336
11626,65,36,54.208333333333336
11627,61,38,53.625
11628,64,39,53.458333333333336
11629,65,45,54.125
11630,68,43,55.4375
11631,65,22,54.895833333333336
11632,68,39,54.5
11633,71,41,55.666666666666664
11634,66,44,53.833333333333336
11635,68,33,54.708333333333336
11636,66,35,55.166666666666664
11637,64,31,54.020833333333336
11638,67,40,54.229166666666664
11639,65,38,54.104166666666664
11640,67,43,56.6875
11641,65,38,55.104166666666664
11642,63,44,55.229166666666664
11643,71,41,54.1875
11644,69,31,54.875
11645,74,47,56.020833333333336
11646,66,42,55.604166666666664
11647,63,42,54.604166666666664
11648,63,44,55.354166666666664
11649,67,42,56.416666666666664
11650,67,41,55.020833333333336
11651,67,40,54.75
11652,65,47,55.833333333333336
11653,66,40,54.979166666666664
11654,67,41,55.270833333333336
11655,69,47,56.75
11656,67,41,55.916666666666664
11657,66,24,52.875
11658,64,47,56.291666666666664
11659,65,31,53.583333333333336
11660,66,41,55.020833333333336
11661,67,46,55.6875
11662,71,38,55.041666666666664
11663,66,39,54.6875
11664,61,30,53.875
11665,66,39,55.125
11666,66,43,56.291666666666664
11667,64,35,54.625
11668,64,44,55.479166666666664
11669,67,46,54.583333333333336
11670,65,40,54.729166666666664
11671,67,26,53.25
11672,63,33,54.666666666666664
11673,66,43,55.270833333333336
11674,66,44,54.604166666666664
11675,69,23,55.125
11676,66,43,55.125
11677,65,47,55.083333333333336
11678,67,43,54.75
11679,65,32,53.916666666666664
11680,64,41,54.3125
11681,68,42,54.916666666666664
11682,64,45,55.208333333333336
11683,70,42,55.458333333333336
11684,67,33,54.166666666666664
11685,73,36,55.208333333333336
11686,67,38,55.5
11687,68,30,55.583333333333336
11688,70,37,55.645833333333336
11689,65,28,54.145833333333336
11690,65,41,54.1875
11691,67,45,55.8125
11692,65,31,54.270833333333336
11693,65,24,53.458333333333336
11694,64,32,53.541666666666664
11695,67,22,54.0625
11696,69,42,55.604166666666664
11697,66,36,54.375
11698,64,9,54.145833333333336
11699,65,47,55.3125
11700,66,45,54.375
11701,67,39,53.645833333333336
11702,70,43,55.625
11703,72,38,54.979166666666664
11704,69,47,55.541666666666664
11705,67,45,54.875
11706,65,33,55.083333333333336
11707,65,40,53.145833333333336
11708,70,44,55.604166666666664
11709,64,44,55.145833333333336
11710,66,28,53.229166666666664
11711,66,38,53.604166666666664
11712,66,46,55.125
11713,65,43,55.770833333333336
11714,71,34,54.0625
11715,65,40,55.625
11716,67,37,54.541666666666664
11717,67,41,54.0625
11718,67,41,56.395833333333336
11719,66,27,53.75
11720,67,44,55.625
11721,68,38,54.8125
11722,65,34,54.041666666666664
11723,70,31,54.458333333333336
11724,66,41,55.5
11725,72,47,56.166666666666664
11726,66,43,55.604166666666664
11727,69,41,54.8125
11728,64,39,54.958333333333336
11729,65,38,55.416666666666664
11730,64,44,54.5625
11731,64,40,55.229166666666664
11732,66,33,54.916666666666664
11733,64,36,54.8125
11734,68,46,55.916666666666664
11735,66,40,55.854166666666664
11736,67,48,55.791666666666664
11737,70,42,55.3125
11738,66,44,55.9375
11739,67,42,55.020833333333336
11740,66,39,54.0625
11741,64,40,54.791666666666664
11742,70,37,54.458333333333336
11743,67,45,55.479166666666664
11744,70,26,55.1875
11745,67,34,56.0
11746,64,48,56.229166666666664
11747,65,40,55.479166666666664
11748,67,41,55.25
11749,69,34,53.0
11750,69,37,55.208333333333336
11751,65,40,54.270833333333336
11752,67,39,54.916666666666664
11753,67,44,55.145833333333336
11754,68,40,54.6875
11755,68,45,54.583333333333336
11756,66,43,55.666666666666664
11757,68,38,55.229166666666664
11758,64,43,56.166666666666664
11759,67,26,54.020833333333336
11760,66,47,56.458333333333336
11761,72,43,57.375
11762,70,36,54.625
11763,67,18,51.395833333333336
11764,64,28,55.666666666666664
11765,67,38,54.958333333333336
11766,69,23,55.395833333333336
11767,67,32,55.083333333333336
11768,67,36,54.979166666666664
11769,65,43,55.229166666666664
11770,65,39,54.458333333333336
11771,71,46,56.125
11772,71,33,54.5625
11773,70,41,54.479166666666664
11774,69,42,55.833333333333336
11775,67,46,55.229166666666664
11776,66,46,55.1875
11777,69,40,55.1875
11778,67,35,55.583333333333336
11779,69,22,55.645833333333336
11780,65,23,55.020833333333336
11781,71,44,55.770833333333336
11782,64,38,53.791666666666664
11783,67,26,54.270833333333336
11784,66,46,54.791666666666664
11785,65,39,54.75
11786,64,37,55.520833333333336
11787,72,32,54.791666666666664
11788,70,27,53.645833333333336
11789,65,17,56.291666666666664
11790,66,35,53.395833333333336
11791,66,39,54.291666666666664
11792,68,22,54.916666666666664
11793,64,45,55.958333333333336
11794,66,44,55.625
11795,66,39,55.520833333333336
11796,64,29,54.104166666666664
11797,64,32,53.875
11798,64,39,54.5
11799,71,41,54.083333333333336
11800,67,46,55.8125
11801,73,21,51.9375
11802,66,28,53.604166666666664
11803,67,33,55.895833333333336
11804,67,34,53.9375
11805,62,34,53.770833333333336
11806,68,37,54.0
11807,66,38,55.5
11808,63,33,53.979166666666664
11809,66,41,54.625
11810,61,46,55.0625
11811,63,31,51.8125
11812,71,34,55.333333333333336
11813,70,38,53.833333333333336
11814,68,44,55.791666666666664
11815,65,39,54.916666666666664
11816,67,47,55.1875
11817,65,38,54.229166666666664
11818,69,34,54.625
11819,67,29,53.791666666666664
11820,65,39,54.3125
11821,66,28,54.458333333333336
11822,67,44,54.9375
11823,68,43,54.6875
11824,63,44,54.229166666666664
11825,67,40,54.729166666666664
11826,67,44,54.416666666666664
11827,65,39,56.5625
11828,65,38,53.979166666666664
11829,63,22,53.604166666666664
11830,68,38,53.895833333333336
11831,65,35,53.104166666666664
11832,68,39,54.354166666666664
11833,66,42,54.645833333333336
11834,70,42,54.854166666666664
11835,69,45,55.3125
11836,67,42,55.791666666666664
11837,64,26,54.604166666666664
11838,62,34,55.208333333333336
11839,66,41,56.0
11840,65,34,54.645833333333336
11841,63,39,55.75
11842,69,42,54.625
11843,64,28,54.291666666666664
11844,66,29,54.0
11845,67,37,54.645833333333336
11846,65,37,54.5625
11847,67,45,55.6875
11848,68,42,56.625
11849,67,42,54.541666666666664
11850,67,42,54.5
11851,64,38,55.520833333333336
11852,67,40,55.104166666666664
11853,68,45,55.4375
11854,66,43,56.166666666666664
11855,65,38,54.916666666666664
11856,67,42,55.1875
11857,64,39,54.229166666666664
11858,66,29,54.666666666666664
11859,64,36,54.229166666666664
11860,65,45,54.895833333333336
11861,68,41,54.354166666666664
11862,68,45,55.604166666666664
11863,66,41,54.354166666666664
11864,65,39,54.895833333333336
11865,66,35,54.479166666666664
11866,71,38,54.666666666666664
11867,66,41,54.75
11868,67,36,54.395833333333336
11869,63,36,53.0
11870,70,24,54.520833333333336
11871,71,16,54.125
11872,68,35,54.583333333333336
11873,67,32,55.354166666666664
11874,65,41,55.9375
11875,71,40,55.6875
11876,70,40,55.375
11877,66,41,56.166666666666664
11878,63,37,53.395833333333336
11879,69,16,53.291666666666664
11880,65,31,55.375
11881,66,43,53.854166666666664
11882,64,40,54.041666666666664
11883,66,24,54.083333333333336
11884,66,47,55.208333333333336
11885,66,45,56.104166666666664
11886,65,37,55.104166666666664
11887,67,38,55.166666666666664
11888,65,41,54.6875
11889,67,6,54.520833333333336
11890,70,46,55.958333333333336
11891,63,32,54.5
11892,69,45,55.583333333333336
11893,67,35,54.270833333333336
11894,65,28,55.5625
11895,67,40,54.479166666666664
11896,68,28,54.458333333333336
11897,64,41,55.125
11898,67,33,55.083333333333336
11899,69,37,56.270833333333336
11900,66,37,54.395833333333336
11901,71,41,55.604166666666664
11902,66,46,55.6875
11903,69,38,54.895833333333336
11904,69,41,55.25
11905,69,39,54.770833333333336
11906,66,43,53.5625
11907,66,30,55.25
11908,69,41,53.3125
11909,68,47,54.979166666666664
11910,67,39,56.291666666666664
11911,69,19,54.604166666666664
11912,65,43,55.041666666666664
11913,69,23,53.395833333333336
11914,63,45,56.145833333333336
11915,64,44,55.229166666666664
11916,66,41,54.395833333333336
11917,65,46,55.229166666666664
11918,67,28,52.791666666666664
11919,70,40,54.770833333333336
11920,63,20,53.479166666666664
11921,67,32,52.604166666666664
11922,65,42,55.833333333333336
11923,68,26,54.916666666666664
11924,66,30,54.979166666666664
11925,66,40,54.604166666666664
11926,66,35,55.270833333333336
11927,69,40,56.208333333333336
11928,65,48,55.708333333333336
11929,69,42,56.020833333333336
11930,69,38,53.9375
11931,65,33,54.104166666666664
11932,69,39,54.625
11933,64,30,53.791666666666664
11934,67,44,55.479166666666664
11935,66,47,55.791666666666664
11936,66,36,53.9375
11937,64,42,53.604166666666664
11938,67,44,54.520833333333336
11939,67,44,54.541666666666664
11940,68,31,55.333333333333336
11941,66,32,53.604166666666664
11942,68,41,55.1875
11943,68,35,55.166666666666664
11944,69,37,53.875
11945,69,46,54.9375
11946,66,40,55.833333333333336
11947,67,43,55.4375
11948,65,12,52.895833333333336
11949,66,45,54.541666666666664
11950,63,45,55.75
11951,65,24,53.291666666666664
11952,69,44,55.0
11953,66,27,53.041666666666664
11954,66,25,55.229166666666664
11955,68,33,55.1875
11956,68,28,55.0
11957,67,35,55.354166666666664
11958,63,42,55.6875
11959,66,37,53.854166666666664
11960,65,43,55.3125
11961,66,40,55.291666666666664
11962,65,30,54.166666666666664
11963,66,31,55.020833333333336
11964,66,36,54.625
11965,66,38,55.1875
11966,67,47,55.125
11967,67,36,54.6875
11968,67,43,56.125
11969,66,46,54.520833333333336
11970,63,48,56.541666666666664
11971,72,45,57.25
11972,69,46,55.4375
11973,65,33,53.916666666666664
11974,68,41,55.708333333333336
11975,67,19,53.895833333333336
11976,66,45,55.208333333333336
11977,66,36,55.291666666666664
11978,66,13,54.6875
11979,63,22,54.895833333333336
11980,64,43,54.666666666666664
11981,65,44,54.645833333333336
11982,65,21,52.791666666666664
11983,67,11,53.229166666666664
11984,65,40,54.125
11985,69,40,55.208333333333336
11986,69,38,53.895833333333336
11987,64,38,53.708333333333336
11988,68,40,54.666666666666664
11989,66,39,55.666666666666664
11990,68,41,54.854166666666664
11991,72,32,53.6875
11992,68,38,53.979166666666664
11993,67,21,54.416666666666664
11994,68,45,54.791666666666664
11995,67,43,55.0
11996,65,41,53.083333333333336
11997,69,40,55.0
11998,67,43,55.333333333333336
11999,66,39,56.25
12000,64,41,55.020833333333336
12001,69,45,55.75
12002,64,38,53.958333333333336
12003,69,39,54.708333333333336
12004,66,37,53.895833333333336
12005,64,43,55.041666666666664
12006,66,42,56.416666666666664
12007,65,43,55.333333333333336
12008,68,40,54.520833333333336
12009,73,42,56.916666666666664
12010,69,40,54.708333333333336
12011,65,41,55.791666666666664
12012,66,36,54.041666666666664
12013,67,37,55.5
12014,67,43,55.854166666666664
12015,64,36,55.0
12016,68,44,56.625
12017,63,42,55.166666666666664
12018,65,42,54.9375
12019,67,42,56.083333333333336
12020,69,32,54.125
12021,67,24,55.229166666666664
12022,69,40,54.895833333333336
12023,68,45,55.5625
12024,71,32,54.9375
12025,71,38,55.791666666666664
12026,69,43,54.041666666666664
12027,64,46,55.541666666666664
12028,67,42,55.208333333333336
12029,69,26,52.895833333333336
12030,63,39,53.770833333333336
12031,74,42,54.416666666666664
12032,62,36,53.520833333333336
12033,68,25,54.583333333333336
12034,65,29,51.583333333333336
12035,69,27,54.75
12036,63,30,52.25
12037,65,17,53.708333333333336
12038,66,26,53.895833333333336
12039,66,36,53.958333333333336
12040,68,38,54.375
12041,67,40,55.229166666666664
12042,63,40,55.666666666666664
12043,68,11,53.6875
12044,65,40,53.895833333333336
12045,67,43,55.0625
12046,67,42,55.458333333333336
12047,61,36,53.0625
12048,63,39,52.625
12049,63,21,53.020833333333336
12050,68,45,56.5
12051,66,44,56.708333333333336
12052,67,17,53.229166666666664
12053,70,44,55.041666666666664
12054,63,35,54.208333333333336
12055,61,47,55.020833333333336
12056,64,28,53.104166666666664
12057,70,38,54.833333333333336
12058,66,46,55.4375
12059,67,28,53.25
12060,65,34,54.416666666666664
12061,70,42,54.666666666666664
12062,66,18,54.3125
12063,64,22,54.041666666666664
12064,68,33,53.958333333333336
12065,65,24,52.708333333333336
12066,71,42,54.958333333333336
12067,68,44,55.270833333333336
12068,74,36,54.666666666666664
12069,69,40,53.583333333333336
12070,65,34,53.270833333333336
12071,66,26,52.9375
12072,68,35,55.104166666666664
12073,65,44,54.9375
12074,68,42,54.979166666666664
12075,66,29,54.583333333333336
12076,65,43,55.020833333333336
12077,65,34,53.770833333333336
12078,64,45,56.041666666666664
12079,66,41,53.708333333333336
12080,66,26,54.5625
12081,62,39,53.479166666666664
12082,65,25,54.458333333333336
12083,70,37,54.479166666666664
12084,64,25,53.0
12085,65,43,55.3125
12086,64,36,53.5
12087,65,34,52.854166666666664
12088,66,35,55.104166666666664
12089,65,42,54.833333333333336
12090,63,32,54.041666666666664
12091,68,42,55.333333333333336
12092,66,21,54.395833333333336
12093,65,27,54.895833333333336
12094,63,41,54.833333333333336
12095,68,24,53.229166666666664
12096,65,14,54.875
12097,64,27,54.1875
12098,65,31,53.229166666666664
12099,63,40,55.0
12100,72,34,54.770833333333336
12101,67,28,52.666666666666664
12102,70,34,55.979166666666664
12103,66,20,52.979166666666664
12104,65,35,54.104166666666664
12105,68,30,54.645833333333336
12106,66,38,55.291666666666664
12107,63,35,54.4375
12108,68,35,52.75
12109,66,40,53.9375
12110,64,42,53.625
12111,63,37,52.958333333333336
12112,70,40,55.0
12113,66,42,54.208333333333336
12114,65,43,55.6875
12115,66,39,54.020833333333336
12116,65,23,52.5625
12117,66,42,53.75
12118,67,40,54.416666666666664
12119,67,44,54.979166666666664
12120,65,30,53.3125
12121,65,24,54.5
12122,66,27,54.833333333333336
12123,64,38,53.479166666666664
12124,68,37,55.354166666666664
12125,66,36,54.958333333333336
12126,71,47,56.479166666666664
12127,69,43,55.354166666666664
12128,65,43,54.166666666666664
12129,69,30,54.791666666666664
12130,65,37,53.729166666666664
12131,68,39,54.375
12132,64,37,54.666666666666664
12133,66,33,54.458333333333336
12134,64,45,54.25
12135,66,43,54.354166666666664
12136,65,34,53.916666666666664
12137,67,39,55.0
12138,70,43,55.125
12139,65,36,54.5
12140,69,34,54.854166666666664
12141,64,33,53.416666666666664
12142,66,38,53.666666666666664
12143,63,47,55.604166666666664
12144,63,43,55.145833333333336
12145,67,39,54.604166666666664
12146,66,42,53.166666666666664
12147,67,37,54.125
12148,66,29,54.333333333333336
12149,69,39,53.5625
12150,65,45,54.6875
12151,65,43,54.375
12152,70,38,54.6875
12153,70,43,55.166666666666664
12154,69,31,54.916666666666664
12155,68,37,53.229166666666664
12156,68,41,54.145833333333336
12157,65,29,53.979166666666664
12158,70,34,53.541666666666664
12159,65,29,53.4375
12160,64,34,54.645833333333336
12161,69,34,55.1875
12162,65,38,54.541666666666664
12163,72,25,55.6875
12164,63,31,54.166666666666664
12165,69,27,55.375
12166,65,39,53.770833333333336
12167,70,35,54.6875
12168,63,45,55.458333333333336
12169,67,36,54.041666666666664
12170,67,32,55.125
12171,68,38,54.291666666666664
12172,67,41,55.4375
12173,65,37,54.541666666666664
12174,65,39,54.395833333333336
12175,64,40,54.9375
12176,66,36,54.041666666666664
12177,64,39,54.520833333333336
12178,67,30,54.020833333333336
12179,71,47,55.166666666666664
12180,64,37,53.75
12181,65,41,55.1875
12182,64,38,54.1875
12183,67,35,54.6875
12184,62,41,54.3125
12185,65,43,55.020833333333336
12186,63,38,54.229166666666664
12187,65,18,54.645833333333336
12188,66,37,55.75
12189,67,42,54.520833333333336
12190,67,42,55.020833333333336
12191,63,40,53.9375
12192,65,34,54.9375
12193,65,42,54.1875
12194,67,36,54.5
12195,69,42,56.0
12196,70,35,55.520833333333336
12197,68,20,54.208333333333336
12198,70,44,55.6875
12199,68,30,54.916666666666664
12200,64,27,54.229166666666664
12201,64,43,54.375
12202,64,45,56.083333333333336
12203,67,46,56.041666666666664
12204,64,34,54.583333333333336
12205,67,46,55.333333333333336
12206,66,31,55.520833333333336
12207,64,45,54.8125
12208,65,42,53.770833333333336
12209,64,46,55.604166666666664
12210,64,27,55.666666666666664
12211,64,46,54.5
12212,66,32,53.791666666666664
12213,69,43,56.958333333333336
12214,65,23,53.541666666666664
12215,64,44,55.0
12216,69,43,55.208333333333336
12217,68,16,55.166666666666664
12218,61,37,54.5625
12219,66,41,55.041666666666664
12220,70,43,56.291666666666664
12221,74,42,56.229166666666664
12222,66,41,56.270833333333336
12223,63,47,55.395833333333336
12224,72,37,54.25
12225,66,40,54.5625
12226,64,40,54.125
12227,68,39,54.958333333333336
12228,67,43,55.729166666666664
12229,69,45,55.229166666666664
12230,69,44,57.0
12231,67,34,54.145833333333336
12232,65,43,55.020833333333336
12233,67,46,54.979166666666664
12234,68,38,55.291666666666664
12235,67,42,53.9375
12236,66,43,54.895833333333336
12237,69,31,54.895833333333336
12238,65,33,53.020833333333336
12239,68,28,54.416666666666664
12240,70,34,54.645833333333336
12241,73,47,56.270833333333336
12242,70,41,55.541666666666664
12243,64,25,53.520833333333336
12244,67,39,56.25
12245,68,44,55.4375
12246,65,45,55.229166666666664
12247,67,40,55.208333333333336
12248,63,34,55.1875
12249,64,38,54.979166666666664
12250,65,40,54.729166666666664
12251,66,42,54.875
12252,64,40,52.354166666666664
12253,63,40,54.1875
12254,63,48,55.541666666666664
12255,66,40,54.479166666666664
12256,63,31,54.125
12257,66,29,55.5
12258,67,33,53.333333333333336
12259,62,42,53.458333333333336
12260,69,47,55.5
12261,67,44,55.125
12262,68,42,53.9375
12263,63,45,54.229166666666664
12264,66,47,54.8125
12265,68,37,54.854166666666664
12266,63,33,53.25
12267,66,41,55.208333333333336
12268,72,44,55.270833333333336
12269,66,46,55.5
12270,63,37,55.0
12271,63,20,53.708333333333336
12272,73,39,53.854166666666664
12273,67,39,55.291666666666664
12274,67,37,55.895833333333336
12275,65,37,54.104166666666664
12276,65,29,53.979166666666664
12277,71,31,52.916666666666664
12278,62,45,55.229166666666664
12279,68,39,55.0625
12280,64,19,53.25
12281,69,23,53.5625
12282,67,37,54.645833333333336
12283,66,40,55.8125
12284,67,46,56.208333333333336
12285,66,17,53.354166666666664
12286,66,41,55.520833333333336
12287,72,33,55.625
12288,70,41,54.541666666666664
12289,69,44,55.916666666666664
12290,64,46,55.3125
12291,70,44,56.041666666666664
12292,66,34,55.333333333333336
12293,65,36,55.020833333333336
12294,69,35,53.5625
12295,65,40,55.125
12296,65,41,54.645833333333336
12297,67,32,54.333333333333336
12298,67,45,55.625
12299,66,36,54.770833333333336
12300,65,42,54.75
12301,68,32,53.645833333333336
12302,66,39,54.125
12303,64,42,55.0625
12304,66,42,55.1875
12305,66,31,55.416666666666664
12306,69,44,55.708333333333336
12307,67,43,54.979166666666664
12308,66,36,55.104166666666664
12309,66,40,55.541666666666664
12310,70,26,56.083333333333336
12311,73,42,55.6875
12312,66,40,55.1875
12313,66,30,54.1875
12314,68,38,55.854166666666664
12315,67,38,54.6875
12316,67,44,55.916666666666664
12317,65,36,55.229166666666664
12318,65,33,55.166666666666664
12319,65,35,53.583333333333336
12320,65,42,55.0
12321,62,30,54.666666666666664
12322,66,43,55.645833333333336
12323,65,42,55.0
12324,66,43,55.5625
12325,62,36,54.3125
12326,66,46,54.979166666666664
12327,68,32,55.875
12328,67,43,55.104166666666664
12329,69,45,56.041666666666664
12330,66,43,54.729166666666664
12331,67,21,55.020833333333336
12332,66,21,54.25
12333,64,42,55.0625
12334,67,45,55.583333333333336
12335,69,37,54.958333333333336
12336,68,45,55.833333333333336
12337,64,43,55.041666666666664
12338,66,35,53.3125
12339,68,28,54.541666666666664
12340,66,44,53.958333333333336
12341,67,32,55.208333333333336
12342,63,41,54.875
12343,63,34,54.458333333333336
12344,67,39,55.0
12345,71,44,54.708333333333336
12346,67,35,55.208333333333336
12347,68,42,55.145833333333336
12348,64,40,54.145833333333336
12349,67,37,54.770833333333336
12350,65,35,55.770833333333336
12351,64,40,55.520833333333336
12352,73,18,52.979166666666664
12353,63,24,53.0625
12354,65,32,54.25
12355,72,44,56.958333333333336
12356,66,36,53.875
12357,66,45,54.4375
12358,67,35,54.5625
12359,64,32,55.833333333333336
12360,65,37,54.3125
12361,72,46,55.75
12362,62,14,52.958333333333336
12363,64,32,55.104166666666664
12364,72,41,54.104166666666664
12365,65,40,54.75
12366,66,41,55.166666666666664
12367,70,45,56.604166666666664
12368,67,37,55.854166666666664
12369,68,34,54.833333333333336
12370,69,32,52.75
12371,64,30,53.354166666666664
12372,65,40,55.020833333333336
12373,67,48,55.5
12374,69,47,56.020833333333336
12375,67,46,56.9375
12376,65,42,53.8125
12377,66,44,54.5
12378,69,37,54.979166666666664
12379,70,45,54.958333333333336
12380,71,28,55.770833333333336
12381,64,33,54.166666666666664
12382,65,22,54.8125
12383,68,38,54.458333333333336
12384,66,33,54.0625
12385,70,19,54.145833333333336
12386,70,40,54.4375
12387,69,37,54.6875
12388,62,46,54.895833333333336
12389,64,26,54.9375
12390,69,42,53.729166666666664
12391,66,43,56.270833333333336
12392,68,44,55.375
12393,66,46,56.791666666666664
12394,64,32,53.8125
12395,71,44,57.0
12396,71,34,54.354166666666664
12397,66,44,54.666666666666664
12398,68,44,55.729166666666664
12399,68,41,55.625
12400,69,42,53.75
12401,65,23,53.291666666666664
12402,67,29,53.6875
12403,67,36,55.208333333333336
12404,67,40,54.666666666666664
12405,62,35,54.979166666666664
12406,68,20,53.229166666666664
12407,66,38,54.0
12408,63,38,53.395833333333336
12409,67,42,54.854166666666664
12410,69,45,56.354166666666664
12411,69,44,54.375
12412,63,31,54.541666666666664
12413,66,44,54.520833333333336
12414,65,36,55.020833333333336
12415,64,45,55.75
12416,66,41,54.208333333333336
12417,65,42,55.666666666666664
12418,62,43,53.604166666666664
12419,64,27,53.8125
12420,65,43,55.145833333333336
12421,67,32,53.833333333333336
12422,64,44,55.583333333333336
12423,67,37,55.729166666666664
12424,64,45,55.354166666666664
12425,65,40,54.916666666666664
12426,67,39,54.583333333333336
12427,64,43,54.270833333333336
12428,66,44,55.4375
12429,65,43,55.645833333333336
12430,69,36,54.833333333333336
12431,67,38,54.229166666666664
12432,64,46,55.9375
12433,66,48,56.125
12434,66,28,54.708333333333336
12435,69,43,56.125
12436,64,37,53.791666666666664
12437,66,41,55.0625
12438,63,42,55.020833333333336
12439,65,43,54.270833333333336
12440,64,42,55.479166666666664
12441,65,44,55.375
12442,67,36,53.979166666666664
12443,66,39,55.729166666666664
12444,64,38,53.729166666666664
12445,73,42,55.708333333333336
12446,63,41,53.5
12447,65,44,56.5
12448,63,41,55.916666666666664
12449,66,41,54.458333333333336
12450,64,45,54.416666666666664
12451,62,23,54.25
12452,70,44,56.6875
12453,65,45,55.604166666666664
12454,67,45,55.8125
12455,66,40,55.770833333333336
12456,66,38,54.916666666666664
12457,65,44,55.791666666666664
12458,64,44,54.4375
12459,70,37,55.729166666666664
12460,63,35,53.958333333333336
12461,68,24,54.8125
12462,68,41,53.1875
12463,66,35,54.666666666666664
12464,68,43,55.1875
12465,72,44,55.375
12466,63,47,55.645833333333336
12467,73,44,56.458333333333336
12468,63,44,54.916666666666664
12469,66,41,54.645833333333336
12470,63,46,56.166666666666664
12471,66,45,54.354166666666664
12472,66,44,54.020833333333336
12473,62,38,54.416666666666664
12474,67,37,55.3125
12475,67,42,55.104166666666664
12476,67,32,54.395833333333336
12477,69,41,54.5625
12478,64,41,54.8125
12479,67,35,54.0625
12480,71,45,55.166666666666664
12481,66,38,55.208333333333336
12482,66,41,54.729166666666664
12483,64,33,53.333333333333336
12484,65,44,55.229166666666664
12485,67,43,55.5
12486,66,32,52.916666666666664
12487,69,40,55.041666666666664
12488,66,44,55.375
12489,67,42,55.6875
12490,63,45,55.354166666666664
12491,69,40,54.645833333333336
12492,65,39,54.208333333333336
12493,72,38,54.1875
12494,68,43,53.770833333333336
12495,64,30,54.416666666666664
12496,64,40,54.854166666666664
12497,64,40,53.770833333333336
12498,66,41,55.229166666666664
12499,68,40,54.9375
12500,66,38,54.083333333333336
12501,64,15,53.729166666666664
12502,66,46,55.333333333333336
12503,68,37,54.104166666666664
12504,70,23,54.708333333333336
12505,67,36,55.979166666666664
12506,71,44,56.770833333333336
12507,69,30,54.645833333333336
12508,66,36,55.354166666666664
12509,67,38,54.0625
12510,65,45,55.416666666666664
12511,67,45,54.979166666666664
12512,65,37,54.020833333333336
12513,64,44,55.333333333333336
12514,71,39,54.291666666666664
12515,67,44,55.895833333333336
12516,68,41,54.208333333333336
12517,70,40,54.875
12518,71,42,56.104166666666664
12519,70,44,55.895833333333336
12520,65,24,53.395833333333336
12521,65,36,55.479166666666664
12522,68,15,53.729166666666664
12523,67,33,52.375
12524,66,37,54.895833333333336
12525,68,25,52.583333333333336
12526,64,32,54.3125
12527,71,36,53.583333333333336
12528,67,44,56.5625
12529,64,35,54.833333333333336
12530,66,35,56.208333333333336
12531,69,37,53.541666666666664
12532,66,42,55.770833333333336
12533,70,19,54.708333333333336
12534,68,39,55.5
12535,68,36,54.875
12536,66,26,53.708333333333336
12537,67,42,55.625
12538,68,42,55.354166666666664
12539,67,37,55.416666666666664
12540,63,36,55.208333333333336
12541,63,43,54.333333333333336
12542,65,30,52.583333333333336
12543,67,24,53.229166666666664
12544,66,37,51.708333333333336
12545,63,30,54.6875
12546,67,8,54.4375
12547,66,36,53.354166666666664
12548,65,33,53.8125
12549,70,46,55.354166666666664
12550,71,41,55.479166666666664
12551,70,34,53.479166666666664
12552,64,30,55.041666666666664
12553,66,43,54.333333333333336
12554,68,41,54.708333333333336
12555,68,26,53.708333333333336
12556,67,31,56.5
12557,67,32,54.5625
12558,64,40,54.75
12559,64,37,53.770833333333336
12560,65,43,54.145833333333336
12561,67,44,55.1875
12562,61,43,54.604166666666664
12563,63,44,55.604166666666664
12564,67,40,55.416666666666664
12565,63,38,54.666666666666664
12566,75,29,53.708333333333336
12567,70,45,56.083333333333336
12568,68,43,53.916666666666664
12569,65,24,53.6875
12570,72,38,53.875
12571,68,42,54.4375
12572,67,43,54.875
12573,66,48,56.4375
12574,66,45,56.541666666666664
12575,63,41,54.6875
12576,66,43,54.625
12577,69,37,55.0625
12578,67,40,54.729166666666664
12579,64,42,52.645833333333336
12580,69,42,55.416666666666664
12581,67,44,55.854166666666664
12582,67,43,56.5625
12583,66,24,55.208333333333336
12584,72,46,55.8125
12585,64,32,54.458333333333336
12586,66,48,56.645833333333336
12587,66,37,54.5625
12588,63,46,54.6875
12589,68,46,56.8125
12590,67,39,54.8125
12591,67,45,56.958333333333336
12592,68,41,54.979166666666664
12593,66,40,55.229166666666664
12594,70,30,53.375
12595,66,45,55.458333333333336
12596,68,35,55.208333333333336
12597,67,46,56.666666666666664
12598,64,38,54.916666666666664
12599,66,18,54.8125
12600,64,38,54.5625
12601,65,36,54.083333333333336
12602,65,40,54.916666666666664
12603,64,26,53.458333333333336
12604,67,31,54.479166666666664
12605,67,31,54.125
12606,68,34,55.895833333333336
12607,66,43,55.5
12608,67,43,55.583333333333336
12609,68,37,55.5625
12610,63,19,53.875
12611,65,26,55.791666666666664
12612,67,41,53.9375
12613,64,27,54.125
12614,68,40,53.458333333333336
12615,72,39,55.979166666666664
12616,64,38,54.541666666666664
12617,65,32,54.541666666666664
12618,69,42,55.083333333333336
12619,65,27,53.333333333333336
12620,66,40,54.6875
12621,67,37,55.020833333333336
12622,67,36,55.4375
12623,65,42,55.645833333333336
12624,65,26,55.25
12625,62,45,55.770833333333336
12626,69,40,54.770833333333336
12627,67,29,54.666666666666664
12628,69,40,55.583333333333336
12629,68,39,55.145833333333336
12630,68,39,54.708333333333336
12631,71,34,55.145833333333336
12632,65,35,53.020833333333336
12633,64,41,55.041666666666664
12634,67,42,54.958333333333336
12635,68,24,54.041666666666664
12636,66,43,54.083333333333336
12637,66,35,54.5
12638,66,36,55.8125
12639,67,35,55.416666666666664
12640,66,30,53.125
12641,69,43,55.791666666666664
12642,62,38,54.875
12643,66,42,55.625
12644,64,41,54.0625
12645,68,46,56.6875
12646,66,26,54.666666666666664
12647,64,43,55.5
12648,64,41,54.833333333333336
12649,64,40,54.458333333333336
12650,67,36,53.958333333333336
12651,65,30,53.020833333333336
12652,65,44,55.020833333333336
12653,63,44,54.416666666666664
12654,66,34,54.270833333333336
12655,66,29,55.4375
12656,66,44,55.375
12657,68,42,55.645833333333336
12658,67,45,55.291666666666664
12659,66,41,54.458333333333336
12660,66,42,53.291666666666664
12661,65,30,53.4375
12662,68,17,52.208333333333336
12663,66,38,55.25
12664,63,29,53.708333333333336
12665,75,24,54.125
12666,68,41,55.104166666666664
12667,65,26,53.083333333333336
12668,70,38,54.625
12669,63,30,52.916666666666664
12670,68,44,54.25
12671,66,45,55.3125
12672,65,41,53.708333333333336
12673,65,34,53.625
12674,67,39,55.5
12675,61,40,54.0
12676,67,42,54.583333333333336
12677,66,41,56.645833333333336
12678,67,43,55.75
12679,70,45,55.833333333333336
12680,65,34,54.208333333333336
12681,64,44,54.4375
12682,65,19,54.25
12683,66,20,52.625
12684,65,42,55.666666666666664
12685,63,35,55.0
12686,69,48,55.145833333333336
12687,70,40,54.333333333333336
12688,65,30,53.604166666666664
12689,69,29,56.020833333333336
12690,63,36,53.895833333333336
12691,66,34,56.333333333333336
12692,67,43,55.1875
12693,64,40,54.979166666666664
12694,66,42,56.4375
12695,63,42,54.979166666666664
12696,64,32,54.854166666666664
12697,66,36,55.104166666666664
12698,65,42,54.9375
12699,64,40,54.479166666666664
12700,66,38,56.166666666666664
12701,64,32,54.520833333333336
12702,64,42,54.583333333333336
12703,66,42,54.3125
12704,65,28,53.458333333333336
12705,65,32,52.3125
12706,68,22,51.729166666666664
12707,68,45,54.666666666666664
12708,67,39,54.333333333333336
12709,67,44,54.625
12710,71,38,54.9375
12711,65,43,55.3125
12712,67,44,54.625
12713,64,43,54.708333333333336
12714,65,37,53.3125
12715,64,36,55.291666666666664
12716,64,46,55.166666666666664
12717,67,41,55.208333333333336
12718,65,39,55.1875
12719,65,45,54.666666666666664
12720,68,40,55.75
12721,66,36,54.791666666666664
12722,68,43,55.958333333333336
12723,69,45,55.979166666666664
12724,68,35,55.916666666666664
12725,66,22,53.083333333333336
12726,66,39,55.166666666666664
12727,65,40,55.354166666666664
12728,64,40,54.5
12729,70,38,56.583333333333336
12730,66,18,54.25
12731,66,37,55.0
12732,69,36,54.833333333333336
12733,64,36,55.104166666666664
12734,67,33,54.833333333333336
12735,69,32,54.3125
12736,67,31,54.541666666666664
12737,64,44,54.604166666666664
12738,66,34,55.083333333333336
12739,66,37,55.3125
12740,68,41,53.8125
12741,71,29,55.0
12742,65,39,55.020833333333336
12743,67,44,54.8125
12744,63,36,54.791666666666664
12745,62,36,52.166666666666664
12746,64,41,54.791666666666664
12747,67,36,54.5
12748,63,39,54.354166666666664
12749,65,41,54.270833333333336
12750,66,34,55.0625
12751,63,42,55.1875
12752,67,29,54.333333333333336
12753,69,39,54.1875
12754,69,39,55.020833333333336
12755,67,37,53.645833333333336
12756,65,29,56.104166666666664
12757,68,32,54.166666666666664
12758,67,42,53.833333333333336
12759,67,32,55.916666666666664
12760,67,43,55.854166666666664
12761,67,28,55.854166666666664
12762,68,41,54.104166666666664
12763,67,27,53.395833333333336
12764,66,43,54.625
12765,67,34,52.541666666666664
12766,67,36,55.854166666666664
12767,67,44,54.270833333333336
12768,65,35,54.791666666666664
12769,66,37,54.5625
12770,68,46,55.875
12771,67,43,54.854166666666664
12772,64,40,55.125
12773,67,43,54.520833333333336
12774,63,40,55.3125
12775,65,41,55.333333333333336
12776,66,41,55.166666666666664
12777,67,40,55.666666666666664
12778,65,40,54.520833333333336
12779,69,43,56.020833333333336
12780,65,46,54.8125
12781,69,43,55.8125
12782,67,40,55.833333333333336
12783,66,45,55.854166666666664
12784,65,39,54.5625
12785,74,36,53.958333333333336
12786,64,35,54.708333333333336
12787,72,31,55.5
12788,66,37,55.0625
12789,65,42,54.958333333333336
12790,67,44,55.6875
12791,67,40,55.104166666666664
12792,66,38,54.520833333333336
12793,68,48,55.916666666666664
12794,68,30,54.104166666666664
12795,66,44,54.770833333333336
12796,67,44,55.833333333333336
12797,62,36,53.958333333333336
12798,65,40,53.604166666666664
12799,68,39,54.0
12800,69,38,54.458333333333336
12801,65,34,54.166666666666664
12802,65,26,52.3125
12803,66,45,54.666666666666664
12804,68,30,54.25
12805,67,39,54.0
12806,65,44,54.145833333333336
12807,66,35,55.229166666666664
12808,67,44,55.604166666666664
12809,64,37,53.666666666666664
12810,65,43,55.604166666666664
12811,64,40,54.104166666666664
12812,65,43,56.4375
12813,66,45,55.833333333333336
12814,63,36,53.8125
12815,63,47,55.208333333333336
12816,64,35,53.9375
12817,69,49,56.916666666666664
12818,66,47,56.583333333333336
12819,67,31,53.583333333333336
12820,66,40,54.708333333333336
12821,66,37,53.5
12822,68,28,53.729166666666664
12823,66,38,54.895833333333336
12824,66,35,54.333333333333336
12825,68,33,55.4375
12826,69,40,56.833333333333336
12827,71,46,55.916666666666664
12828,67,36,53.291666666666664
12829,64,28,54.125
12830,65,45,54.979166666666664
12831,66,40,56.375
12832,65,38,53.958333333333336
12833,66,42,56.083333333333336
12834,64,46,55.5
12835,64,43,54.916666666666664
12836,66,41,55.3125
12837,68,40,56.458333333333336
12838,68,37,54.8125
12839,64,42,54.875
12840,66,42,55.395833333333336
12841,65,42,55.729166666666664
12842,62,39,53.333333333333336
12843,63,28,54.833333333333336
12844,64,42,54.770833333333336
12845,67,39,54.520833333333336
12846,66,36,53.520833333333336
12847,61,39,52.625
12848,69,41,55.416666666666664
12849,68,43,54.8125
12850,69,42,55.5625
12851,67,32,53.9375
12852,69,43,55.5
12853,67,47,55.770833333333336
12854,66,37,53.604166666666664
12855,67,42,55.104166666666664
12856,68,38,53.958333333333336
12857,67,25,54.229166666666664
12858,65,39,55.5625
12859,69,35,55.854166666666664
12860,66,33,53.4375
12861,66,40,55.0
12862,67,19,56.041666666666664
12863,68,43,55.854166666666664
12864,66,34,55.145833333333336
12865,71,35,54.979166666666664
12866,68,46,54.770833333333336
12867,72,26,54.083333333333336
12868,65,37,53.583333333333336
12869,64,41,53.270833333333336
12870,65,27,51.583333333333336
12871,69,39,54.1875
12872,70,40,54.916666666666664
12873,64,29,52.6875
12874,65,34,54.875
12875,64,39,53.291666666666664
12876,68,40,52.895833333333336
12877,65,41,54.770833333333336
12878,69,35,54.854166666666664
12879,70,36,55.229166666666664
12880,65,47,55.5625
12881,68,44,55.458333333333336
12882,67,41,56.229166666666664
12883,66,40,55.083333333333336
12884,63,41,55.5625
12885,67,37,54.3125
12886,65,35,52.9375
12887,64,36,55.208333333333336
12888,63,44,54.583333333333336
12889,68,34,53.270833333333336
12890,67,38,55.229166666666664
12891,66,38,54.791666666666664
12892,66,45,55.5
12893,70,35,55.416666666666664
12894,64,42,54.5625
12895,68,36,53.791666666666664
12896,66,30,53.25
12897,65,34,54.854166666666664
12898,65,35,53.75
12899,68,35,54.083333333333336
12900,69,26,53.479166666666664
12901,65,29,53.979166666666664
12902,66,8,51.604166666666664
12903,67,28,54.291666666666664
12904,65,42,55.583333333333336
12905,66,42,54.291666666666664
12906,67,41,55.645833333333336
12907,68,42,54.729166666666664
12908,67,44,54.020833333333336
12909,65,39,54.875
12910,64,47,55.145833333333336
12911,65,34,54.604166666666664
12912,65,36,55.9375
12913,66,35,55.0
12914,66,39,54.270833333333336
12915,65,18,53.75
12916,65,33,54.0
12917,69,41,56.083333333333336
12918,68,42,55.895833333333336
12919,63,32,55.458333333333336
12920,65,33,53.645833333333336
12921,66,44,55.083333333333336
12922,66,46,55.4375
12923,67,43,55.75
12924,67,40,53.5
12925,70,39,55.354166666666664
12926,70,43,55.0625
12927,71,25,55.375
12928,70,38,54.166666666666664
12929,65,32,54.291666666666664
12930,66,43,55.75
12931,66,37,53.9375
12932,65,23,53.895833333333336
12933,65,41,55.0
12934,67,44,55.25
12935,70,37,55.375
12936,63,44,54.833333333333336
12937,70,36,55.25
12938,66,34,54.208333333333336
12939,64,32,53.833333333333336
12940,67,27,55.020833333333336
12941,65,41,54.125
12942,67,39,54.479166666666664
12943,65,42,55.854166666666664
12944,65,25,54.041666666666664
12945,65,21,52.416666666666664
12946,65,30,53.8125
12947,74,27,54.270833333333336
12948,66,25,51.875
12949,67,42,55.291666666666664
12950,62,42,55.145833333333336
12951,65,29,54.416666666666664
12952,65,38,53.6875
12953,67,11,53.3125
12954,67,40,55.395833333333336
12955,65,42,56.3125
12956,69,39,55.208333333333336
12957,63,39,55.208333333333336
12958,65,40,54.958333333333336
12959,66,39,54.708333333333336
12960,66,37,55.395833333333336
12961,70,36,55.041666666666664
12962,65,30,53.354166666666664
12963,63,32,53.895833333333336
12964,67,42,56.666666666666664
12965,67,37,52.895833333333336
12966,67,43,55.520833333333336
12967,65,29,54.166666666666664
12968,69,31,53.854166666666664
12969,72,44,55.75
12970,68,43,54.541666666666664
12971,66,25,54.4375
12972,69,41,55.5
12973,65,43,54.9375
12974,71,20,54.25
12975,66,43,55.208333333333336
12976,71,42,55.333333333333336
12977,70,34,55.5625
12978,76,41,55.416666666666664
12979,63,30,52.791666666666664
12980,65,38,54.625
12981,67,29,55.229166666666664
12982,66,28,55.104166666666664
12983,69,35,54.541666666666664
12984,70,30,54.8125
12985,65,42,55.604166666666664
12986,66,42,56.375
12987,66,38,54.979166666666664
12988,62,40,54.4375
12989,66,33,54.770833333333336
12990,69,33,54.583333333333336
12991,69,39,55.375
12992,65,19,53.354166666666664
12993,65,38,54.625
12994,68,33,53.333333333333336
12995,64,29,53.0625
12996,74,46,55.5625
12997,65,31,52.5625
12998,69,40,54.5625
12999,68,16,55.104166666666664
13000,68,36,55.916666666666664
13001,65,36,53.979166666666664
13002,64,42,54.541666666666664
13003,66,40,54.6875
13004,65,39,54.666666666666664
13005,68,38,54.354166666666664
13006,68,32,55.020833333333336
13007,65,37,55.020833333333336
13008,69,39,54.395833333333336
13009,65,35,55.166666666666664
13010,72,45,56.145833333333336
13011,69,43,55.333333333333336
13012,68,44,54.625
13013,68,31,54.604166666666664
13014,63,33,54.354166666666664
13015,68,36,55.083333333333336
13016,65,31,54.4375
13017,67,29,55.625
13018,67,35,54.541666666666664
13019,68,46,56.854166666666664
13020,68,46,56.020833333333336
13021,69,21,53.958333333333336
13022,62,35,54.333333333333336
13023,65,32,53.854166666666664
13024,66,44,54.291666666666664
13025,64,42,55.979166666666664
13026,70,37,56.1875
13027,68,39,54.6875
13028,67,20,53.625
13029,65,35,54.1875
13030,66,41,54.8125
13031,70,45,56.8125
13032,67,28,54.854166666666664
13033,65,32,54.791666666666664
13034,65,42,54.270833333333336
13035,64,25,53.4375
13036,69,24,53.625
13037,64,40,53.479166666666664
13038,65,22,54.125
13039,66,35,55.166666666666664
13040,65,29,53.625
13041,65,35,53.479166666666664
13042,64,21,51.083333333333336
13043,69,28,52.041666666666664
13044,66,37,54.520833333333336
13045,66,41,53.791666666666664
13046,69,29,53.416666666666664
13047,69,43,54.229166666666664
13048,68,42,54.291666666666664
13049,66,34,54.0625
13050,68,19,54.0625
13051,66,41,52.8125
13052,62,30,53.0
13053,67,31,55.354166666666664
13054,68,41,53.541666666666664
13055,66,45,54.770833333333336
13056,70,32,54.3125
13057,66,33,53.75
13058,64,35,53.270833333333336
13059,69,24,54.625
13060,65,45,55.041666666666664
13061,62,44,54.083333333333336
13062,67,40,55.041666666666664
13063,67,44,55.729166666666664
13064,66,36,55.270833333333336
13065,62,46,54.0625
13066,71,42,56.041666666666664
13067,66,48,54.645833333333336
13068,69,41,53.833333333333336
13069,71,35,54.166666666666664
13070,62,37,52.625
13071,63,23,54.416666666666664
13072,66,39,55.6875
13073,66,25,53.5625
13074,66,45,56.208333333333336
13075,67,33,55.6875
13076,66,32,54.104166666666664
13077,70,39,54.8125
13078,66,44,53.791666666666664
13079,63,33,53.020833333333336
13080,64,35,54.708333333333336
13081,65,25,53.875
13082,70,29,54.083333333333336
13083,65,46,55.645833333333336
13084,69,31,55.125
13085,64,40,54.458333333333336
13086,66,36,55.083333333333336
13087,66,44,55.75
13088,66,35,53.75
13089,70,33,54.354166666666664
13090,67,21,53.375
13091,68,45,55.229166666666664
13092,67,40,54.729166666666664
13093,64,39,55.666666666666664
13094,70,38,54.5
13095,67,31,53.4375
13096,65,33,54.395833333333336
13097,66,37,53.916666666666664
13098,64,34,53.520833333333336
13099,72,36,54.625
13100,69,18,53.916666666666664
13101,71,44,54.25
13102,72,43,55.5
13103,74,40,54.25
13104,71,45,54.416666666666664
13105,65,36,55.625
13106,64,37,54.520833333333336
13107,71,38,53.895833333333336
13108,66,44,54.416666666666664
13109,69,42,53.5
13110,64,39,55.229166666666664
13111,68,32,54.166666666666664
13112,64,36,54.854166666666664
13113,65,40,54.354166666666664
13114,65,35,54.666666666666664
13115,64,26,54.916666666666664
13116,68,41,55.895833333333336
13117,68,41,54.6875
13118,69,41,56.229166666666664
13119,66,41,53.604166666666664
13120,68,40,55.583333333333336
13121,66,40,55.020833333333336
13122,66,46,56.5625
13123,64,34,53.729166666666664
13124,67,39,54.666666666666664
13125,63,37,54.145833333333336
13126,64,32,53.895833333333336
13127,67,37,54.541666666666664
13128,65,39,53.520833333333336
13129,67,32,55.666666666666664
13130,65,30,53.916666666666664
13131,66,40,54.979166666666664
13132,64,27,52.895833333333336
13133,65,31,53.604166666666664
13134,68,36,53.708333333333336
13135,64,32,53.458333333333336
13136,66,42,54.583333333333336
13137,66,38,53.541666666666664
13138,67,37,54.125
13139,69,35,54.041666666666664
13140,64,40,55.1875
13141,65,32,53.291666666666664
13142,68,34,53.666666666666664
13143,69,29,52.791666666666664
13144,64,30,53.3125
13145,63,43,55.041666666666664
13146,65,41,54.520833333333336
13147,73,41,54.708333333333336
13148,65,38,53.520833333333336
13149,67,36,54.166666666666664
13150,65,44,55.083333333333336
13151,68,36,53.604166666666664
13152,70,37,55.9375
13153,65,37,53.375
13154,68,42,55.083333333333336
13155,64,41,53.541666666666664
13156,65,39,54.5
13157,67,28,52.708333333333336
13158,70,32,54.770833333333336
13159,70,35,53.645833333333336
13160,64,41,54.625
13161,63,37,55.833333333333336
13162,66,40,54.645833333333336
13163,65,36,53.625
13164,67,38,55.041666666666664
13165,64,25,53.708333333333336
13166,65,34,53.9375
13167,68,13,54.166666666666664
13168,68,39,55.6875
13169,71,43,55.458333333333336
13170,64,38,53.3125
13171,63,46,55.3125
13172,67,45,56.229166666666664
13173,67,38,55.1875
13174,69,36,57.104166666666664
13175,67,47,56.145833333333336
13176,70,43,55.270833333333336
13177,67,38,55.6875
13178,67,29,53.8125
13179,68,45,54.916666666666664
13180,70,34,53.145833333333336
13181,67,43,56.8125
13182,68,43,55.833333333333336
13183,63,42,54.9375
13184,66,46,56.270833333333336
13185,68,44,55.583333333333336
13186,65,35,54.291666666666664
13187,70,35,54.854166666666664
13188,67,36,54.979166666666664
13189,65,44,55.041666666666664
13190,65,34,55.333333333333336
13191,67,43,54.645833333333336
13192,67,29,54.666666666666664
13193,67,33,54.833333333333336
13194,69,35,55.229166666666664
13195,62,42,54.1875
13196,65,42,53.541666666666664
13197,69,10,54.291666666666664
13198,67,34,55.354166666666664
13199,65,44,55.395833333333336
13200,67,41,54.979166666666664
13201,69,46,56.8125
13202,66,38,54.395833333333336
13203,64,28,53.5
13204,64,39,55.104166666666664
13205,65,27,53.583333333333336
13206,66,41,55.270833333333336
13207,67,28,54.583333333333336
13208,67,40,55.270833333333336
13209,68,46,54.75
13210,68,44,55.208333333333336
13211,65,37,54.708333333333336
13212,69,46,55.0625
13213,71,37,54.6875
13214,64,43,55.25
13215,67,39,54.979166666666664
13216,66,31,55.666666666666664
13217,68,43,55.604166666666664
13218,69,37,54.458333333333336
13219,65,34,54.145833333333336
13220,67,25,53.729166666666664
13221,67,39,55.770833333333336
13222,66,27,54.833333333333336
13223,69,41,54.395833333333336
13224,67,41,54.8125
13225,66,19,54.541666666666664
13226,69,41,54.6875
13227,65,35,56.0
13228,64,26,53.4375
13229,68,39,53.9375
13230,68,37,54.041666666666664
13231,67,41,56.020833333333336
13232,68,42,55.458333333333336
13233,62,36,54.645833333333336
13234,67,37,53.583333333333336
13235,71,43,54.479166666666664
13236,72,37,55.25
13237,68,44,54.458333333333336
13238,64,34,53.625
13239,66,35,53.875
13240,68,44,55.791666666666664
13241,68,37,55.6875
13242,68,34,55.6875
13243,67,37,54.958333333333336
13244,67,40,54.208333333333336
13245,65,33,54.083333333333336
13246,65,39,54.5
13247,67,35,55.520833333333336
13248,72,44,55.020833333333336
13249,68,42,56.479166666666664
13250,64,46,55.0625
13251,67,28,55.0625
13252,69,26,54.020833333333336
13253,68,45,55.666666666666664
13254,67,44,54.708333333333336
13255,64,42,55.1875
13256,68,36,54.854166666666664
13257,65,37,54.916666666666664
13258,66,37,55.729166666666664
13259,66,21,56.25
13260,70,42,54.770833333333336
13261,67,23,54.229166666666664
13262,70,43,55.666666666666664
13263,67,39,54.791666666666664
13264,65,37,54.5625
13265,66,38,55.541666666666664
13266,68,38,55.041666666666664
13267,63,46,54.520833333333336
13268,67,43,54.125
13269,67,47,54.9375
13270,69,40,55.333333333333336
13271,68,38,55.666666666666664
13272,70,40,55.395833333333336
13273,69,39,53.729166666666664
13274,65,43,54.375
13275,63,40,54.729166666666664
13276,68,31,53.583333333333336
13277,62,31,54.395833333333336
13278,66,39,53.958333333333336
13279,66,44,54.541666666666664
13280,64,35,52.979166666666664
13281,65,29,54.125
13282,66,35,55.8125
13283,64,47,54.645833333333336
13284,67,43,54.8125
13285,63,41,54.270833333333336
13286,66,38,55.666666666666664
13287,66,38,53.895833333333336
13288,69,34,54.5625
13289,65,42,55.4375
13290,65,37,54.833333333333336
13291,66,36,53.833333333333336
13292,65,39,55.291666666666664
13293,70,45,55.333333333333336
13294,66,41,54.354166666666664
13295,65,33,53.3125
13296,67,43,54.604166666666664
13297,67,45,55.958333333333336
13298,66,39,56.291666666666664
13299,64,43,55.395833333333336
13300,67,46,54.791666666666664
13301,64,35,55.020833333333336
13302,67,37,54.5625
13303,69,41,55.791666666666664
13304,69,37,55.1875
13305,66,38,55.791666666666664
13306,66,40,54.354166666666664
13307,66,47,55.5625
13308,65,43,56.25
13309,68,45,54.9375
13310,67,39,54.9375
13311,65,30,53.604166666666664
13312,65,42,54.520833333333336
13313,65,34,53.916666666666664
13314,65,40,54.1875
13315,70,35,55.375
13316,64,38,54.354166666666664
13317,68,26,54.583333333333336
13318,66,39,57.0625
13319,64,39,55.666666666666664
13320,66,29,53.770833333333336
13321,68,41,54.854166666666664
13322,71,36,54.875
13323,62,43,54.666666666666664
13324,67,38,54.833333333333336
13325,66,43,55.395833333333336
13326,65,43,54.645833333333336
13327,67,47,55.9375
13328,65,45,55.458333333333336
13329,67,45,55.208333333333336
13330,67,26,53.979166666666664
13331,63,26,52.0625
13332,67,29,54.604166666666664
13333,63,39,53.083333333333336
13334,64,35,55.125
13335,66,40,55.458333333333336
13336,64,35,55.104166666666664
13337,70,31,55.9375
13338,67,36,53.479166666666664
13339,61,28,50.4375
13340,68,29,53.541666666666664
13341,65,40,54.8125
13342,72,35,54.895833333333336
13343,66,48,56.0625
13344,66,41,54.979166666666664
13345,67,29,54.520833333333336
13346,66,45,55.354166666666664
13347,63,31,54.041666666666664
13348,66,39,54.625
13349,64,35,53.041666666666664
13350,69,40,54.6875
13351,68,28,53.9375
13352,64,43,55.104166666666664
13353,68,43,56.833333333333336
13354,68,41,55.104166666666664
13355,64,39,53.25
13356,72,41,55.854166666666664
13357,67,38,55.041666666666664
13358,67,40,55.770833333333336
13359,62,32,54.25
13360,63,36,54.5625
13361,66,38,54.6875
13362,68,36,53.895833333333336
13363,67,29,54.416666666666664
13364,67,43,55.333333333333336
13365,66,35,53.854166666666664
13366,67,28,55.354166666666664
13367,62,40,53.166666666666664
13368,65,44,55.625
13369,68,19,53.375
13370,70,43,55.375
13371,68,26,54.0
13372,64,43,55.0625
13373,63,39,52.645833333333336
13374,69,24,53.895833333333336
13375,68,47,56.479166666666664
13376,65,38,55.875
13377,65,21,54.625
13378,66,36,53.979166666666664
13379,66,24,54.625
13380,69,42,55.5
13381,67,36,54.25
13382,66,32,56.041666666666664
13383,68,31,55.041666666666664
13384,65,31,54.729166666666664
13385,70,40,55.854166666666664
13386,73,33,54.75
13387,63,41,53.458333333333336
13388,67,41,54.375
13389,66,35,52.4375
13390,69,33,53.458333333333336
13391,66,43,55.3125
13392,66,38,53.895833333333336
13393,71,28,55.145833333333336
13394,67,37,53.9375
13395,68,25,54.166666666666664
13396,64,31,53.125
13397,67,46,55.416666666666664
13398,65,27,54.625
13399,65,46,55.520833333333336
13400,65,30,53.625
13401,66,26,53.333333333333336
13402,67,35,54.125
13403,62,29,53.625
13404,64,28,53.5625
13405,71,29,53.708333333333336
13406,68,35,54.916666666666664
13407,70,33,53.8125
13408,66,38,54.104166666666664
13409,65,34,54.291666666666664
13410,67,18,53.0
13411,64,33,52.833333333333336
13412,63,43,54.583333333333336
13413,63,22,52.916666666666664
13414,67,40,55.708333333333336
13415,66,21,53.729166666666664
13416,67,36,54.875
13417,68,35,54.6875
13418,70,34,55.291666666666664
13419,68,47,55.770833333333336
13420,64,24,54.6875
13421,65,43,56.125
13422,70,43,55.5
13423,66,29,54.020833333333336
13424,64,44,55.270833333333336
13425,64,37,53.416666666666664
13426,64,34,53.520833333333336
13427,65,41,53.541666666666664
13428,67,39,53.479166666666664
13429,65,40,54.375
13430,67,33,53.833333333333336
13431,64,29,54.166666666666664
13432,69,42,55.3125
13433,67,37,55.729166666666664
13434,64,42,54.916666666666664
13435,67,40,55.104166666666664
13436,65,36,53.979166666666664
13437,65,39,54.875
13438,67,37,54.083333333333336
13439,66,42,54.1875
13440,67,43,56.458333333333336
13441,66,40,56.5
13442,66,44,55.5625
13443,65,38,53.895833333333336
13444,68,38,53.875
13445,68,43,53.958333333333336
13446,71,45,55.625
13447,66,14,53.145833333333336
13448,64,19,53.958333333333336
13449,67,44,54.6875
13450,71,29,53.958333333333336
13451,65,36,54.625
13452,65,39,54.854166666666664
13453,65,38,55.104166666666664
13454,68,36,55.520833333333336
13455,69,39,54.333333333333336
13456,65,35,55.104166666666664
13457,63,40,54.791666666666664
13458,64,28,54.375
13459,66,44,55.583333333333336
13460,67,40,56.166666666666664
13461,67,35,53.895833333333336
13462,66,21,53.333333333333336
13463,67,45,56.708333333333336
13464,64,36,53.875
13465,67,38,54.625
13466,67,29,54.583333333333336
13467,66,32,55.166666666666664
13468,69,45,56.229166666666664
13469,64,44,54.145833333333336
13470,71,46,56.395833333333336
13471,68,42,54.333333333333336
13472,69,29,54.416666666666664
13473,65,39,55.333333333333336
13474,63,41,54.104166666666664
13475,64,22,53.583333333333336
13476,64,25,53.791666666666664
13477,66,24,52.5625
13478,67,39,55.479166666666664
13479,69,39,54.9375
13480,66,34,54.229166666666664
13481,67,30,52.270833333333336
13482,65,34,53.791666666666664
13483,66,40,55.041666666666664
13484,64,44,55.1875
13485,69,34,54.458333333333336
13486,67,43,54.395833333333336
13487,64,25,53.4375
13488,64,40,55.333333333333336
13489,68,38,56.166666666666664
13490,65,37,53.354166666666664
13491,65,21,55.104166666666664
13492,65,48,57.3125
13493,69,44,55.666666666666664
13494,71,33,53.395833333333336
13495,67,42,56.625
13496,64,31,54.458333333333336
13497,64,40,55.270833333333336
13498,66,31,55.729166666666664
13499,65,28,54.666666666666664
13500,68,38,56.479166666666664
13501,67,28,54.375
13502,65,27,53.791666666666664
13503,64,18,52.229166666666664
13504,68,23,55.166666666666664
13505,67,26,54.083333333333336
13506,70,36,53.625
13507,61,32,53.291666666666664
13508,66,34,54.916666666666664
13509,71,30,53.520833333333336
13510,66,28,54.875
13511,69,29,54.145833333333336
13512,71,33,52.020833333333336
13513,65,37,55.0625
13514,65,38,54.979166666666664
13515,65,36,53.833333333333336
13516,69,29,53.8125
13517,69,41,55.708333333333336
13518,66,25,52.708333333333336
13519,74,31,53.916666666666664
13520,65,37,54.0
13521,71,26,52.895833333333336
13522,68,41,54.291666666666664
13523,67,43,54.458333333333336
13524,67,29,53.0625
13525,68,34,54.145833333333336
13526,64,27,52.625
13527,63,32,55.083333333333336
13528,73,26,55.5
13529,65,37,55.145833333333336
13530,68,37,53.833333333333336
13531,64,38,54.083333333333336
13532,63,39,53.145833333333336
13533,66,43,54.3125
13534,66,36,54.479166666666664
13535,66,37,53.833333333333336
13536,64,22,53.9375
13537,66,41,55.4375
13538,68,41,55.3125
13539,66,32,53.333333333333336
13540,66,12,54.041666666666664
13541,67,31,55.4375
13542,68,30,54.791666666666664
13543,66,42,55.3125
13544,63,16,52.479166666666664
13545,67,39,56.145833333333336
13546,66,45,54.895833333333336
13547,66,42,55.354166666666664
13548,63,33,54.833333333333336
13549,70,30,56.354166666666664
13550,64,34,54.208333333333336
13551,68,44,55.458333333333336
13552,66,44,56.0
13553,67,36,54.854166666666664
13554,64,36,52.604166666666664
13555,69,27,53.354166666666664
13556,71,38,54.3125
13557,69,19,53.875
13558,64,17,53.458333333333336
13559,69,33,54.4375
13560,68,21,54.104166666666664
13561,70,42,55.1875
13562,65,33,53.708333333333336
13563,64,32,53.604166666666664
13564,65,35,54.583333333333336
13565,66,33,55.5
13566,67,42,54.541666666666664
13567,65,40,55.020833333333336
13568,66,35,53.875
13569,63,33,53.6875
13570,66,44,54.5625
13571,67,43,54.979166666666664
13572,65,29,54.9375
13573,66,43,54.541666666666664
13574,69,40,55.270833333333336
13575,68,39,54.8125
13576,62,37,52.833333333333336
13577,64,38,54.208333333333336
13578,63,39,54.020833333333336
13579,69,23,55.583333333333336
13580,71,39,55.604166666666664
13581,64,35,53.270833333333336
13582,66,30,53.854166666666664
13583,67,44,55.416666666666664
13584,66,35,53.395833333333336
13585,62,36,53.833333333333336
13586,69,35,54.375
13587,64,23,52.104166666666664
13588,62,43,53.479166666666664
13589,64,28,53.416666666666664
13590,68,39,55.125
13591,65,43,53.541666666666664
13592,67,38,53.9375
13593,64,35,54.854166666666664
13594,65,29,52.916666666666664
13595,63,31,53.041666666666664
13596,67,41,54.395833333333336
13597,67,33,53.979166666666664
13598,68,34,55.75
13599,64,41,55.166666666666664
13600,68,31,54.458333333333336
13601,67,43,55.208333333333336
13602,63,35,53.791666666666664
13603,67,43,56.020833333333336
13604,62,38,54.604166666666664
13605,68,27,53.791666666666664
13606,70,44,54.729166666666664
13607,66,37,53.625
13608,68,38,55.75
13609,65,30,53.166666666666664
13610,69,26,54.583333333333336
13611,65,45,54.145833333333336
13612,67,35,54.083333333333336
13613,68,36,54.5625
13614,64,39,54.5625
13615,65,21,53.0625
13616,67,29,52.5
13617,65,32,54.770833333333336
13618,65,36,54.145833333333336
13619,70,44,55.291666666666664
13620,65,22,54.145833333333336
13621,64,16,53.166666666666664
13622,66,42,55.1875
13623,70,27,53.708333333333336
13624,70,44,55.729166666666664
13625,64,39,54.229166666666664
13626,67,37,54.854166666666664
13627,64,38,54.125
13628,67,41,55.208333333333336
13629,69,45,56.4375
13630,67,35,54.958333333333336
13631,63,30,54.520833333333336
13632,66,39,55.916666666666664
13633,65,45,55.541666666666664
13634,65,29,54.583333333333336
13635,66,21,54.479166666666664
13636,66,46,55.1875
13637,65,32,54.708333333333336
13638,63,42,54.354166666666664
13639,64,36,53.104166666666664
13640,65,37,54.166666666666664
13641,65,34,54.458333333333336
13642,64,34,53.229166666666664
13643,66,31,53.270833333333336
13644,67,33,53.645833333333336
13645,66,43,56.25
13646,66,37,55.125
13647,64,31,53.979166666666664
13648,69,37,55.5625
13649,65,32,54.520833333333336
13650,65,47,54.958333333333336
13651,68,28,54.041666666666664
13652,65,33,54.916666666666664
13653,66,45,55.25
13654,66,37,55.125
13655,65,45,53.916666666666664
13656,64,37,54.354166666666664
13657,68,28,55.395833333333336
13658,64,40,53.0625
13659,67,32,54.104166666666664
13660,64,34,53.979166666666664
13661,64,32,53.145833333333336
13662,63,27,52.229166666666664
13663,66,41,53.875
13664,67,41,55.8125
13665,66,27,52.791666666666664
13666,64,47,55.25
13667,67,34,54.020833333333336
13668,67,45,54.6875
13669,66,33,55.395833333333336
13670,66,39,53.520833333333336
13671,67,28,54.8125
13672,69,39,55.791666666666664
13673,66,35,54.229166666666664
13674,71,41,55.166666666666664
13675,63,44,55.645833333333336
13676,65,39,54.270833333333336
13677,66,27,52.5625
13678,69,40,54.5625
13679,66,28,52.833333333333336
13680,63,30,54.604166666666664
13681,65,37,54.979166666666664
13682,67,38,53.4375
13683,68,31,53.1875
13684,71,19,55.645833333333336
13685,67,26,54.104166666666664
13686,69,31,54.541666666666664
13687,65,37,53.5
13688,66,41,54.145833333333336
13689,69,38,54.895833333333336
13690,67,32,53.4375
13691,69,38,55.125
13692,68,38,54.625
13693,67,44,55.875
13694,67,35,54.270833333333336
13695,69,41,54.916666666666664
13696,65,18,54.166666666666664
13697,65,32,54.5
13698,68,37,55.020833333333336
13699,68,37,54.125
13700,61,36,53.5
13701,65,38,53.708333333333336
13702,65,41,55.5
13703,66,42,55.291666666666664
13704,65,18,53.833333333333336
13705,65,29,53.958333333333336
13706,66,39,54.875
13707,64,39,54.104166666666664
13708,67,36,56.3125
13709,65,24,54.145833333333336
13710,70,42,55.541666666666664
13711,64,24,53.770833333333336
13712,65,30,53.666666666666664
13713,67,26,54.5625
13714,68,44,54.770833333333336
13715,68,41,55.833333333333336
13716,71,36,54.458333333333336
13717,64,41,54.895833333333336
13718,65,41,54.166666666666664
13719,63,31,53.375
13720,68,41,55.604166666666664
13721,67,36,55.145833333333336
13722,68,20,54.145833333333336
13723,66,38,54.708333333333336
13724,66,18,53.083333333333336
13725,68,27,52.5625
13726,75,34,53.5
13727,64,31,52.75
13728,63,19,52.458333333333336
13729,69,24,54.020833333333336
13730,66,40,55.895833333333336
13731,65,39,54.583333333333336
13732,63,23,53.354166666666664
13733,68,20,53.791666666666664
13734,64,36,53.75
13735,65,35,55.520833333333336
13736,68,27,55.270833333333336
13737,66,44,55.1875
13738,70,41,56.291666666666664
13739,67,34,55.541666666666664
13740,66,26,51.583333333333336
13741,66,21,52.479166666666664
13742,65,45,55.520833333333336
13743,73,37,54.958333333333336
13744,64,37,53.520833333333336
13745,61,35,53.0625
13746,67,35,54.479166666666664
13747,67,37,54.020833333333336
13748,65,42,54.104166666666664
13749,66,42,54.395833333333336
13750,66,39,54.520833333333336
13751,66,37,54.604166666666664
13752,70,40,53.604166666666664
13753,67,36,55.541666666666664
13754,68,40,54.9375
13755,65,43,54.458333333333336
13756,66,30,53.3125
13757,66,38,55.854166666666664
13758,72,45,55.333333333333336
13759,67,45,55.583333333333336
13760,66,44,54.708333333333336
13761,67,40,54.458333333333336
13762,64,28,54.729166666666664
13763,68,43,56.0
13764,66,41,54.729166666666664
13765,68,31,55.645833333333336
13766,69,40,54.208333333333336
13767,67,43,54.0
13768,66,33,54.5
13769,64,46,55.9375
13770,68,37,55.1875
13771,66,40,55.083333333333336
13772,65,34,54.270833333333336
13773,66,45,57.395833333333336
13774,64,33,52.541666666666664
13775,65,42,54.916666666666664
13776,70,29,53.75
13777,66,32,54.520833333333336
13778,68,32,53.5625
13779,68,30,53.8125
13780,67,28,55.229166666666664
13781,65,43,54.458333333333336
13782,65,27,53.583333333333336
13783,66,42,55.875
13784,70,40,53.6875
13785,68,33,52.479166666666664
13786,67,21,53.270833333333336
13787,67,35,54.166666666666664
13788,68,19,54.0625
13789,66,47,56.270833333333336
13790,64,44,55.0625
13791,65,30,54.520833333333336
13792,66,37,55.583333333333336
13793,68,44,56.541666666666664
13794,70,27,54.833333333333336
13795,66,28,53.0
13796,67,43,56.0
13797,71,29,54.458333333333336
13798,68,23,53.833333333333336
13799,65,41,55.1875
13800,64,44,55.625
13801,66,27,54.354166666666664
13802,66,45,55.4375
13803,69,42,54.229166666666664
13804,66,45,55.833333333333336
13805,65,36,54.6875
13806,68,29,53.520833333333336
13807,63,45,55.041666666666664
13808,62,29,53.9375
13809,65,42,55.520833333333336
13810,70,33,53.604166666666664
13811,65,39,54.208333333333336
13812,65,41,56.520833333333336
13813,66,20,53.729166666666664
13814,72,38,55.5
13815,68,34,53.979166666666664
13816,64,46,55.1875
13817,65,39,53.833333333333336
13818,64,32,54.458333333333336
13819,72,47,55.791666666666664
13820,66,41,55.833333333333336
13821,68,34,54.833333333333336
13822,66,27,52.3125
13823,65,45,55.4375
13824,67,37,54.416666666666664
13825,67,44,55.145833333333336
13826,63,40,55.333333333333336
13827,67,43,55.125
13828,65,43,55.104166666666664
13829,66,39,55.854166666666664
13830,63,33,51.375
13831,67,39,54.729166666666664
13832,65,44,56.395833333333336
13833,67,43,55.5
13834,67,42,56.5625
13835,69,38,55.020833333333336
13836,67,37,55.666666666666664
13837,67,28,54.958333333333336
13838,67,42,55.708333333333336
13839,68,39,55.270833333333336
13840,67,34,52.229166666666664
13841,67,25,53.479166666666664
13842,68,38,53.958333333333336
13843,68,39,53.145833333333336
13844,66,45,55.958333333333336
13845,69,33,54.083333333333336
13846,67,22,53.416666666666664
13847,64,37,54.125
13848,64,29,54.0
13849,67,46,56.020833333333336
13850,70,40,55.3125
13851,66,25,53.8125
13852,63,34,54.4375
13853,68,38,55.5625
13854,65,34,52.770833333333336
13855,69,31,54.9375
13856,61,35,52.541666666666664
13857,67,39,54.5625
13858,67,40,53.958333333333336
13859,66,40,55.5
13860,66,26,52.520833333333336
13861,69,42,55.145833333333336
13862,70,39,55.270833333333336
13863,65,38,54.6875
13864,64,34,53.375
13865,65,44,56.479166666666664
13866,69,36,53.604166666666664
13867,70,36,54.9375
13868,68,39,55.020833333333336
13869,68,36,54.0
13870,65,31,53.166666666666664
13871,65,32,54.583333333333336
13872,66,36,54.0
13873,68,38,53.5625
13874,65,22,51.645833333333336
13875,63,38,54.708333333333336
13876,71,40,54.5
13877,63,22,53.916666666666664
13878,69,36,53.479166666666664
13879,65,22,53.104166666666664
13880,64,20,52.604166666666664
13881,67,29,54.520833333333336
13882,68,24,54.458333333333336
13883,68,15,53.375
13884,68,18,55.791666666666664
13885,67,33,55.666666666666664
13886,67,38,54.645833333333336
13887,65,31,53.9375
13888,67,36,55.041666666666664
13889,67,41,55.145833333333336
13890,62,35,52.916666666666664
13891,74,34,55.875
13892,65,34,53.875
13893,65,42,54.229166666666664
13894,66,33,53.4375
13895,66,35,55.604166666666664
13896,64,42,55.145833333333336
13897,64,37,54.270833333333336
13898,65,39,55.25
13899,66,35,54.354166666666664
13900,63,36,54.8125
13901,66,42,55.958333333333336
13902,64,42,55.458333333333336
13903,65,42,56.020833333333336
13904,63,30,53.166666666666664
13905,66,37,53.270833333333336
13906,65,39,55.708333333333336
13907,70,21,54.479166666666664
13908,64,30,55.270833333333336
13909,65,37,54.6875
13910,65,32,53.958333333333336
13911,62,24,53.229166666666664
13912,74,24,52.708333333333336
13913,66,38,53.75
13914,66,34,54.520833333333336
13915,63,29,52.958333333333336
13916,64,36,54.604166666666664
13917,68,19,54.041666666666664
13918,67,42,54.833333333333336
13919,67,41,54.520833333333336
13920,66,21,54.229166666666664
13921,66,40,54.791666666666664
13922,66,30,53.041666666666664
13923,66,40,55.791666666666664
13924,70,44,54.791666666666664
13925,65,47,56.104166666666664
13926,74,44,56.25
13927,66,32,53.833333333333336
13928,66,26,54.0625
13929,65,38,54.875
13930,64,44,54.6875
13931,67,40,55.666666666666664
13932,66,35,53.833333333333336
13933,67,27,54.6875
13934,67,37,54.083333333333336
13935,70,35,55.104166666666664
13936,66,31,55.979166666666664
13937,66,17,53.645833333333336
13938,64,34,53.645833333333336
13939,66,44,54.125
13940,66,34,54.354166666666664
13941,66,43,54.270833333333336
13942,67,31,55.083333333333336
13943,67,45,55.0625
13944,68,36,54.208333333333336
13945,67,39,54.979166666666664
13946,71,29,54.979166666666664
13947,67,21,53.479166666666664
13948,63,35,54.208333333333336
13949,71,40,54.729166666666664
13950,69,35,55.333333333333336
13951,66,43,55.083333333333336
13952,67,45,55.020833333333336
13953,68,39,54.4375
13954,64,28,53.645833333333336
13955,69,35,54.0625
13956,67,33,52.229166666666664
13957,64,34,52.833333333333336
13958,68,26,54.020833333333336
13959,68,40,55.354166666666664
13960,65,39,54.9375
13961,66,37,54.8125
13962,67,32,55.604166666666664
13963,64,18,53.9375
13964,65,39,53.979166666666664
13965,64,25,53.375
13966,68,43,55.708333333333336
13967,68,38,55.041666666666664
13968,65,43,54.3125
13969,65,20,52.25
13970,65,39,54.375
13971,65,23,54.0
13972,72,32,54.6875
13973,66,44,55.854166666666664
13974,66,31,55.791666666666664
13975,67,45,55.395833333333336
13976,64,38,54.604166666666664
13977,68,34,54.458333333333336
13978,63,37,54.333333333333336
13979,71,41,55.9375
13980,65,30,51.9375
13981,69,28,54.229166666666664
13982,69,37,53.833333333333336
13983,69,36,54.145833333333336
13984,65,28,53.041666666666664
13985,68,41,55.458333333333336
13986,66,30,55.0625
13987,70,39,54.5625
13988,66,38,54.166666666666664
13989,69,36,54.645833333333336
13990,69,34,55.125
13991,67,44,56.125
13992,65,43,54.291666666666664
13993,65,25,53.1875
13994,67,36,54.270833333333336
13995,64,27,53.916666666666664
13996,65,32,55.395833333333336
13997,64,45,56.479166666666664
13998,68,39,54.25
13999,66,36,55.208333333333336
14000,64,35,53.0
14001,65,39,55.041666666666664
14002,65,30,54.416666666666664
14003,69,40,55.979166666666664
14004,65,35,53.354166666666664
14005,69,41,54.770833333333336
14006,65,23,53.5625
14007,63,43,54.979166666666664
14008,67,34,53.333333333333336
14009,71,44,55.4375
14010,65,27,54.666666666666664
14011,67,44,55.604166666666664
14012,70,36,54.416666666666664
14013,65,31,54.208333333333336
14014,68,30,53.8125
14015,63,38,54.625
14016,69,21,55.25
14017,66,41,53.75
14018,69,17,54.354166666666664
14019,66,13,54.395833333333336
14020,62,31,54.583333333333336
14021,65,27,54.770833333333336
14022,66,31,54.145833333333336
14023,65,37,54.125
14024,68,35,53.270833333333336
14025,69,30,55.541666666666664
14026,66,20,53.333333333333336
14027,64,37,53.083333333333336
14028,67,42,54.854166666666664
14029,66,44,55.416666666666664
14030,66,31,55.229166666666664
14031,72,47,56.166666666666664
14032,65,42,55.833333333333336
14033,67,20,53.083333333333336
14034,63,42,53.833333333333336
14035,66,37,54.166666666666664
14036,65,37,55.958333333333336
14037,68,40,56.104166666666664
14038,69,30,55.5625
14039,64,31,53.666666666666664
14040,69,45,55.229166666666664
14041,68,47,56.25
14042,67,47,55.75
14043,63,26,53.75
14044,70,38,54.9375
14045,63,40,53.645833333333336
14046,65,48,56.791666666666664
14047,66,44,55.25
14048,63,33,54.1875
14049,67,45,54.395833333333336
14050,74,30,54.770833333333336
14051,64,41,55.333333333333336
14052,65,35,55.25
14053,64,28,52.479166666666664
14054,63,44,55.0625
14055,63,38,54.208333333333336
14056,63,37,54.0
14057,67,38,54.354166666666664
14058,67,40,54.958333333333336
14059,66,22,53.895833333333336
14060,65,47,55.5625
14061,67,34,53.8125
14062,64,32,53.625
14063,70,39,55.083333333333336
14064,64,40,54.666666666666664
14065,69,31,54.4375
14066,62,28,54.0625
14067,64,45,56.291666666666664
14068,66,45,56.25
14069,72,38,55.708333333333336
14070,67,15,54.729166666666664
14071,68,44,56.1875
14072,67,45,56.541666666666664
14073,70,45,56.083333333333336
14074,67,45,55.645833333333336
14075,65,18,54.4375
14076,69,21,53.791666666666664
14077,64,35,54.395833333333336
14078,63,42,54.645833333333336
14079,66,25,53.770833333333336
14080,62,33,54.125
14081,70,20,54.0
14082,68,43,56.145833333333336
14083,66,40,55.791666666666664
14084,65,36,56.395833333333336
14085,65,28,53.895833333333336
14086,68,42,54.8125
14087,69,46,55.791666666666664
14088,66,43,56.291666666666664
14089,65,34,55.916666666666664
14090,67,43,54.645833333333336
14091,65,23,55.291666666666664
14092,67,39,54.354166666666664
14093,64,32,53.375
14094,63,20,52.041666666666664
14095,62,29,51.458333333333336
14096,65,33,54.666666666666664
14097,65,23,53.520833333333336
14098,65,31,55.125
14099,67,24,54.895833333333336
14100,62,26,52.854166666666664
14101,67,24,52.4375
14102,64,40,54.645833333333336
14103,64,26,53.354166666666664
14104,66,23,54.0625
14105,67,30,54.104166666666664
14106,65,31,52.979166666666664
14107,67,43,54.854166666666664
14108,65,28,55.6875
14109,70,28,50.354166666666664
14110,66,26,54.854166666666664
14111,68,41,54.5
14112,65,36,55.145833333333336
14113,67,41,55.895833333333336
14114,65,16,53.270833333333336
14115,63,44,55.104166666666664
14116,70,33,55.4375
14117,70,46,55.041666666666664
14118,69,39,55.354166666666664
14119,66,33,53.791666666666664
14120,65,31,53.208333333333336
14121,63,39,54.166666666666664
14122,67,35,54.0
14123,66,39,54.104166666666664
14124,72,31,54.583333333333336
14125,68,31,54.208333333333336
14126,68,41,57.4375
14127,66,44,55.5
14128,64,35,53.520833333333336
14129,64,33,54.458333333333336
14130,65,26,53.125
14131,66,47,54.458333333333336
14132,66,33,53.979166666666664
14133,68,45,54.416666666666664
14134,65,44,55.166666666666664
14135,67,38,55.125
14136,64,36,53.333333333333336
14137,66,26,54.958333333333336
14138,63,45,55.0
14139,67,44,56.333333333333336
14140,66,31,54.833333333333336
14141,67,31,53.583333333333336
14142,66,36,52.666666666666664
14143,66,42,55.458333333333336
14144,65,31,54.833333333333336
14145,68,41,54.604166666666664
14146,71,36,54.3125
14147,66,26,54.125
14148,68,39,55.291666666666664
14149,65,39,54.6875
14150,68,29,54.166666666666664
14151,66,32,55.1875
14152,66,32,55.541666666666664
14153,66,27,54.645833333333336
14154,64,46,55.208333333333336
14155,64,44,55.3125
14156,65,45,54.375
14157,66,44,55.1875
14158,66,29,55.395833333333336
14159,69,24,55.791666666666664
14160,65,37,54.354166666666664
14161,66,43,54.333333333333336
14162,65,41,53.354166666666664
14163,66,39,54.729166666666664
14164,68,37,54.520833333333336
14165,65,35,54.395833333333336
14166,68,29,52.6875
14167,71,41,55.729166666666664
14168,70,37,55.541666666666664
14169,64,37,54.5
14170,62,35,53.979166666666664
14171,67,34,54.5
14172,65,25,52.8125
14173,65,40,53.916666666666664
14174,64,41,55.3125
14175,64,29,53.270833333333336
14176,67,29,56.125
14177,67,29,53.916666666666664
14178,69,38,53.833333333333336
14179,68,34,54.229166666666664
14180,74,37,55.166666666666664
14181,71,33,54.854166666666664
14182,63,32,54.229166666666664
14183,69,31,53.958333333333336
14184,67,32,54.083333333333336
14185,64,39,53.916666666666664
14186,67,38,53.770833333333336
14187,68,27,54.458333333333336
14188,67,28,55.541666666666664
14189,68,41,55.354166666666664
14190,65,40,54.625
14191,66,48,55.0625
14192,66,30,53.958333333333336
14193,67,27,53.979166666666664
14194,62,31,53.125
14195,68,46,55.708333333333336
14196,62,35,54.1875
14197,67,43,57.208333333333336
14198,71,37,55.229166666666664
14199,63,27,54.833333333333336
14200,68,18,52.020833333333336
14201,63,37,52.75
14202,64,32,50.895833333333336
14203,69,38,55.916666666666664
14204,67,28,54.8125
14205,67,30,55.083333333333336
14206,64,42,54.375
14207,65,37,52.979166666666664
14208,63,13,52.291666666666664
14209,69,38,53.9375
14210,64,17,53.416666666666664
14211,69,39,55.729166666666664
14212,65,42,54.770833333333336
14213,70,37,54.458333333333336
14214,65,44,55.270833333333336
14215,69,35,57.541666666666664
14216,67,34,55.354166666666664
14217,67,23,55.020833333333336
14218,64,29,53.875
14219,65,44,55.125
14220,65,35,53.625
14221,64,20,53.5625
14222,61,21,52.604166666666664
14223,69,44,55.5
14224,64,45,54.770833333333336
14225,66,43,56.3125
14226,63,42,55.4375
14227,65,38,55.833333333333336
14228,67,29,54.1875
14229,65,36,53.9375
14230,66,38,55.958333333333336
14231,65,18,52.645833333333336
14232,65,27,52.5625
14233,67,19,51.895833333333336
14234,64,39,55.375
14235,69,32,55.666666666666664
14236,66,40,54.833333333333336
14237,66,27,54.041666666666664
14238,67,39,55.083333333333336
14239,62,44,54.895833333333336
14240,66,39,56.0625
14241,68,40,55.625
14242,65,40,55.4375
14243,70,38,55.770833333333336
14244,66,34,54.708333333333336
14245,67,35,52.854166666666664
14246,65,18,53.8125
14247,66,34,53.895833333333336
14248,66,36,53.541666666666664
14249,69,43,55.458333333333336
14250,65,45,55.5625
14251,68,43,55.645833333333336
14252,65,19,53.75
14253,63,40,54.729166666666664
14254,64,35,52.229166666666664
14255,63,32,53.791666666666664
14256,71,23,55.770833333333336
14257,65,46,55.708333333333336
14258,66,45,53.8125
14259,67,38,55.354166666666664
14260,66,40,56.0
14261,67,39,56.895833333333336
14262,67,42,54.020833333333336
14263,68,34,54.625
14264,65,33,54.729166666666664
14265,64,30,52.104166666666664
14266,67,35,54.666666666666664
14267,64,38,52.770833333333336
14268,64,35,53.9375
14269,72,45,54.916666666666664
14270,67,26,54.4375
14271,67,36,53.25
14272,65,34,54.083333333333336
14273,67,41,54.791666666666664
14274,64,44,54.895833333333336
14275,68,40,55.520833333333336
14276,64,36,54.395833333333336
14277,67,26,53.854166666666664
14278,66,43,54.375
14279,68,26,53.583333333333336
14280,66,42,55.916666666666664
14281,67,41,55.041666666666664
14282,66,44,55.645833333333336
14283,68,43,55.3125
14284,67,40,55.645833333333336
14285,69,29,53.8125
14286,65,41,54.8125
14287,67,22,54.375
14288,64,39,54.541666666666664
14289,67,33,53.604166666666664
14290,68,39,55.333333333333336
14291,69,44,54.875
14292,69,31,54.020833333333336
14293,65,37,54.6875
14294,67,28,52.083333333333336
14295,69,31,52.958333333333336
14296,62,38,53.520833333333336
14297,68,33,55.166666666666664
14298,66,30,53.458333333333336
14299,64,35,53.75
14300,68,26,51.229166666666664
14301,67,28,53.979166666666664
14302,64,23,53.333333333333336
14303,65,29,54.020833333333336
14304,64,30,53.0625
14305,63,33,54.541666666666664
14306,64,44,55.770833333333336
14307,65,41,55.0625
14308,66,30,54.895833333333336
14309,66,33,55.520833333333336
14310,65,42,54.8125
14311,65,39,54.041666666666664
14312,67,39,54.041666666666664
14313,65,31,53.791666666666664
14314,69,26,55.041666666666664
14315,67,39,55.354166666666664
14316,64,29,55.125
14317,62,35,52.458333333333336
14318,66,36,55.25
14319,68,39,55.083333333333336
14320,64,38,54.145833333333336
14321,71,32,55.25
14322,65,36,54.375
14323,63,16,54.291666666666664
14324,68,37,54.6875
14325,65,22,54.3125
14326,62,40,54.604166666666664
14327,64,27,53.166666666666664
14328,66,36,54.0625
14329,62,44,54.895833333333336
14330,64,42,54.666666666666664
14331,63,30,53.041666666666664
14332,70,37,55.291666666666664
14333,64,28,53.625
14334,66,37,54.520833333333336
14335,68,44,55.708333333333336
14336,74,37,55.270833333333336
14337,69,35,53.875
14338,66,44,55.208333333333336
14339,66,42,54.895833333333336
14340,67,43,55.979166666666664
14341,65,40,54.125
14342,67,41,54.6875
14343,71,39,55.5
14344,64,40,54.020833333333336
14345,66,39,55.020833333333336
14346,70,37,55.4375
14347,68,47,55.666666666666664
14348,63,45,55.6875
14349,67,27,54.583333333333336
14350,64,39,54.333333333333336
14351,64,42,54.208333333333336
14352,67,41,54.9375
14353,66,39,56.708333333333336
14354,66,42,53.895833333333336
14355,65,42,55.583333333333336
14356,63,26,54.458333333333336
14357,66,40,54.208333333333336
14358,68,32,53.229166666666664
14359,66,33,55.3125
14360,64,41,54.75
14361,66,22,56.041666666666664
14362,67,26,53.416666666666664
14363,68,44,55.083333333333336
14364,66,41,55.479166666666664
14365,66,36,54.416666666666664
14366,63,42,54.520833333333336
14367,65,38,55.458333333333336
14368,69,42,54.666666666666664
14369,71,21,55.75
14370,64,41,53.666666666666664
14371,67,38,55.395833333333336
14372,68,35,53.8125
14373,63,35,51.916666666666664
14374,64,33,52.770833333333336
14375,64,40,54.979166666666664
14376,66,37,55.270833333333336
14377,69,40,55.041666666666664
14378,65,37,55.541666666666664
14379,73,33,54.395833333333336
14380,66,32,54.145833333333336
14381,64,31,52.541666666666664
14382,65,31,53.729166666666664
14383,66,14,52.208333333333336
14384,69,42,54.645833333333336
14385,65,24,52.875
14386,73,29,53.979166666666664
14387,66,27,51.833333333333336
14388,64,30,52.604166666666664
14389,64,26,53.9375
14390,65,41,54.375
14391,69,28,54.145833333333336
14392,68,33,54.395833333333336
14393,67,27,53.8125
14394,65,30,53.520833333333336
14395,65,36,53.479166666666664
14396,69,22,53.520833333333336
14397,68,40,55.020833333333336
14398,66,45,53.958333333333336
14399,64,40,53.854166666666664
14400,67,34,55.291666666666664
14401,68,43,54.604166666666664
14402,70,45,55.791666666666664
14403,65,45,56.75
14404,67,24,54.791666666666664
14405,64,49,56.333333333333336
14406,69,24,54.770833333333336
14407,64,30,54.479166666666664
14408,64,43,54.0
14409,64,35,54.270833333333336
14410,69,34,55.625
14411,66,29,53.625
14412,64,43,54.145833333333336
14413,62,38,52.958333333333336
14414,66,35,53.166666666666664
14415,62,41,54.770833333333336
14416,66,34,54.083333333333336
14417,68,32,53.166666666666664
14418,66,34,53.541666666666664
14419,68,31,54.020833333333336
14420,63,33,55.541666666666664
14421,63,41,54.104166666666664
14422,63,41,53.75
14423,65,38,54.4375
14424,66,33,51.916666666666664
14425,66,44,54.1875
14426,66,41,55.833333333333336
14427,62,41,53.9375
14428,66,23,53.25
14429,66,41,55.666666666666664
14430,64,36,54.208333333333336
14431,65,36,53.520833333333336
14432,65,29,54.270833333333336
14433,71,32,54.395833333333336
14434,63,20,53.479166666666664
14435,65,29,53.5
14436,70,42,54.604166666666664
14437,69,34,53.645833333333336
14438,66,40,54.375
14439,63,39,54.041666666666664
14440,63,43,54.8125
14441,65,40,55.4375
14442,67,41,55.854166666666664
14443,64,35,54.8125
14444,64,47,54.4375
14445,65,42,55.208333333333336
14446,64,45,56.25
14447,66,43,53.604166666666664
14448,66,41,54.6875
14449,70,43,55.979166666666664
14450,66,40,54.5625
14451,68,34,54.083333333333336
14452,64,40,54.333333333333336
14453,66,38,55.458333333333336
14454,70,43,55.5625
14455,66,43,55.8125
14456,63,38,54.25
14457,69,37,55.395833333333336
14458,66,39,53.75
14459,68,10,52.270833333333336
14460,65,33,54.166666666666664
14461,66,43,53.625
14462,70,34,54.854166666666664
14463,75,45,55.645833333333336
14464,64,28,54.770833333333336
14465,66,35,54.833333333333336
14466,65,18,53.9375
14467,71,28,55.8125
14468,65,37,54.395833333333336
14469,65,41,54.604166666666664
14470,65,37,55.270833333333336
14471,68,29,53.979166666666664
14472,65,34,53.145833333333336
14473,70,32,52.854166666666664
14474,64,42,55.6875
14475,66,44,56.729166666666664
14476,66,35,53.770833333333336
14477,67,36,53.541666666666664
14478,64,34,56.0
14479,65,38,53.729166666666664
14480,65,43,54.541666666666664
14481,63,36,54.270833333333336
14482,69,33,53.854166666666664
14483,68,32,54.1875
14484,67,34,54.3125
14485,66,44,55.0625
14486,67,36,53.895833333333336
14487,67,30,54.291666666666664
14488,64,35,54.875
14489,64,40,54.708333333333336
14490,68,40,54.895833333333336
14491,66,38,54.6875
14492,65,44,54.0
14493,64,37,52.541666666666664
14494,71,36,54.6875
14495,67,37,54.166666666666664
14496,66,29,54.625
14497,70,38,55.354166666666664
14498,68,40,56.5625
14499,64,42,54.625
14500,64,36,54.166666666666664
14501,64,42,54.520833333333336
14502,65,34,54.395833333333336
14503,65,36,55.041666666666664
14504,66,35,54.625
14505,67,26,55.291666666666664
14506,65,22,55.083333333333336
14507,69,43,55.604166666666664
14508,65,22,53.6875
14509,67,33,53.104166666666664
14510,67,38,55.229166666666664
14511,64,42,55.8125
14512,66,33,55.125
14513,66,44,56.0
14514,64,41,54.3125
14515,66,35,54.9375
14516,63,43,55.583333333333336
14517,68,41,55.416666666666664
14518,65,46,55.333333333333336
14519,68,45,55.395833333333336
14520,66,41,54.541666666666664
14521,67,37,55.5
14522,62,26,53.770833333333336
14523,65,44,54.8125
14524,67,24,54.708333333333336
14525,67,47,55.729166666666664
14526,63,37,54.0
14527,66,35,54.9375
14528,66,41,54.791666666666664
14529,66,41,56.9375
14530,67,34,54.708333333333336
14531,66,35,55.354166666666664
14532,64,29,54.0
14533,66,37,55.1875
14534,68,34,54.1875
14535,68,43,55.604166666666664
14536,72,43,54.8125
14537,65,43,54.416666666666664
14538,67,43,54.3125
14539,68,33,54.625
14540,65,45,54.9375
14541,70,42,54.395833333333336
14542,66,32,54.25
14543,63,36,53.520833333333336
14544,64,31,52.958333333333336
14545,68,38,54.791666666666664
14546,67,41,55.5625
14547,63,29,53.25
14548,67,43,55.166666666666664
14549,69,45,56.5625
14550,72,29,54.104166666666664
14551,65,34,54.270833333333336
14552,66,34,53.583333333333336
14553,67,43,54.645833333333336
14554,63,41,53.604166666666664
14555,68,39,54.75
14556,63,39,53.8125
14557,65,36,53.520833333333336
14558,67,28,53.645833333333336
14559,64,41,53.770833333333336
14560,67,31,54.354166666666664
14561,64,40,55.083333333333336
14562,72,43,56.083333333333336
14563,66,36,56.104166666666664
14564,67,33,55.291666666666664
14565,71,42,55.25
14566,72,39,55.125
14567,62,40,54.666666666666664
14568,67,42,53.833333333333336
14569,64,31,54.041666666666664
14570,69,31,54.604166666666664
14571,65,32,52.958333333333336
14572,66,42,54.791666666666664
14573,68,40,55.4375
14574,68,42,55.291666666666664
14575,68,45,55.270833333333336
14576,63,39,52.291666666666664
14577,64,38,55.0
14578,63,38,53.875
14579,69,42,54.4375
14580,67,37,54.666666666666664
14581,64,41,53.354166666666664
14582,72,12,52.5625
14583,66,18,53.625
14584,68,24,54.979166666666664
14585,62,33,54.6875
14586,66,27,53.583333333333336
14587,64,37,54.4375
14588,63,30,51.041666666666664
14589,64,34,54.0
14590,64,36,54.395833333333336
14591,66,35,53.708333333333336
14592,65,39,55.375
14593,62,45,54.270833333333336
14594,66,37,53.916666666666664
14595,67,36,55.145833333333336
14596,66,41,54.979166666666664
14597,65,40,55.270833333333336
14598,68,25,53.4375
14599,67,28,54.979166666666664
14600,65,40,56.895833333333336
14601,67,29,54.291666666666664
14602,65,44,54.104166666666664
14603,67,44,54.8125
14604,66,39,54.5
14605,66,33,53.833333333333336
14606,70,45,55.5
14607,70,40,54.104166666666664
14608,67,21,52.979166666666664
14609,66,46,56.166666666666664
14610,70,22,54.395833333333336
14611,61,42,53.75
14612,66,40,55.166666666666664
14613,67,42,55.541666666666664
14614,68,29,55.770833333333336
14615,65,28,54.041666666666664
14616,65,36,54.729166666666664
14617,65,44,55.3125
14618,66,43,55.875
14619,68,39,55.833333333333336
14620,67,42,56.166666666666664
14621,65,40,55.666666666666664
14622,67,31,53.0625
14623,72,42,56.104166666666664
14624,65,43,54.354166666666664
14625,63,39,54.270833333333336
14626,65,37,54.541666666666664
14627,70,38,55.3125
14628,64,36,54.0
14629,67,34,53.8125
14630,72,40,55.9375
14631,68,38,54.645833333333336
14632,72,41,56.354166666666664
14633,64,34,54.854166666666664
14634,70,40,53.625
14635,68,37,55.4375
14636,65,39,55.375
14637,65,39,55.020833333333336
14638,70,40,56.916666666666664
14639,66,40,53.708333333333336
14640,65,36,53.0
14641,65,35,53.104166666666664
14642,65,39,54.3125
14643,69,38,56.166666666666664
14644,65,33,55.583333333333336
14645,65,42,54.458333333333336
14646,66,40,55.0
14647,66,41,54.479166666666664
14648,66,38,54.375
14649,64,36,52.8125
14650,70,29,54.958333333333336
14651,65,45,55.333333333333336
14652,66,43,54.166666666666664
14653,64,33,53.916666666666664
14654,66,39,54.416666666666664
14655,64,35,53.645833333333336
14656,66,26,53.375
14657,63,36,53.9375
14658,64,35,53.145833333333336
14659,66,45,54.0
14660,66,40,55.208333333333336
14661,62,45,54.458333333333336
14662,71,43,55.0625
14663,68,25,54.5625
14664,67,26,53.916666666666664
14665,64,42,53.625
14666,66,40,53.8125
14667,65,36,53.1875
14668,64,34,54.5
14669,64,30,52.916666666666664
14670,69,18,53.041666666666664
14671,66,25,54.458333333333336
14672,65,33,54.0625
14673,67,42,54.729166666666664
14674,66,35,54.3125
14675,66,31,53.375
14676,66,38,54.25
14677,66,45,55.354166666666664
14678,67,26,54.041666666666664
14679,66,36,54.625
14680,69,42,55.104166666666664
14681,70,41,55.104166666666664
14682,62,41,54.1875
14683,61,42,53.083333333333336
14684,69,38,54.416666666666664
14685,65,42,54.4375
14686,64,41,54.229166666666664
14687,68,44,54.458333333333336
14688,66,27,52.875
14689,69,37,53.583333333333336
14690,66,30,54.833333333333336
14691,64,34,53.895833333333336
14692,72,31,54.145833333333336
14693,63,40,54.104166666666664
14694,65,36,53.833333333333336
14695,63,26,51.791666666666664
14696,65,41,54.6875
14697,65,42,54.0625
14698,62,38,53.604166666666664
14699,68,24,54.375
14700,65,43,54.666666666666664
14701,64,35,53.875
14702,64,42,54.770833333333336
14703,67,43,54.6875
14704,65,46,55.541666666666664
14705,70,38,53.625
14706,64,37,52.666666666666664
14707,69,34,54.229166666666664
14708,70,16,52.8125
14709,67,37,55.208333333333336
14710,66,38,54.75
14711,65,34,54.333333333333336
14712,70,46,55.875
14713,65,39,55.375
14714,64,43,54.708333333333336
14715,65,40,55.020833333333336
14716,69,34,54.229166666666664
14717,66,28,54.75
14718,68,38,55.8125
14719,65,42,55.604166666666664
14720,64,28,52.916666666666664
14721,66,35,55.625
14722,64,31,54.041666666666664
14723,69,32,54.083333333333336
14724,68,31,54.979166666666664
14725,64,28,53.375
14726,66,36,54.229166666666664
14727,66,44,54.645833333333336
14728,68,42,53.9375
14729,68,25,53.708333333333336
14730,67,42,55.6875
14731,62,42,54.666666666666664
14732,66,38,55.104166666666664
14733,65,43,55.791666666666664
14734,71,32,55.229166666666664
14735,65,43,55.291666666666664
14736,70,38,55.708333333333336
14737,64,43,54.541666666666664
14738,68,34,52.875
14739,66,33,54.583333333333336
14740,63,20,52.520833333333336
14741,66,33,54.208333333333336
14742,69,34,54.583333333333336
14743,67,33,53.75
14744,66,39,55.395833333333336
14745,69,43,54.958333333333336
14746,64,37,54.770833333333336
14747,66,38,55.020833333333336
14748,65,43,55.333333333333336
14749,66,41,53.6875
14750,66,41,55.229166666666664
14751,67,40,55.479166666666664
14752,68,44,54.708333333333336
14753,65,35,55.395833333333336
14754,65,29,54.333333333333336
14755,69,31,54.25
14756,70,39,56.583333333333336
14757,66,31,52.458333333333336
14758,69,42,54.645833333333336
14759,72,38,54.9375
14760,70,28,54.0625
14761,72,29,53.729166666666664
14762,63,37,52.791666666666664
14763,69,43,55.208333333333336
14764,66,18,54.604166666666664
14765,69,32,54.6875
14766,67,29,54.270833333333336
14767,69,40,54.8125
14768,66,42,54.0625
14769,67,30,52.729166666666664
14770,69,36,55.0625
14771,65,47,56.5
14772,68,38,54.645833333333336
14773,70,28,55.208333333333336
14774,63,42,55.520833333333336
14775,64,36,53.8125
14776,66,31,53.645833333333336
14777,66,36,52.8125
14778,71,28,55.166666666666664
14779,68,25,54.5625
14780,64,38,53.9375
14781,63,28,52.604166666666664
14782,71,28,52.041666666666664
14783,64,30,53.9375
14784,63,35,52.6875
14785,64,30,54.895833333333336
14786,64,32,53.979166666666664
14787,67,33,54.020833333333336
14788,66,33,53.6875
14789,66,41,54.979166666666664
14790,72,39,56.479166666666664
14791,64,38,53.916666666666664
14792,70,34,53.041666666666664
14793,70,30,54.520833333333336
14794,63,41,54.395833333333336
14795,64,31,54.791666666666664
14796,67,31,54.916666666666664
14797,73,41,54.375
14798,63,42,54.770833333333336
14799,66,41,55.458333333333336
14800,62,26,53.875
14801,65,44,56.145833333333336
14802,71,47,57.0
14803,69,37,54.729166666666664
14804,69,31,54.3125
14805,67,37,54.1875
14806,68,44,54.145833333333336
14807,67,27,52.916666666666664
14808,65,38,55.854166666666664
14809,67,34,54.833333333333336
14810,65,31,53.729166666666664
14811,68,28,53.020833333333336
14812,67,35,54.458333333333336
14813,67,42,55.458333333333336
14814,62,44,55.0
14815,67,39,56.270833333333336
14816,69,37,54.833333333333336
14817,63,41,53.645833333333336
14818,66,41,54.833333333333336
14819,65,31,54.166666666666664
14820,68,24,54.8125
14821,65,35,54.729166666666664
14822,64,24,53.166666666666664
14823,67,46,54.916666666666664
14824,67,42,54.3125
14825,67,38,54.25
14826,67,32,54.604166666666664
14827,64,35,54.729166666666664
14828,70,33,55.125
14829,67,34,55.25
14830,62,37,53.9375
14831,63,37,53.895833333333336
14832,65,33,53.666666666666664
14833,68,27,54.041666666666664
14834,68,30,53.458333333333336
14835,63,33,54.020833333333336
14836,66,22,53.479166666666664
14837,64,35,52.833333333333336
14838,63,33,54.333333333333336
14839,65,38,53.729166666666664
14840,72,38,54.645833333333336
14841,64,29,53.333333333333336
14842,66,22,54.020833333333336
14843,67,41,55.041666666666664
14844,66,39,54.791666666666664
14845,64,39,54.375
14846,66,37,53.375
14847,66,38,54.9375
14848,69,45,55.6875
14849,66,47,55.75
14850,67,38,55.8125
14851,65,47,55.6875
14852,68,43,55.0625
14853,63,28,52.6875
14854,65,39,52.958333333333336
14855,66,30,54.270833333333336
14856,65,33,54.416666666666664
14857,67,32,54.375
14858,66,34,54.625
14859,65,30,53.604166666666664
14860,65,45,55.4375
14861,65,38,54.354166666666664
14862,66,34,55.666666666666664
14863,66,44,55.416666666666664
14864,65,43,55.0625
14865,65,45,55.229166666666664
14866,68,46,55.708333333333336
14867,68,39,55.6875
14868,67,34,55.354166666666664
14869,66,45,54.9375
14870,69,28,53.833333333333336
14871,64,33,55.145833333333336
14872,65,39,55.520833333333336
14873,65,44,55.395833333333336
14874,66,36,55.270833333333336
14875,64,31,55.083333333333336
14876,64,43,54.5625
14877,67,40,55.208333333333336
14878,62,45,55.020833333333336
14879,64,35,55.604166666666664
14880,66,37,54.458333333333336
14881,67,30,55.125
14882,66,37,54.1875
14883,64,35,54.375
14884,64,24,53.458333333333336
14885,65,37,54.770833333333336
14886,64,43,54.770833333333336
14887,66,41,55.375
14888,65,35,54.041666666666664
14889,66,27,55.375
14890,69,44,55.625
14891,68,34,56.395833333333336
14892,66,38,55.041666666666664
14893,66,31,55.041666666666664
14894,68,43,55.833333333333336
14895,61,34,54.9375
14896,66,45,56.145833333333336
14897,64,41,54.958333333333336
14898,66,34,54.666666666666664
14899,66,30,53.833333333333336
14900,65,42,54.208333333333336
14901,70,35,54.604166666666664
14902,69,39,54.625
14903,67,40,54.354166666666664
14904,63,38,54.4375
14905,67,44,54.1875
14906,68,31,54.666666666666664
14907,64,40,55.0625
14908,68,33,54.9375
14909,69,26,52.833333333333336
14910,65,29,54.416666666666664
14911,66,38,55.229166666666664
14912,65,37,52.416666666666664
14913,62,37,51.625
14914,68,41,54.6875
14915,66,39,56.0
14916,68,26,54.625
14917,65,25,53.729166666666664
14918,67,42,55.9375
14919,65,22,52.458333333333336
14920,67,35,54.833333333333336
14921,70,42,54.729166666666664
14922,67,38,54.083333333333336
14923,63,28,54.9375
14924,63,35,54.958333333333336
14925,69,27,54.6875
14926,62,34,54.5625
14927,68,35,55.541666666666664
14928,65,47,55.333333333333336
14929,73,26,55.395833333333336
14930,62,13,51.520833333333336
14931,69,42,55.270833333333336
14932,66,35,55.270833333333336
14933,64,34,54.208333333333336
14934,65,44,54.916666666666664
14935,61,37,54.166666666666664
14936,68,43,55.0
14937,69,44,55.5625
14938,65,37,54.3125
14939,69,40,55.625
14940,69,45,55.583333333333336
14941,67,33,55.395833333333336
14942,66,48,54.875
14943,65,41,53.8125
14944,66,25,54.520833333333336
14945,65,36,53.666666666666664
14946,67,37,54.770833333333336
14947,69,36,54.770833333333336
14948,69,24,54.354166666666664
14949,65,30,52.708333333333336
14950,65,37,54.1875
14951,67,45,56.458333333333336
14952,65,25,54.270833333333336
14953,64,28,54.458333333333336
14954,66,46,56.354166666666664
14955,66,31,54.979166666666664
14956,65,40,54.291666666666664
14957,65,39,53.729166666666664
14958,65,39,55.958333333333336
14959,62,45,54.354166666666664
14960,61,46,53.708333333333336
14961,67,37,54.375
14962,69,47,56.291666666666664
14963,70,41,55.145833333333336
14964,66,39,54.5625
14965,66,19,54.354166666666664
14966,66,35,54.5625
14967,68,32,52.291666666666664
14968,74,33,54.145833333333336
14969,67,44,55.270833333333336
14970,66,47,55.333333333333336
14971,67,39,55.375
14972,66,45,55.625
14973,69,27,54.291666666666664
14974,64,38,53.083333333333336
14975,66,44,55.25
14976,67,18,54.3125
14977,62,31,53.145833333333336
14978,64,46,54.541666666666664
14979,66,37,53.729166666666664
14980,65,36,54.625
14981,65,32,55.395833333333336
14982,63,41,54.145833333333336
14983,65,37,53.270833333333336
14984,68,39,55.979166666666664
14985,69,38,55.541666666666664
14986,68,31,54.291666666666664
14987,71,35,55.729166666666664
14988,65,35,54.5
14989,69,45,56.166666666666664
14990,67,44,55.208333333333336
14991,63,41,54.229166666666664
14992,68,49,56.083333333333336
14993,71,47,56.604166666666664
14994,68,36,55.583333333333336
14995,65,32,54.4375
14996,67,41,55.541666666666664
14997,66,41,54.6875
14998,66,44,56.645833333333336
14999,72,39,53.729166666666664
15000,66,47,56.520833333333336
15001,66,31,54.479166666666664
15002,63,41,55.208333333333336
15003,67,40,55.395833333333336
15004,63,40,53.395833333333336
15005,67,38,53.5625
15006,65,36,54.9375
15007,64,40,54.208333333333336
15008,69,29,54.625
15009,66,35,54.708333333333336
15010,68,42,54.229166666666664
15011,67,41,56.020833333333336
15012,70,44,54.208333333333336
15013,64,45,55.125
15014,66,15,54.770833333333336
15015,65,23,54.229166666666664
15016,64,42,54.8125
15017,65,45,54.979166666666664
15018,64,34,53.791666666666664
15019,67,32,54.708333333333336
15020,68,37,54.604166666666664
15021,68,44,55.020833333333336
15022,65,38,53.083333333333336
15023,72,37,54.8125
15024,64,43,53.6875
15025,67,32,53.583333333333336
15026,65,38,53.3125
15027,71,39,54.229166666666664
15028,70,41,55.458333333333336
15029,66,33,54.416666666666664
15030,70,31,53.5
15031,68,37,55.3125
15032,67,40,54.604166666666664
15033,66,34,54.229166666666664
15034,69,33,55.729166666666664
15035,64,40,53.166666666666664
15036,62,40,53.125
15037,65,34,54.354166666666664
15038,66,41,54.104166666666664
15039,67,18,53.729166666666664
15040,65,42,54.0625
15041,66,43,55.145833333333336
15042,67,36,54.125
15043,69,39,54.854166666666664
15044,64,38,54.25
15045,68,34,53.4375
15046,73,40,55.125
15047,67,38,54.3125
15048,64,47,54.958333333333336
15049,67,33,55.0625
15050,67,31,55.1875
15051,65,36,53.4375
15052,68,29,53.208333333333336
15053,66,44,55.229166666666664
15054,66,38,54.75
15055,69,29,55.166666666666664
15056,65,42,56.145833333333336
15057,65,42,55.479166666666664
15058,66,40,54.5
15059,69,41,55.916666666666664
15060,64,45,55.083333333333336
15061,62,45,55.3125
15062,68,47,55.916666666666664
15063,65,35,54.625
15064,67,44,55.604166666666664
15065,67,42,54.791666666666664
15066,67,36,52.25
15067,66,23,53.958333333333336
15068,65,39,53.9375
15069,67,40,53.958333333333336
15070,67,36,54.8125
15071,64,41,54.604166666666664
15072,70,40,53.854166666666664
15073,63,39,54.583333333333336
15074,70,39,53.708333333333336
15075,65,40,54.208333333333336
15076,69,43,56.458333333333336
15077,67,41,54.625
15078,65,35,54.083333333333336
15079,69,39,55.145833333333336
15080,66,47,56.041666666666664
15081,64,38,54.854166666666664
15082,65,40,54.604166666666664
15083,68,35,54.0625
15084,69,37,54.604166666666664
15085,67,43,54.895833333333336
15086,66,33,52.75
15087,69,45,55.333333333333336
15088,68,27,53.458333333333336
15089,62,43,54.770833333333336
15090,72,39,55.083333333333336
15091,67,43,54.5
15092,65,42,53.979166666666664
15093,65,43,56.0
15094,67,42,55.666666666666664
15095,65,40,54.333333333333336
15096,69,39,55.875
15097,65,37,54.8125
15098,66,36,53.520833333333336
15099,66,41,55.6875
15100,67,39,54.5625
15101,66,24,54.979166666666664
15102,66,39,54.583333333333336
15103,66,35,54.583333333333336
15104,63,39,54.833333333333336
15105,66,18,52.75
15106,67,32,54.666666666666664
15107,70,38,54.854166666666664
15108,66,41,56.020833333333336
15109,66,16,54.1875
15110,68,42,55.083333333333336
15111,65,46,55.958333333333336
15112,64,44,54.458333333333336
15113,68,26,53.854166666666664
15114,69,44,55.291666666666664
15115,67,18,53.916666666666664
15116,68,28,54.5625
15117,65,44,54.5625
15118,66,29,54.9375
15119,68,42,55.395833333333336
15120,68,39,53.75
15121,66,39,54.875
15122,65,22,53.958333333333336
15123,65,36,54.75
15124,66,40,54.583333333333336
15125,66,30,53.291666666666664
15126,66,41,54.25
15127,66,37,53.8125
15128,67,30,54.916666666666664
15129,66,39,54.125
15130,65,34,55.3125
15131,67,43,55.25
15132,66,18,53.645833333333336
15133,65,38,54.166666666666664
15134,67,36,55.854166666666664
15135,68,41,56.270833333333336
15136,70,30,53.854166666666664
15137,68,32,53.708333333333336
15138,70,36,53.666666666666664
15139,68,47,55.9375
15140,73,40,54.625
15141,66,25,55.125
15142,65,45,55.041666666666664
15143,67,45,55.604166666666664
15144,63,35,54.75
15145,71,42,56.708333333333336
15146,69,41,56.666666666666664
15147,67,39,54.4375
15148,62,28,53.645833333333336
15149,66,45,55.020833333333336
15150,68,46,55.854166666666664
15151,67,44,55.333333333333336
15152,67,47,56.416666666666664
15153,66,24,51.458333333333336
15154,64,46,56.125
15155,68,37,55.25
15156,65,39,55.4375
15157,65,35,54.041666666666664
15158,65,43,55.291666666666664
15159,65,35,54.083333333333336
15160,66,39,54.020833333333336
15161,63,40,54.645833333333336
15162,64,37,54.458333333333336
15163,67,41,54.979166666666664
15164,68,31,54.375
15165,62,45,53.895833333333336
15166,67,40,54.395833333333336
15167,69,36,53.791666666666664
15168,66,43,55.104166666666664
15169,69,34,54.208333333333336
15170,66,39,54.6875
15171,64,34,52.625
15172,65,28,51.5
15173,64,29,52.270833333333336
15174,65,28,53.583333333333336
15175,69,34,54.375
15176,66,32,52.8125
15177,74,35,54.604166666666664
15178,61,34,52.0
15179,71,36,54.958333333333336
15180,66,45,55.958333333333336
15181,67,43,53.958333333333336
15182,66,40,55.291666666666664
15183,71,12,51.4375
15184,65,40,54.625
15185,63,34,53.083333333333336
15186,66,42,54.3125
15187,69,32,54.208333333333336
15188,64,39,54.479166666666664
15189,71,31,54.520833333333336
15190,67,37,54.395833333333336
15191,64,27,53.854166666666664
15192,62,37,54.5625
15193,63,26,54.25
15194,68,39,55.645833333333336
15195,66,27,52.666666666666664
15196,67,28,54.229166666666664
15197,63,43,54.604166666666664
15198,65,28,53.9375
15199,66,27,54.020833333333336
15200,70,26,52.458333333333336
15201,68,39,54.229166666666664
15202,64,39,53.541666666666664
15203,63,33,54.291666666666664
15204,65,34,54.833333333333336
15205,68,33,54.875
15206,64,27,52.75
15207,67,40,54.708333333333336
15208,65,37,53.645833333333336
15209,70,38,54.458333333333336
15210,66,35,53.645833333333336
15211,66,35,53.75
15212,65,33,55.354166666666664
15213,70,34,55.166666666666664
15214,66,33,55.416666666666664
15215,65,43,54.958333333333336
15216,69,40,55.229166666666664
15217,66,37,55.375
15218,68,37,54.895833333333336
15219,71,41,54.625
15220,68,27,52.8125
15221,65,33,54.0
15222,68,40,52.895833333333336
15223,67,41,54.6875
15224,64,44,54.895833333333336
15225,64,44,55.6875
15226,69,36,55.604166666666664
15227,71,36,54.5625
15228,68,45,56.020833333333336
15229,71,38,55.0
15230,63,23,53.3125
15231,68,33,54.979166666666664
15232,65,43,55.125
15233,69,29,53.854166666666664
15234,69,38,54.645833333333336
15235,70,39,54.229166666666664
15236,64,34,54.125
15237,67,41,54.625
15238,69,32,54.354166666666664
15239,68,17,50.854166666666664
15240,65,36,55.8125
15241,67,38,53.229166666666664
15242,64,38,53.125
15243,66,37,54.708333333333336
15244,64,32,53.354166666666664
15245,66,38,54.291666666666664
15246,65,33,53.75
15247,65,35,54.770833333333336
15248,66,33,52.604166666666664
15249,68,34,55.541666666666664
15250,68,35,54.229166666666664
15251,68,19,51.770833333333336
15252,69,33,54.895833333333336
15253,66,23,51.479166666666664
15254,66,39,53.291666666666664
15255,63,36,54.1875
15256,64,31,51.166666666666664
15257,67,39,53.979166666666664
15258,66,41,54.4375
15259,70,37,54.875
15260,64,25,54.708333333333336
15261,63,26,53.979166666666664
15262,65,41,55.333333333333336
15263,64,40,53.958333333333336
15264,67,23,55.291666666666664
15265,66,28,55.229166666666664
15266,64,34,54.6875
15267,70,25,55.5
15268,66,24,54.9375
15269,71,41,56.041666666666664
15270,67,40,54.729166666666664
15271,65,38,53.666666666666664
15272,66,34,54.041666666666664
15273,68,37,55.0
15274,67,38,53.520833333333336
15275,65,44,55.25
15276,65,37,54.208333333333336
15277,64,31,54.5
15278,66,27,54.979166666666664
15279,66,44,55.4375
15280,65,37,54.3125
15281,66,38,53.666666666666664
15282,64,42,55.0625
15283,66,29,55.458333333333336
15284,71,33,54.125
15285,70,39,54.354166666666664
15286,64,45,55.104166666666664
15287,64,45,55.625
15288,67,28,54.416666666666664
15289,66,40,55.9375
15290,67,30,54.458333333333336
15291,65,39,55.020833333333336
15292,71,42,54.541666666666664
15293,66,36,53.770833333333336
15294,65,41,54.458333333333336
15295,64,38,54.895833333333336
15296,72,36,55.229166666666664
15297,68,45,56.25
15298,68,40,55.145833333333336
15299,68,39,55.041666666666664
15300,69,46,54.479166666666664
15301,68,47,56.9375
15302,64,35,55.479166666666664
15303,63,42,54.854166666666664
15304,66,25,53.541666666666664
15305,72,46,56.145833333333336
15306,66,32,55.270833333333336
15307,67,29,54.75
15308,68,29,53.875
15309,68,40,54.354166666666664
15310,63,31,54.770833333333336
15311,68,45,56.104166666666664
15312,66,39,54.291666666666664
15313,64,41,53.791666666666664
15314,68,46,55.458333333333336
15315,62,33,52.979166666666664
15316,69,45,56.3125
15317,65,21,54.770833333333336
15318,70,34,55.395833333333336
15319,65,42,54.354166666666664
15320,66,31,53.8125
15321,71,43,54.854166666666664
15322,65,29,54.125
15323,66,42,54.270833333333336
15324,66,42,55.583333333333336
15325,67,35,54.229166666666664
15326,68,43,54.666666666666664
15327,64,39,54.375
15328,65,39,52.854166666666664
15329,64,37,54.875
15330,69,42,55.291666666666664
15331,68,47,56.104166666666664
15332,65,45,54.479166666666664
15333,63,35,54.270833333333336
15334,63,38,54.5
15335,63,36,53.229166666666664
15336,63,40,54.708333333333336
15337,66,39,55.625
15338,64,43,55.083333333333336
15339,63,39,54.145833333333336
15340,72,41,55.666666666666664
15341,64,37,53.875
15342,63,40,54.395833333333336
15343,70,48,56.395833333333336
15344,66,39,54.833333333333336
15345,69,32,55.9375
15346,64,35,52.895833333333336
15347,67,31,54.854166666666664
15348,64,46,54.729166666666664
15349,68,31,54.0625
15350,65,35,55.333333333333336
15351,63,45,55.8125
15352,68,41,54.833333333333336
15353,68,24,53.8125
15354,75,31,53.541666666666664
15355,63,36,52.875
15356,69,45,56.354166666666664
15357,67,32,53.0625
15358,64,25,53.020833333333336
15359,73,11,54.770833333333336
15360,65,43,54.708333333333336
15361,67,39,55.625
15362,66,37,53.479166666666664
15363,64,34,53.166666666666664
15364,69,42,55.791666666666664
15365,65,38,55.145833333333336
15366,64,33,53.9375
15367,67,36,54.729166666666664
15368,66,40,54.791666666666664
15369,68,44,54.9375
15370,62,42,53.354166666666664
15371,65,41,54.8125
15372,66,33,54.0
15373,65,43,55.125
15374,66,29,54.541666666666664
15375,68,36,54.645833333333336
15376,65,34,55.041666666666664
15377,70,46,56.625
15378,65,39,54.979166666666664
15379,69,38,54.854166666666664
15380,68,39,55.125
15381,67,35,54.958333333333336
15382,68,44,56.041666666666664
15383,66,32,53.8125
15384,66,46,56.125
15385,66,37,54.5
15386,64,31,54.604166666666664
15387,67,35,55.958333333333336
15388,67,41,55.770833333333336
15389,64,45,55.375
15390,69,40,55.416666666666664
15391,68,41,54.833333333333336
15392,67,46,57.270833333333336
15393,66,35,55.041666666666664
15394,69,43,55.5625
15395,64,39,54.020833333333336
15396,65,47,55.145833333333336
15397,63,41,54.375
15398,69,44,55.4375
15399,65,43,53.8125
15400,66,37,54.354166666666664
15401,66,37,55.145833333333336
15402,67,42,55.0625
15403,71,39,54.729166666666664
15404,68,37,55.729166666666664
15405,64,36,54.041666666666664
15406,69,41,55.3125
15407,68,31,55.041666666666664
15408,67,36,55.416666666666664
15409,66,40,54.729166666666664
15410,67,44,55.416666666666664
15411,67,42,55.666666666666664
15412,68,15,54.479166666666664
15413,65,37,54.75
15414,69,40,55.270833333333336
15415,65,27,53.416666666666664
15416,68,42,54.458333333333336
15417,65,30,55.416666666666664
15418,68,44,54.395833333333336
15419,64,38,54.0625
15420,68,35,53.645833333333336
15421,66,39,56.875
15422,66,35,54.375
15423,68,27,54.958333333333336
15424,71,38,55.333333333333336
15425,68,32,55.6875
15426,72,35,55.479166666666664
15427,66,43,55.854166666666664
15428,64,42,53.3125
15429,63,39,53.979166666666664
15430,64,42,54.604166666666664
15431,74,43,56.083333333333336
15432,68,39,55.5
15433,67,44,55.625
15434,68,43,55.645833333333336
15435,68,23,54.375
15436,65,22,53.125
15437,68,46,56.041666666666664
15438,66,43,55.104166666666664
15439,66,31,54.145833333333336
15440,66,40,54.645833333333336
15441,65,39,54.4375
15442,65,35,53.666666666666664
15443,67,43,54.604166666666664
15444,64,45,56.3125
15445,65,41,54.9375
15446,68,46,55.395833333333336
15447,75,34,56.4375
15448,70,37,56.0
15449,69,27,55.020833333333336
15450,65,38,54.520833333333336
15451,69,27,54.645833333333336
15452,70,42,55.4375
15453,65,44,55.145833333333336
15454,63,32,55.979166666666664
15455,67,36,52.9375
15456,69,46,55.5625
15457,66,41,55.25
15458,65,26,53.520833333333336
15459,64,46,55.083333333333336
15460,68,31,55.395833333333336
15461,64,33,54.520833333333336
15462,65,39,54.875
15463,63,36,54.208333333333336
15464,66,41,55.020833333333336
15465,71,32,54.104166666666664
15466,64,34,53.041666666666664
15467,65,38,55.0
15468,70,44,54.125
15469,66,38,55.125
15470,67,44,55.479166666666664
15471,71,18,54.25
15472,67,38,54.833333333333336
15473,68,40,55.458333333333336
15474,70,40,56.166666666666664
15475,69,43,54.979166666666664
15476,64,36,54.479166666666664
15477,68,40,53.791666666666664
15478,64,39,54.541666666666664
15479,62,38,54.895833333333336
15480,71,39,54.479166666666664
15481,66,45,55.395833333333336
15482,68,43,57.020833333333336
15483,65,41,55.625
15484,64,41,55.5
15485,66,39,55.1875
15486,68,44,54.125
15487,69,39,54.416666666666664
15488,66,37,54.833333333333336
15489,69,40,55.5
15490,66,41,53.6875
15491,70,46,55.395833333333336
15492,76,42,55.854166666666664
15493,64,44,54.729166666666664
15494,63,45,54.8125
15495,67,33,54.875
15496,66,31,54.041666666666664
15497,65,38,54.6875
15498,63,29,52.770833333333336
15499,68,36,53.979166666666664
15500,68,40,56.1875
15501,65,39,53.458333333333336
15502,67,25,53.854166666666664
15503,62,45,54.291666666666664
15504,69,40,53.770833333333336
15505,66,45,55.666666666666664
15506,64,42,53.645833333333336
15507,66,39,55.541666666666664
15508,70,36,54.041666666666664
15509,65,32,55.1875
15510,65,39,54.895833333333336
15511,64,35,55.354166666666664
15512,65,40,53.729166666666664
15513,69,44,56.333333333333336
15514,67,44,54.1875
15515,66,43,55.291666666666664
15516,66,44,55.604166666666664
15517,68,44,54.916666666666664
15518,68,41,53.75
15519,65,23,53.458333333333336
15520,67,40,55.708333333333336
15521,65,34,54.270833333333336
15522,67,37,55.020833333333336
15523,67,37,53.916666666666664
15524,65,40,54.895833333333336
15525,63,38,55.583333333333336
15526,64,45,55.104166666666664
15527,69,41,55.020833333333336
15528,66,43,53.770833333333336
15529,64,31,54.0625
15530,68,37,56.645833333333336
15531,67,45,56.229166666666664
15532,70,20,52.5625
15533,65,30,53.145833333333336
15534,68,35,54.979166666666664
15535,68,41,54.270833333333336
15536,64,46,55.4375
15537,68,35,54.354166666666664
15538,67,47,56.1875
15539,63,30,53.5625
15540,66,36,53.333333333333336
15541,66,41,55.354166666666664
15542,69,28,56.479166666666664
15543,64,33,53.625
15544,63,18,52.729166666666664
15545,62,37,54.375
15546,62,42,52.979166666666664
15547,64,40,53.645833333333336
15548,64,47,55.666666666666664
15549,62,39,54.020833333333336
15550,63,42,55.020833333333336
15551,66,42,55.1875
15552,68,38,52.895833333333336
15553,68,29,55.125
15554,66,31,52.0
15555,65,41,54.895833333333336
15556,67,22,53.083333333333336
15557,65,37,54.3125
15558,65,36,54.291666666666664
15559,65,39,54.604166666666664
15560,66,39,52.604166666666664
15561,63,37,54.479166666666664
15562,67,29,54.020833333333336
15563,66,36,53.8125
15564,66,34,53.895833333333336
15565,65,24,54.4375
15566,71,37,54.875
15567,67,41,53.895833333333336
15568,66,40,53.145833333333336
15569,65,44,55.854166666666664
15570,67,38,54.208333333333336
15571,67,40,55.9375
15572,66,30,55.229166666666664
15573,70,46,55.8125
15574,67,39,55.104166666666664
15575,66,34,56.645833333333336
15576,64,44,53.979166666666664
15577,68,38,55.0625
15578,64,35,53.291666666666664
15579,68,40,56.3125
15580,64,45,54.75
15581,67,33,55.145833333333336
15582,67,41,54.5625
15583,67,39,55.520833333333336
15584,64,39,55.375
15585,63,40,53.958333333333336
15586,70,24,53.895833333333336
15587,70,27,54.604166666666664
15588,67,45,55.6875
15589,65,33,54.229166666666664
15590,64,43,54.770833333333336
15591,67,43,55.208333333333336
15592,64,39,55.083333333333336
15593,65,41,54.854166666666664
15594,67,48,57.208333333333336
15595,67,38,54.583333333333336
15596,65,21,53.8125
15597,65,36,53.583333333333336
15598,66,42,55.708333333333336
15599,65,14,53.541666666666664
15600,69,41,54.125
15601,70,40,56.6875
15602,65,42,55.083333333333336
15603,64,44,55.458333333333336
15604,65,30,54.3125
15605,64,39,55.333333333333336
15606,69,42,55.395833333333336
15607,65,45,55.166666666666664
15608,68,42,55.229166666666664
15609,70,49,56.583333333333336
15610,65,34,55.125
15611,69,28,55.729166666666664
15612,64,41,54.625
15613,66,43,55.5
15614,71,39,54.25
15615,64,44,54.833333333333336
15616,63,45,55.416666666666664
15617,64,36,54.416666666666664
15618,65,46,55.979166666666664
15619,65,35,56.75
15620,63,40,53.895833333333336
15621,64,43,55.020833333333336
15622,65,46,54.979166666666664
15623,63,46,55.708333333333336
15624,69,38,54.395833333333336
15625,65,44,54.458333333333336
15626,63,38,54.145833333333336
15627,67,47,56.833333333333336
15628,63,37,54.416666666666664
15629,68,24,54.895833333333336
15630,66,28,54.395833333333336
15631,64,40,54.9375
15632,64,43,54.520833333333336
15633,66,21,55.3125
15634,67,42,55.145833333333336
15635,65,39,53.979166666666664
15636,68,38,53.4375
15637,63,42,55.520833333333336
15638,65,33,54.666666666666664
15639,68,39,53.916666666666664
15640,64,34,54.520833333333336
15641,63,46,54.791666666666664
15642,63,44,54.8125
15643,64,48,56.1875
15644,65,27,54.5625
15645,64,44,55.9375
15646,64,39,54.708333333333336
15647,66,46,55.583333333333336
15648,65,38,53.375
15649,67,45,56.583333333333336
15650,69,46,55.5625
15651,66,42,55.479166666666664
15652,65,45,55.791666666666664
15653,65,47,55.833333333333336
15654,68,43,55.458333333333336
15655,63,27,54.458333333333336
15656,64,41,54.645833333333336
15657,66,47,54.375
15658,67,38,54.729166666666664
15659,66,44,54.5625
15660,71,37,55.083333333333336
15661,68,34,54.166666666666664
15662,67,43,54.166666666666664
15663,69,43,54.5
15664,66,40,54.729166666666664
15665,67,33,55.375
15666,71,43,55.854166666666664
15667,69,23,55.229166666666664
15668,68,46,55.875
15669,68,47,56.395833333333336
15670,63,41,53.875
15671,66,47,54.104166666666664
15672,66,34,54.666666666666664
15673,67,22,55.583333333333336
15674,64,43,54.708333333333336
15675,67,36,53.854166666666664
15676,65,38,54.583333333333336
15677,65,42,55.229166666666664
15678,65,35,54.229166666666664
15679,66,40,54.354166666666664
15680,66,43,56.1875
15681,67,48,56.270833333333336
15682,69,15,55.041666666666664
15683,71,34,53.6875
15684,67,36,56.145833333333336
15685,69,43,55.145833333333336
15686,67,44,54.0625
15687,66,13,54.1875
15688,66,36,55.3125
15689,63,46,54.520833333333336
15690,63,39,53.6875
15691,69,41,55.166666666666664
15692,65,36,53.6875
15693,65,30,54.375
15694,66,43,56.5
15695,65,32,54.979166666666664
15696,68,30,54.041666666666664
15697,68,47,56.208333333333336
15698,69,31,55.4375
15699,65,47,54.854166666666664
15700,64,40,53.9375
15701,66,47,55.854166666666664
15702,65,39,54.395833333333336
15703,65,40,54.729166666666664
15704,65,39,53.854166666666664
15705,65,33,54.145833333333336
15706,64,42,55.083333333333336
15707,66,40,54.708333333333336
15708,69,44,54.791666666666664
15709,69,43,55.520833333333336
15710,66,43,54.541666666666664
15711,69,41,55.0
15712,68,34,53.958333333333336
15713,68,44,54.625
15714,67,35,54.645833333333336
15715,67,38,54.333333333333336
15716,67,36,54.395833333333336
15717,67,40,54.729166666666664
15718,66,40,53.145833333333336
15719,65,42,53.895833333333336
15720,66,42,55.458333333333336
15721,63,45,54.166666666666664
15722,70,34,55.520833333333336
15723,65,42,54.625
15724,66,45,55.145833333333336
15725,64,44,55.020833333333336
15726,66,36,54.604166666666664
15727,67,42,55.104166666666664
15728,64,40,54.666666666666664
15729,66,43,56.166666666666664
15730,65,45,55.479166666666664
15731,71,38,53.104166666666664
15732,67,28,54.3125
15733,70,43,53.5
15734,67,35,55.125
15735,68,42,55.041666666666664
15736,66,38,54.770833333333336
15737,65,43,55.6875
15738,67,40,55.145833333333336
15739,68,33,56.375
15740,65,37,54.145833333333336
15741,67,48,55.25
15742,65,45,55.8125
15743,65,44,54.5625
15744,69,41,54.770833333333336
15745,65,39,54.770833333333336
15746,68,43,55.229166666666664
15747,67,44,55.625
15748,67,44,56.270833333333336
15749,69,43,55.9375
15750,65,27,55.520833333333336
15751,65,32,55.229166666666664
15752,69,33,55.104166666666664
15753,68,41,55.458333333333336
15754,66,35,53.854166666666664
15755,66,41,56.5625
15756,64,47,56.0
15757,70,44,56.770833333333336
15758,66,45,54.416666666666664
15759,68,42,54.229166666666664
15760,64,42,55.291666666666664
15761,66,43,55.708333333333336
15762,65,43,54.875
15763,66,36,55.125
15764,67,36,54.6875
15765,67,29,55.8125
15766,63,42,54.645833333333336
15767,63,31,53.770833333333336
15768,65,44,55.854166666666664
15769,65,46,54.833333333333336
15770,66,45,54.770833333333336
15771,65,41,55.833333333333336
15772,65,47,56.0
15773,65,38,54.104166666666664
15774,67,45,56.479166666666664
15775,67,32,54.958333333333336
15776,69,40,55.5625
15777,68,45,54.9375
15778,70,38,54.395833333333336
15779,67,26,54.125
15780,65,43,54.6875
15781,66,32,53.229166666666664
15782,68,42,56.020833333333336
15783,69,47,55.916666666666664
15784,64,23,54.875
15785,64,33,54.916666666666664
15786,65,42,54.291666666666664
15787,68,44,55.291666666666664
15788,63,45,54.75
15789,67,28,54.6875
15790,67,40,54.625
15791,69,45,55.520833333333336
15792,64,39,54.270833333333336
15793,68,37,53.583333333333336
15794,63,38,53.729166666666664
15795,70,44,54.5
15796,65,43,55.916666666666664
15797,68,43,55.104166666666664
15798,66,43,55.854166666666664
15799,66,35,54.708333333333336
15800,69,46,56.0625
15801,67,38,54.833333333333336
15802,71,43,55.6875
15803,63,44,55.6875
15804,65,45,56.166666666666664
15805,69,45,57.416666666666664
15806,67,39,54.875
15807,66,45,54.75
15808,64,24,55.291666666666664
15809,70,43,56.041666666666664
15810,65,44,54.666666666666664
15811,65,29,52.854166666666664
15812,72,38,55.583333333333336
15813,68,36,55.25
15814,65,42,54.25
15815,68,44,55.9375
15816,64,42,54.416666666666664
15817,65,41,55.708333333333336
15818,65,40,55.208333333333336
15819,71,18,54.583333333333336
15820,64,40,55.833333333333336
15821,69,46,55.291666666666664
15822,64,45,54.229166666666664
15823,66,44,54.791666666666664
15824,66,39,54.666666666666664
15825,67,42,54.916666666666664
15826,66,43,55.833333333333336
15827,69,40,55.3125
15828,67,44,55.375
15829,67,42,55.145833333333336
15830,67,45,55.6875
15831,69,42,54.833333333333336
15832,64,46,55.395833333333336
15833,65,38,54.645833333333336
15834,65,39,53.479166666666664
15835,64,41,54.020833333333336
15836,72,27,54.770833333333336
15837,68,34,55.1875
15838,67,47,55.666666666666664
15839,69,38,54.1875
15840,66,47,55.75
15841,68,45,55.875
15842,68,43,55.229166666666664
15843,69,44,55.958333333333336
15844,67,42,54.875
15845,67,34,54.083333333333336
15846,71,36,55.4375
15847,69,43,55.083333333333336
15848,65,44,53.166666666666664
15849,64,43,55.375
15850,64,27,54.354166666666664
15851,63,34,54.041666666666664
15852,69,37,55.1875
15853,66,44,55.583333333333336
15854,64,43,54.666666666666664
15855,64,41,54.416666666666664
15856,65,45,56.0
15857,64,44,54.958333333333336
15858,67,46,56.9375
15859,69,42,55.375
15860,69,32,55.0625
15861,67,46,56.541666666666664
15862,70,27,56.5
15863,69,43,56.625
15864,65,41,55.125
15865,68,31,54.645833333333336
15866,66,46,55.895833333333336
15867,66,37,54.770833333333336
15868,64,28,53.645833333333336
15869,67,45,55.375
15870,69,33,55.229166666666664
15871,63,45,54.958333333333336
15872,65,42,53.729166666666664
15873,65,41,54.416666666666664
15874,67,43,54.5
15875,66,38,54.583333333333336
15876,69,43,55.25
15877,68,37,55.020833333333336
15878,65,43,54.979166666666664
15879,71,45,55.4375
15880,66,47,56.270833333333336
15881,65,40,55.520833333333336
15882,65,38,53.875
15883,69,40,56.104166666666664
15884,67,46,55.0625
15885,64,41,55.645833333333336
15886,66,36,55.604166666666664
15887,68,48,57.0625
15888,64,39,54.354166666666664
15889,65,34,55.3125
15890,64,42,55.875
15891,68,43,55.520833333333336
15892,66,42,55.229166666666664
15893,63,40,55.291666666666664
15894,66,42,54.875
15895,64,43,54.1875
15896,65,44,54.791666666666664
15897,68,38,55.125
15898,65,39,54.395833333333336
15899,62,17,52.791666666666664
15900,74,35,56.0
15901,65,46,55.3125
15902,65,46,55.6875
15903,64,43,54.979166666666664
15904,69,42,55.979166666666664
15905,68,44,55.770833333333336
15906,66,44,55.916666666666664
15907,66,40,54.8125
15908,66,50,55.9375
15909,63,39,54.708333333333336
15910,65,37,53.395833333333336
15911,66,38,55.041666666666664
15912,63,43,54.145833333333336
15913,66,35,54.979166666666664
15914,68,35,53.770833333333336
15915,64,35,54.75
15916,63,38,53.770833333333336
15917,66,39,52.208333333333336
15918,64,41,54.9375
15919,70,33,54.333333333333336
15920,67,36,53.583333333333336
15921,65,27,54.3125
15922,67,45,55.375
15923,66,36,54.833333333333336
15924,68,43,54.1875
15925,64,32,54.520833333333336
15926,70,37,54.708333333333336
15927,73,39,54.229166666666664
15928,67,42,54.9375
15929,65,33,55.0
15930,64,41,54.541666666666664
15931,67,40,55.145833333333336
15932,69,38,55.208333333333336
15933,63,33,52.75
15934,66,44,56.291666666666664
15935,66,42,55.666666666666664
15936,67,41,55.520833333333336
15937,67,42,56.4375
15938,66,34,53.666666666666664
15939,68,35,55.5625
15940,66,39,54.291666666666664
15941,68,36,54.458333333333336
15942,63,33,53.4375
15943,72,46,54.979166666666664
15944,62,42,55.020833333333336
15945,70,29,55.125
15946,73,47,56.125
15947,71,27,55.520833333333336
15948,62,44,55.25
15949,70,42,55.9375
15950,66,41,54.75
15951,69,17,54.458333333333336
15952,65,43,55.020833333333336
15953,69,47,55.375
15954,64,37,54.895833333333336
15955,64,36,54.854166666666664
15956,71,43,55.625
15957,65,46,55.645833333333336
15958,66,37,55.541666666666664
15959,69,21,54.458333333333336
15960,64,46,55.208333333333336
15961,68,46,55.479166666666664
15962,66,42,55.416666666666664
15963,67,30,53.9375
15964,68,44,56.916666666666664
15965,67,40,55.291666666666664
15966,64,42,55.875
15967,65,45,55.5
15968,64,41,54.458333333333336
15969,70,36,55.145833333333336
15970,68,44,55.583333333333336
15971,64,35,54.625
15972,63,38,55.208333333333336
15973,68,33,54.479166666666664
15974,68,43,55.020833333333336
15975,66,32,54.625
15976,72,40,55.354166666666664
15977,68,44,56.729166666666664
15978,68,46,55.5625
15979,67,38,54.9375
15980,66,40,55.208333333333336
15981,65,45,55.25
15982,64,40,54.208333333333336
15983,68,46,56.0
15984,65,39,56.583333333333336
15985,64,40,54.979166666666664
15986,75,39,54.9375
15987,66,48,56.0
15988,65,45,55.708333333333336
15989,67,42,55.708333333333336
15990,67,41,55.416666666666664
15991,70,37,55.041666666666664
15992,64,45,55.083333333333336
15993,68,39,54.541666666666664
15994,66,40,56.354166666666664
15995,65,42,54.541666666666664
15996,71,44,54.354166666666664
15997,66,40,54.333333333333336
15998,62,33,55.291666666666664
15999,66,40,55.395833333333336
16000,67,33,56.1875
16001,66,45,55.333333333333336
16002,69,37,54.4375
16003,69,46,56.833333333333336
16004,69,42,56.395833333333336
16005,67,41,55.520833333333336
16006,67,45,54.791666666666664
16007,67,40,55.166666666666664
16008,66,42,55.354166666666664
16009,65,25,54.479166666666664
16010,68,42,55.479166666666664
16011,65,42,55.020833333333336
16012,69,37,55.729166666666664
16013,68,35,55.729166666666664
16014,66,41,55.458333333333336
16015,66,37,55.875
16016,64,46,54.770833333333336
16017,69,41,55.75
16018,67,41,54.833333333333336
16019,67,46,56.5625
16020,69,45,56.166666666666664
16021,65,33,54.645833333333336
16022,64,42,54.666666666666664
16023,64,42,55.458333333333336
16024,66,41,56.25
16025,64,41,55.5625
16026,69,48,54.708333333333336
16027,67,45,56.020833333333336
16028,64,38,53.104166666666664
16029,67,44,55.520833333333336
16030,67,47,56.104166666666664
16031,67,32,55.6875
16032,66,43,54.854166666666664
16033,66,31,55.0
16034,65,36,54.833333333333336
16035,66,41,55.708333333333336
16036,67,43,55.166666666666664
16037,66,43,56.291666666666664
16038,66,38,54.875
16039,66,37,55.229166666666664
16040,69,44,56.020833333333336
16041,63,39,53.020833333333336
16042,66,39,55.166666666666664
16043,63,44,54.916666666666664
16044,67,42,55.1875
16045,67,42,55.458333333333336
16046,67,41,55.708333333333336
16047,69,40,54.083333333333336
16048,64,40,54.479166666666664
16049,65,35,54.958333333333336
16050,64,43,56.041666666666664
16051,67,27,54.104166666666664
16052,64,32,53.041666666666664
16053,66,29,53.9375
16054,65,40,54.9375
16055,67,44,54.583333333333336
16056,63,40,54.604166666666664
16057,67,38,53.8125
16058,65,41,54.916666666666664
16059,70,38,54.979166666666664
16060,63,39,55.354166666666664
16061,69,44,55.9375
16062,66,43,54.333333333333336
16063,67,32,53.791666666666664
16064,66,40,54.854166666666664
16065,63,39,54.5
16066,69,43,55.4375
16067,70,28,53.9375
16068,69,46,56.0
16069,63,38,54.125
16070,65,38,55.375
16071,63,44,53.083333333333336
16072,64,45,55.520833333333336
16073,69,45,55.5
16074,65,44,54.625
16075,65,47,55.5625
16076,66,38,54.770833333333336
16077,67,47,55.395833333333336
16078,67,44,55.708333333333336
16079,70,43,56.0
16080,68,33,54.583333333333336
16081,68,42,56.479166666666664
16082,67,46,55.375
16083,66,30,54.5625
16084,68,43,56.208333333333336
16085,64,34,54.916666666666664
16086,67,44,55.333333333333336
16087,65,36,54.979166666666664
16088,70,44,55.1875
16089,65,31,54.1875
16090,66,36,54.520833333333336
16091,63,35,55.0625
16092,67,19,55.104166666666664
16093,63,44,54.354166666666664
16094,70,16,54.729166666666664
16095,72,41,56.333333333333336
16096,66,45,57.104166666666664
16097,69,42,55.854166666666664
16098,68,46,56.104166666666664
16099,62,38,55.25
16100,65,45,55.708333333333336
16101,66,43,55.083333333333336
16102,65,38,54.354166666666664
16103,66,43,54.395833333333336
16104,64,45,54.520833333333336
16105,67,43,55.1875
16106,69,45,56.020833333333336
16107,66,31,55.791666666666664
16108,65,41,55.395833333333336
16109,67,42,54.541666666666664
16110,63,42,55.25
16111,62,43,54.4375
16112,68,43,56.270833333333336
16113,66,38,55.041666666666664
16114,64,20,53.416666666666664
16115,67,32,56.041666666666664
16116,68,45,56.0
16117,65,29,54.875
16118,64,44,56.0625
16119,63,41,54.041666666666664
16120,68,41,54.041666666666664
16121,65,41,54.916666666666664
16122,67,26,53.875
16123,70,27,52.458333333333336
16124,71,42,54.6875
16125,65,26,55.229166666666664
16126,70,44,55.625
16127,65,40,54.708333333333336
16128,68,31,54.458333333333336
16129,70,43,55.541666666666664
16130,66,47,55.0
16131,67,31,53.479166666666664
16132,70,31,54.583333333333336
16133,68,46,55.208333333333336
16134,65,35,55.020833333333336
16135,66,38,55.3125
16136,65,41,54.1875
16137,66,31,52.395833333333336
16138,63,41,54.25
16139,64,42,55.229166666666664
16140,63,45,55.333333333333336
16141,66,38,54.520833333333336
16142,67,28,54.145833333333336
16143,65,41,54.208333333333336
16144,66,46,54.833333333333336
16145,70,47,55.75
16146,66,43,54.541666666666664
16147,69,28,54.5
16148,65,38,55.0625
16149,68,38,54.979166666666664
16150,65,36,54.708333333333336
16151,65,41,55.104166666666664
16152,65,26,54.354166666666664
16153,66,44,56.354166666666664
16154,68,32,55.583333333333336
16155,64,35,53.770833333333336
16156,66,40,54.9375
16157,68,17,54.541666666666664
16158,70,48,56.583333333333336
16159,65,28,54.541666666666664
16160,64,24,54.916666666666664
16161,66,45,55.75
16162,69,28,54.958333333333336
16163,65,46,55.5
16164,67,45,55.291666666666664
16165,65,46,55.583333333333336
16166,65,48,56.666666666666664
16167,63,33,54.791666666666664
16168,66,41,54.625
16169,67,26,54.3125
16170,66,29,54.833333333333336
16171,65,38,54.75
16172,65,37,54.25
16173,66,39,55.25
16174,64,41,53.166666666666664
16175,66,45,56.416666666666664
16176,70,40,55.833333333333336
16177,68,49,56.333333333333336
16178,65,28,54.75
16179,69,41,55.541666666666664
16180,63,40,55.0625
16181,72,44,55.75
16182,64,43,55.125
16183,67,44,55.166666666666664
16184,64,46,56.5
16185,66,40,54.729166666666664
16186,66,42,54.6875
16187,67,47,55.8125
16188,64,31,54.854166666666664
16189,68,47,56.270833333333336
16190,65,37,53.979166666666664
16191,65,43,55.145833333333336
16192,66,43,55.625
16193,63,47,55.083333333333336
16194,64,44,55.354166666666664
16195,66,44,54.729166666666664
16196,66,38,55.791666666666664
16197,67,41,55.25
16198,67,41,55.666666666666664
16199,70,45,56.770833333333336
16200,66,45,54.854166666666664
16201,67,37,54.083333333333336
16202,65,42,54.5625
16203,67,41,54.895833333333336
16204,67,46,56.8125
16205,64,42,54.770833333333336
16206,65,39,55.520833333333336
16207,65,44,55.833333333333336
16208,68,44,54.25
16209,66,44,56.125
16210,66,38,55.4375
16211,66,39,55.104166666666664
16212,69,40,56.458333333333336
16213,65,33,54.625
16214,65,46,57.416666666666664
16215,65,47,55.833333333333336
16216,65,37,54.4375
16217,67,29,54.416666666666664
16218,65,26,53.75
16219,68,43,54.645833333333336
16220,64,47,55.3125
16221,68,46,55.0
16222,67,42,55.708333333333336
16223,68,40,54.916666666666664
16224,64,42,54.9375
16225,65,28,54.3125
16226,68,42,55.729166666666664
16227,65,48,55.395833333333336
16228,68,46,56.875
16229,64,42,55.0
16230,66,42,54.5625
16231,68,48,57.041666666666664
16232,64,41,55.354166666666664
16233,67,43,55.354166666666664
16234,67,43,56.1875
16235,68,44,56.708333333333336
16236,69,29,56.166666666666664
16237,65,37,55.145833333333336
16238,67,25,54.8125
16239,67,43,55.916666666666664
16240,66,44,55.3125
16241,66,47,54.666666666666664
16242,71,40,56.25
16243,64,43,55.541666666666664
16244,65,26,54.041666666666664
16245,68,45,55.645833333333336
16246,73,46,55.125
16247,67,42,55.395833333333336
16248,66,42,54.791666666666664
16249,65,46,55.020833333333336
16250,66,46,56.416666666666664
16251,67,32,56.479166666666664
16252,69,41,56.583333333333336
16253,64,37,55.520833333333336
16254,64,44,54.583333333333336
16255,67,43,54.166666666666664
16256,65,43,55.5
16257,63,41,52.645833333333336
16258,70,41,54.708333333333336
16259,71,45,55.145833333333336
16260,65,46,55.4375
16261,66,30,54.895833333333336
16262,65,48,56.3125
16263,67,46,55.1875
16264,66,35,55.1875
16265,67,40,56.291666666666664
16266,68,43,54.25
16267,65,45,56.75
16268,64,42,55.145833333333336
16269,66,47,56.0
16270,67,41,55.9375
16271,66,20,55.354166666666664
16272,70,45,56.520833333333336
16273,69,41,54.604166666666664
16274,67,46,55.3125
16275,64,46,55.5625
16276,67,34,54.270833333333336
16277,65,39,53.833333333333336
16278,63,41,54.270833333333336
16279,69,44,55.375
16280,67,47,56.3125
16281,67,25,53.75
16282,66,45,54.979166666666664
16283,64,40,55.666666666666664
16284,69,43,55.708333333333336
16285,65,47,54.854166666666664
16286,64,29,53.583333333333336
16287,67,37,55.291666666666664
16288,68,32,56.583333333333336
16289,69,32,54.020833333333336
16290,68,38,54.583333333333336
16291,68,35,54.583333333333336
16292,64,36,53.9375
16293,67,37,55.020833333333336
16294,67,33,53.375
16295,68,44,54.0
16296,64,39,53.375
16297,66,36,54.625
16298,65,30,53.708333333333336
16299,68,41,55.458333333333336
16300,68,42,55.145833333333336
16301,64,40,55.4375
16302,69,38,55.270833333333336
16303,66,35,54.520833333333336
16304,62,32,54.083333333333336
16305,70,40,55.25
16306,65,44,55.875
16307,63,45,54.6875
16308,64,30,53.125
16309,69,46,56.0
16310,66,27,52.583333333333336
16311,65,38,54.1875
16312,62,33,53.645833333333336
16313,63,44,54.104166666666664
16314,64,42,54.208333333333336
16315,68,47,55.708333333333336
16316,73,40,55.395833333333336
16317,63,43,54.770833333333336
16318,65,39,55.833333333333336
16319,64,39,54.791666666666664
16320,67,42,55.625
16321,65,35,54.604166666666664
16322,68,35,55.479166666666664
16323,66,43,55.3125
16324,67,29,54.25
16325,68,41,55.541666666666664
16326,65,25,54.145833333333336
16327,64,45,55.25
16328,66,44,55.791666666666664
16329,65,45,55.395833333333336
16330,64,46,55.395833333333336
16331,64,35,55.958333333333336
16332,69,38,56.291666666666664
16333,68,44,53.4375
16334,72,42,55.479166666666664
16335,66,39,54.395833333333336
16336,67,37,54.833333333333336
16337,67,39,56.125
16338,66,22,54.4375
16339,62,46,55.291666666666664
16340,69,44,54.854166666666664
16341,70,45,57.0
16342,70,43,56.208333333333336
16343,68,43,55.895833333333336
16344,65,40,54.416666666666664
16345,67,41,56.791666666666664
16346,68,43,56.291666666666664
16347,66,42,54.291666666666664
16348,70,36,53.3125
16349,70,34,54.854166666666664
16350,65,44,56.3125
16351,64,42,54.833333333333336
16352,67,43,55.541666666666664
16353,67,47,55.520833333333336
16354,67,42,55.1875
16355,66,39,55.5
16356,69,45,54.833333333333336
16357,67,42,55.875
16358,63,42,54.5625
16359,66,45,56.145833333333336
16360,66,33,54.479166666666664
16361,66,38,55.916666666666664
16362,66,34,54.625
16363,66,38,54.666666666666664
16364,67,26,54.791666666666664
16365,67,42,55.0625
16366,69,32,54.395833333333336
16367,63,41,54.333333333333336
16368,68,36,55.6875
16369,64,47,55.145833333333336
16370,63,46,55.854166666666664
16371,66,43,54.875
16372,65,29,53.354166666666664
16373,68,35,54.229166666666664
16374,65,37,55.583333333333336
16375,69,42,55.604166666666664
16376,68,43,55.020833333333336
16377,67,32,55.729166666666664
16378,65,40,54.729166666666664
16379,68,45,55.916666666666664
16380,67,24,53.5
16381,68,45,56.125
16382,65,44,55.770833333333336
16383,67,37,55.729166666666664
16384,68,39,53.833333333333336
16385,64,28,53.895833333333336
16386,62,29,54.708333333333336
16387,64,21,54.875
16388,69,40,55.25
16389,65,41,55.333333333333336
16390,65,33,51.833333333333336
16391,66,39,52.979166666666664
16392,65,31,53.770833333333336
16393,66,42,54.583333333333336
16394,67,41,55.770833333333336
16395,66,43,54.895833333333336
16396,66,46,55.083333333333336
16397,65,41,54.625
16398,66,26,54.1875
16399,64,46,55.833333333333336
16400,65,25,54.166666666666664
16401,65,33,55.104166666666664
16402,68,28,53.333333333333336
16403,65,45,56.375
16404,67,41,55.3125
16405,67,24,55.229166666666664
16406,67,27,55.0625
16407,67,40,55.645833333333336
16408,73,40,55.0
16409,71,37,54.3125
16410,69,30,54.208333333333336
16411,66,44,55.020833333333336
16412,66,22,54.291666666666664
16413,65,36,54.354166666666664
16414,66,16,52.166666666666664
16415,69,35,53.854166666666664
16416,65,36,53.5625
16417,65,33,54.9375
16418,63,26,55.5
16419,70,41,55.041666666666664
16420,66,43,55.895833333333336
16421,63,43,55.395833333333336
16422,66,40,54.75
16423,67,40,55.229166666666664
16424,64,41,54.5625
16425,65,31,55.3125
16426,68,42,55.1875
16427,66,38,54.875
16428,68,46,55.604166666666664
16429,68,45,57.208333333333336
16430,63,41,54.770833333333336
16431,66,44,55.458333333333336
16432,66,31,55.354166666666664
16433,67,41,55.0
16434,63,40,54.791666666666664
16435,70,43,56.333333333333336
16436,66,40,55.458333333333336
16437,66,33,55.020833333333336
16438,66,38,54.583333333333336
16439,66,35,53.979166666666664
16440,65,49,56.6875
16441,66,41,55.395833333333336
16442,64,23,55.041666666666664
16443,64,40,54.979166666666664
16444,68,41,54.875
16445,66,40,55.479166666666664
16446,68,42,55.791666666666664
16447,69,41,54.645833333333336
16448,69,44,56.145833333333336
16449,68,41,54.666666666666664
16450,70,45,55.0
16451,69,29,53.8125
16452,69,38,56.208333333333336
16453,67,39,53.9375
16454,66,46,56.416666666666664
16455,64,47,55.770833333333336
16456,70,44,55.791666666666664
16457,64,37,55.416666666666664
16458,67,43,54.979166666666664
16459,68,40,56.104166666666664
16460,70,38,55.666666666666664
16461,79,45,56.0625
16462,67,38,55.291666666666664
16463,63,39,54.604166666666664
16464,66,42,55.75
16465,64,44,55.541666666666664
16466,67,38,55.25
16467,67,34,54.416666666666664
16468,67,44,56.604166666666664
16469,70,42,54.3125
16470,70,35,56.208333333333336
16471,66,27,54.625
16472,67,41,54.729166666666664
16473,63,38,53.8125
16474,67,29,52.333333333333336
16475,65,30,54.4375
16476,69,43,55.416666666666664
16477,68,41,55.979166666666664
16478,67,38,54.916666666666664
16479,68,42,55.895833333333336
16480,65,38,55.125
16481,69,44,55.854166666666664
16482,66,28,53.958333333333336
16483,66,42,55.104166666666664
16484,64,44,54.083333333333336
16485,70,42,54.25
16486,65,39,54.729166666666664
16487,67,30,54.229166666666664
16488,72,38,55.1875
16489,63,43,55.1875
16490,66,43,54.458333333333336
16491,67,34,54.354166666666664
16492,66,23,54.020833333333336
16493,67,37,55.104166666666664
16494,64,42,54.9375
16495,67,38,53.8125
16496,66,35,55.541666666666664
16497,65,39,54.354166666666664
16498,65,39,54.0
16499,69,46,55.875
16500,65,38,54.3125
16501,63,43,55.0625
16502,64,39,55.083333333333336
16503,68,45,54.729166666666664
16504,67,35,55.104166666666664
16505,64,39,55.229166666666664
16506,66,44,55.229166666666664
16507,64,46,55.458333333333336
16508,68,42,55.458333333333336
16509,66,48,54.895833333333336
16510,64,39,54.770833333333336
16511,68,33,54.791666666666664
16512,72,39,56.333333333333336
16513,65,35,54.729166666666664
16514,68,38,54.854166666666664
16515,66,21,53.5
16516,63,41,54.770833333333336
16517,68,36,53.875
16518,65,39,54.25
16519,68,22,53.854166666666664
16520,69,22,53.104166666666664
16521,66,35,51.625
16522,65,34,54.416666666666664
16523,67,43,55.25
16524,64,41,53.270833333333336
16525,69,22,54.5
16526,64,16,52.875
16527,66,33,54.875
16528,67,32,54.729166666666664
16529,66,26,55.958333333333336
16530,66,14,54.3125
16531,65,44,54.770833333333336
16532,65,30,54.104166666666664
16533,68,15,54.583333333333336
16534,70,40,54.0625
16535,65,40,54.75
16536,65,26,53.916666666666664
16537,62,43,54.395833333333336
16538,66,42,54.291666666666664
16539,67,31,53.75
16540,66,44,55.104166666666664
16541,66,45,55.958333333333336
16542,65,38,54.104166666666664
16543,65,44,54.520833333333336
16544,69,30,55.645833333333336
16545,74,46,56.458333333333336
16546,69,24,54.8125
16547,71,43,56.0
16548,65,45,55.6875
16549,69,45,57.416666666666664
16550,64,32,54.625
16551,66,48,55.229166666666664
16552,62,21,54.0
16553,60,36,53.333333333333336
16554,65,33,54.541666666666664
16555,67,38,55.5
16556,67,47,56.708333333333336
16557,67,47,56.770833333333336
16558,70,43,55.708333333333336
16559,69,22,55.125
16560,71,43,55.75
16561,66,40,54.25
16562,65,43,54.3125
16563,67,41,54.875
16564,70,18,53.416666666666664
16565,66,39,54.895833333333336
16566,64,29,53.1875
16567,68,44,54.541666666666664
16568,67,47,56.541666666666664
16569,66,44,56.0
16570,70,45,55.208333333333336
16571,64,45,55.791666666666664
16572,66,36,55.583333333333336
16573,65,46,55.208333333333336
16574,65,45,55.645833333333336
16575,64,46,54.916666666666664
16576,66,44,56.25
16577,64,44,55.416666666666664
16578,65,43,55.520833333333336
16579,66,36,54.104166666666664
16580,68,43,55.979166666666664
16581,63,44,55.25
16582,67,43,55.333333333333336
16583,65,41,56.104166666666664
16584,64,41,55.020833333333336
16585,63,44,54.645833333333336
16586,66,43,54.791666666666664
16587,67,42,55.520833333333336
16588,66,46,56.395833333333336
16589,66,42,55.916666666666664
16590,67,32,55.520833333333336
16591,66,43,56.270833333333336
16592,64,30,53.875
16593,65,40,54.770833333333336
16594,66,42,55.333333333333336
16595,68,44,54.4375
16596,65,48,55.895833333333336
16597,69,40,55.916666666666664
16598,67,38,54.479166666666664
16599,67,26,55.520833333333336
16600,70,41,54.8125
16601,68,41,54.5
16602,70,43,56.020833333333336
16603,65,42,54.458333333333336
16604,65,29,55.354166666666664
16605,65,35,55.270833333333336
16606,66,43,56.125
16607,63,36,53.833333333333336
16608,66,42,56.208333333333336
16609,64,22,54.770833333333336
16610,66,43,55.770833333333336
16611,68,40,55.104166666666664
16612,70,41,56.833333333333336
16613,68,45,56.020833333333336
16614,66,39,55.1875
16615,65,40,54.666666666666664
16616,64,45,55.916666666666664
16617,65,42,54.333333333333336
16618,64,25,53.3125
16619,65,24,54.375
16620,64,43,54.729166666666664
16621,64,43,55.520833333333336
16622,68,41,55.020833333333336
16623,67,38,55.875
16624,66,41,55.479166666666664
16625,68,20,53.625
16626,66,39,55.3125
16627,64,20,52.604166666666664
16628,69,41,55.8125
16629,64,39,54.645833333333336
16630,66,46,56.145833333333336
16631,67,47,55.145833333333336
16632,65,43,53.958333333333336
16633,62,42,54.125
16634,71,44,56.1875
16635,66,45,55.125
16636,64,43,54.729166666666664
16637,64,36,54.229166666666664
16638,65,47,55.520833333333336
16639,65,44,54.895833333333336
16640,68,38,55.8125
16641,65,38,53.8125
16642,67,41,56.0625
16643,66,32,55.0
16644,67,30,54.645833333333336
16645,64,45,55.270833333333336
16646,66,17,54.479166666666664
16647,65,43,54.770833333333336
16648,65,46,55.9375
16649,65,38,56.291666666666664
16650,67,46,55.041666666666664
16651,65,38,54.708333333333336
16652,67,41,55.583333333333336
16653,68,49,55.895833333333336
16654,66,45,55.0
16655,64,35,55.479166666666664
16656,64,37,56.3125
16657,64,45,55.291666666666664
16658,67,44,54.8125
16659,66,41,53.8125
16660,63,44,55.291666666666664
16661,64,42,55.729166666666664
16662,67,35,54.645833333333336
16663,65,39,54.6875
16664,71,39,56.833333333333336
16665,65,39,55.0
16666,65,38,54.395833333333336
16667,64,45,55.6875
16668,68,33,55.041666666666664
16669,69,43,56.166666666666664
16670,66,43,55.666666666666664
16671,68,49,57.020833333333336
16672,62,40,53.625
16673,69,42,56.0625
16674,65,46,56.645833333333336
16675,66,35,54.520833333333336
16676,69,46,55.895833333333336
16677,66,40,54.791666666666664
16678,64,46,55.354166666666664
16679,64,45,54.895833333333336
16680,63,38,55.479166666666664
16681,67,37,54.541666666666664
16682,65,34,54.625
16683,66,42,55.166666666666664
16684,67,33,55.145833333333336
16685,66,43,56.625
16686,63,40,54.395833333333336
16687,63,43,55.270833333333336
16688,70,42,54.0
16689,65,28,53.625
16690,65,34,54.9375
16691,67,33,54.708333333333336
16692,68,44,55.395833333333336
16693,66,44,55.9375
16694,67,48,56.4375
16695,67,40,53.854166666666664
16696,64,45,55.25
16697,67,46,56.1875
16698,68,41,53.979166666666664
16699,67,36,53.958333333333336
16700,68,36,55.854166666666664
16701,65,26,54.375
16702,69,35,53.625
16703,70,47,55.916666666666664
16704,66,31,55.270833333333336
16705,66,34,54.875
16706,66,38,55.208333333333336
16707,65,39,54.875
16708,64,42,54.729166666666664
16709,68,33,55.333333333333336
16710,65,37,56.0
16711,66,26,54.604166666666664
16712,62,40,53.479166666666664
16713,64,36,54.1875
16714,67,42,55.041666666666664
16715,65,46,56.729166666666664
16716,66,35,54.395833333333336
16717,66,42,55.020833333333336
16718,67,29,54.666666666666664
16719,64,39,54.4375
16720,69,43,54.5625
16721,74,29,54.416666666666664
16722,64,40,54.0
16723,67,37,53.979166666666664
16724,64,39,55.166666666666664
16725,70,45,55.020833333333336
16726,64,43,55.229166666666664
16727,66,38,55.75
16728,64,38,54.270833333333336
16729,69,30,54.0
16730,69,49,56.4375
16731,65,46,55.104166666666664
16732,64,44,54.166666666666664
16733,71,18,54.458333333333336
16734,66,43,55.104166666666664
16735,64,45,55.666666666666664
16736,68,32,54.5
16737,67,50,56.666666666666664
16738,68,35,54.604166666666664
16739,65,37,54.666666666666664
16740,70,44,56.020833333333336
16741,64,42,55.104166666666664
16742,66,47,57.0
16743,69,32,54.729166666666664
16744,64,28,54.5
16745,68,25,55.375
16746,66,38,56.0625
16747,65,25,55.25
16748,65,37,54.1875
16749,64,36,54.958333333333336
16750,67,47,56.6875
16751,64,46,56.5625
16752,65,42,55.270833333333336
16753,68,44,56.291666666666664
16754,67,43,55.479166666666664
16755,64,39,54.791666666666664
16756,64,36,53.4375
16757,66,42,54.4375
16758,65,42,54.375
16759,67,41,55.3125
16760,68,26,54.229166666666664
16761,66,46,56.0
16762,63,42,54.125
16763,64,41,56.479166666666664
16764,67,44,56.166666666666664
16765,68,41,55.875
16766,68,42,55.604166666666664
16767,65,46,55.791666666666664
16768,69,32,55.895833333333336
16769,65,42,54.4375
16770,64,45,55.104166666666664
16771,66,42,54.166666666666664
16772,66,44,55.25
16773,67,45,55.291666666666664
16774,67,35,55.916666666666664
16775,66,46,56.645833333333336
16776,64,41,55.083333333333336
16777,66,19,54.270833333333336
16778,73,25,55.166666666666664
16779,63,46,55.4375
16780,63,39,53.770833333333336
16781,64,40,54.875
16782,70,35,54.083333333333336
16783,66,29,53.979166666666664
16784,69,42,56.5625
16785,68,32,55.208333333333336
16786,66,31,54.041666666666664
16787,67,20,54.125
16788,68,35,54.166666666666664
16789,65,34,54.333333333333336
16790,69,42,56.208333333333336
16791,64,40,54.541666666666664
16792,63,44,54.416666666666664
16793,68,36,55.8125
16794,67,38,54.104166666666664
16795,66,44,54.916666666666664
16796,64,11,52.0
16797,71,44,54.125
16798,63,30,53.625
16799,66,43,55.145833333333336
16800,69,44,55.208333333333336
16801,66,28,54.166666666666664
16802,63,39,54.6875
16803,66,46,56.0625
16804,69,43,54.5625
16805,65,46,56.708333333333336
16806,61,41,53.604166666666664
16807,64,43,55.0625
16808,67,44,55.708333333333336
16809,65,43,54.604166666666664
16810,67,42,55.708333333333336
16811,74,44,55.5625
16812,67,41,55.0
16813,69,44,55.895833333333336
16814,63,46,55.0
16815,65,41,55.604166666666664
16816,67,37,55.4375
16817,65,44,55.020833333333336
16818,68,45,55.333333333333336
16819,66,29,54.0625
16820,65,45,55.125
16821,64,45,54.958333333333336
16822,67,41,56.4375
16823,64,45,56.166666666666664
16824,65,46,55.0625
16825,71,40,54.458333333333336
16826,66,38,55.208333333333336
16827,65,39,54.9375
16828,67,48,56.0
16829,69,45,55.604166666666664
16830,64,46,54.583333333333336
16831,68,36,53.1875
16832,67,32,54.833333333333336
16833,64,44,54.875
16834,68,45,55.666666666666664
16835,67,36,54.4375
16836,69,46,55.479166666666664
16837,68,46,55.8125
16838,73,24,55.708333333333336
16839,64,44,55.645833333333336
16840,68,36,55.375
16841,63,39,53.770833333333336
16842,67,38,54.229166666666664
16843,66,17,52.708333333333336
16844,67,41,54.083333333333336
16845,66,20,54.520833333333336
16846,67,41,53.416666666666664
16847,66,42,56.041666666666664
16848,67,43,55.083333333333336
16849,68,45,55.166666666666664
16850,66,41,55.145833333333336
16851,66,37,54.25
16852,66,46,55.75
16853,68,41,56.375
16854,66,45,55.708333333333336
16855,68,36,54.5
16856,68,33,53.666666666666664
16857,68,33,52.645833333333336
16858,64,45,55.625
16859,65,45,54.3125
16860,70,42,56.0
16861,69,41,55.479166666666664
16862,65,36,54.833333333333336
16863,67,43,54.979166666666664
16864,65,26,54.9375
16865,64,47,54.645833333333336
16866,67,41,55.9375
16867,67,42,55.625
16868,68,42,55.354166666666664
16869,65,38,55.0625
16870,63,45,54.770833333333336
16871,62,16,53.625
16872,66,17,55.125
16873,65,34,54.041666666666664
16874,65,40,55.354166666666664
16875,64,45,56.020833333333336
16876,65,38,55.041666666666664
16877,66,33,54.270833333333336
16878,64,44,54.666666666666664
16879,67,44,55.229166666666664
16880,70,38,55.5
16881,69,39,55.916666666666664
16882,60,43,54.166666666666664
16883,66,47,56.541666666666664
16884,68,41,55.25
16885,65,39,53.729166666666664
16886,70,43,56.020833333333336
16887,65,42,55.104166666666664
16888,68,47,55.3125
16889,62,42,54.375
16890,68,35,55.75
16891,70,38,54.8125
16892,66,49,56.791666666666664
16893,67,46,55.25
16894,69,45,56.416666666666664
16895,66,41,56.145833333333336
16896,63,37,53.9375
16897,67,41,54.791666666666664
16898,66,35,54.0625
16899,68,45,56.666666666666664
16900,68,44,54.291666666666664
16901,66,42,56.333333333333336
16902,63,42,54.479166666666664
16903,68,40,55.9375
16904,67,45,55.666666666666664
16905,62,46,55.645833333333336
16906,65,40,54.916666666666664
16907,66,41,55.0625
16908,64,44,55.708333333333336
16909,65,40,56.333333333333336
16910,68,46,55.9375
16911,64,41,54.645833333333336
16912,69,39,55.125
16913,65,45,55.666666666666664
16914,66,37,56.479166666666664
16915,65,38,56.020833333333336
16916,65,31,53.75
16917,71,38,56.145833333333336
16918,68,34,56.354166666666664
16919,66,43,56.0625
16920,69,45,55.020833333333336
16921,67,46,55.916666666666664
16922,68,45,56.166666666666664
16923,70,40,55.479166666666664
16924,68,46,56.375
16925,63,35,54.520833333333336
16926,64,17,55.416666666666664
16927,64,42,55.0
16928,63,36,55.520833333333336
16929,66,45,56.520833333333336
16930,68,41,55.770833333333336
16931,68,39,54.9375
16932,65,40,54.625
16933,64,34,54.1875
16934,67,41,55.958333333333336
16935,65,43,56.229166666666664
16936,64,45,55.770833333333336
16937,64,44,54.8125
16938,70,43,54.375
16939,65,45,54.604166666666664
16940,68,40,55.4375
16941,69,44,55.416666666666664
16942,64,45,54.708333333333336
16943,65,43,55.125
16944,67,43,55.354166666666664
16945,66,44,54.5
16946,64,39,54.4375
16947,63,41,55.291666666666664
16948,65,44,54.5625
16949,65,35,54.895833333333336
16950,67,43,55.083333333333336
16951,67,47,56.958333333333336
16952,65,46,55.375
16953,68,46,55.5
16954,65,39,56.083333333333336
16955,65,36,54.5625
16956,66,42,54.729166666666664
16957,71,45,55.75
16958,68,38,54.5625
16959,70,44,55.0625
16960,68,45,56.354166666666664
16961,66,39,55.833333333333336
16962,69,43,55.333333333333336
16963,67,44,55.958333333333336
16964,68,44,54.375
16965,71,42,55.25
16966,65,46,55.645833333333336
16967,67,46,56.541666666666664
16968,68,43,56.0625
16969,67,45,55.0625
16970,66,44,54.4375
16971,66,47,56.166666666666664
16972,69,45,56.604166666666664
16973,66,46,55.083333333333336
16974,70,42,55.958333333333336
16975,68,31,55.5625
16976,68,28,54.270833333333336
16977,65,41,53.791666666666664
16978,65,43,54.0
16979,68,42,55.5
16980,64,28,53.875
16981,68,34,54.208333333333336
16982,67,45,55.9375
16983,71,43,55.291666666666664
16984,67,43,55.9375
16985,71,16,55.0625
16986,66,44,54.729166666666664
16987,64,30,55.166666666666664
16988,68,28,54.1875
16989,69,39,54.895833333333336
16990,67,44,55.958333333333336
16991,71,43,55.354166666666664
16992,69,45,55.145833333333336
16993,68,48,56.541666666666664
16994,65,43,54.625
16995,65,36,53.916666666666664
16996,67,32,54.3125
16997,63,40,54.083333333333336
16998,66,43,56.020833333333336
16999,65,36,53.729166666666664
17000,66,46,55.895833333333336
17001,64,47,56.104166666666664
17002,67,31,56.791666666666664
17003,67,36,54.416666666666664
17004,66,41,55.25
17005,63,41,53.395833333333336
17006,70,33,54.145833333333336
17007,67,31,54.375
17008,65,29,54.145833333333336
17009,65,37,54.8125
17010,66,42,55.166666666666664
17011,69,44,55.25
17012,70,43,57.145833333333336
17013,69,40,54.729166666666664
17014,65,35,54.916666666666664
17015,65,40,55.291666666666664
17016,66,41,55.125
17017,66,35,54.416666666666664
17018,64,36,55.1875
17019,67,37,55.1875
17020,64,36,54.916666666666664
17021,64,44,55.229166666666664
17022,62,42,53.729166666666664
